source_path	form	language	context_heading	previous_semantic_markup	final_semantic_markup	index_role_if_promoted	reason
Germanic/docs/lexeme_reports/model_entries/1958-both-bū.model.md	bezen	oe	Reconstruction and comparative evidence	[bezen]{.lex lang=oe}	[`bezen`]{.iv lang=oe sort=bezen role=comparison_form}	comparison_form	promoted to index-bearing semantic evidence
Germanic/docs/lexeme_reports/model_entries/1959-bottom-botm.model.md	botm	oe	Reconstruction and comparative evidence	[botm]{.lex lang=oe}	[`botm`]{.iv lang=oe sort=botm role=comparison_form}	comparison_form	promoted to index-bearing semantic evidence
Germanic/docs/lexeme_reports/model_entries/1959-bottom-botm.model.md	botm	oe	Old English evidence	[botm]{.lex lang=oe}	[`botm`]{.iv lang=oe sort=botm role=comparison_form}	comparison_form	promoted to index-bearing semantic evidence
Germanic/docs/lexeme_reports/model_entries/1959-bottom-botm.model.md	bodan	oe	Old English evidence	[bodan]{.lex lang=oe}	[`bodan`]{.iv lang=oe sort=bodan role=comparison_form}	comparison_form	promoted to index-bearing semantic evidence
Germanic/docs/lexeme_reports/model_entries/1959-bottom-botm.model.md	botm	oe	Old English evidence	[botm]{.lex lang=oe}	[`botm`]{.iv lang=oe sort=botm role=comparison_form}	comparison_form	promoted to index-bearing semantic evidence
Germanic/docs/lexeme_reports/model_entries/1959-bottom-botm.model.md	botm	oe	Development to Old English	[botm]{.lex lang=oe}	[`botm`]{.iv lang=oe sort=botm role=comparison_form}	comparison_form	promoted to index-bearing semantic evidence
Germanic/docs/lexeme_reports/model_entries/1961-bow-bīeġan.model.md	biegan	oe	Reconstruction and comparative evidence	[biegan]{.lex lang=oe}	[`biegan`]{.iv lang=oe sort=biegan role=comparison_form}	comparison_form	promoted to index-bearing semantic evidence
Germanic/docs/lexeme_reports/model_entries/1961-bow-bīeġan.model.md	biegan	oe	Reconstruction and comparative evidence	[biegan]{.lex lang=oe}	[`biegan`]{.iv lang=oe sort=biegan role=comparison_form}	comparison_form	promoted to index-bearing semantic evidence
Germanic/docs/lexeme_reports/model_entries/1979-corn-corn.model.md	corn	oe	Reconstruction and comparative evidence	[corn]{.lex lang=oe}	[`corn`]{.iv lang=oe sort=corn role=comparison_form}	comparison_form	promoted to index-bearing semantic evidence
Germanic/docs/lexeme_reports/model_entries/1979-corn-corn.model.md	corn	oe	Old English evidence	[corn]{.lex lang=oe}	[`corn`]{.iv lang=oe sort=corn role=comparison_form}	comparison_form	promoted to index-bearing semantic evidence
Germanic/docs/lexeme_reports/model_entries/1979-corn-corn.model.md	corn	oe	Development to Old English	[corn]{.lex lang=oe}	[`corn`]{.iv lang=oe sort=corn role=comparison_form}	comparison_form	promoted to index-bearing semantic evidence
Germanic/docs/lexeme_reports/model_entries/1980-cow-cȳ.model.md	cū	oe	Reconstruction and comparative evidence	[cū]{.lex lang=oe}	[`cū`]{.iv lang=oe sort=cu role=comparison_form}	comparison_form	promoted to index-bearing semantic evidence
Germanic/docs/lexeme_reports/model_entries/1980-cow-cȳ.model.md	cū	oe	Old English evidence	[cū]{.lex lang=oe}	[`cū`]{.iv lang=oe sort=cu role=comparison_form}	comparison_form	promoted to index-bearing semantic evidence
Germanic/docs/lexeme_reports/model_entries/1980-cow-cȳ.model.md	cū	oe	Old English evidence	[cū]{.lex lang=oe}	[`cū`]{.iv lang=oe sort=cu role=comparison_form}	comparison_form	promoted to index-bearing semantic evidence
Germanic/docs/lexeme_reports/model_entries/1980-cow-cȳ.model.md	cū(e)	oe	Old English evidence	[cū(e)]{.lex lang=oe}	[`cū(e)`]{.iv lang=oe sort=cue role=comparison_form}	comparison_form	promoted to index-bearing semantic evidence
Germanic/docs/lexeme_reports/model_entries/1980-cow-cȳ.model.md	cūs	oe	Old English evidence	[cūs]{.lex lang=oe}	[`cūs`]{.iv lang=oe sort=cus role=comparison_form}	comparison_form	promoted to index-bearing semantic evidence
Germanic/docs/lexeme_reports/model_entries/1980-cow-cȳ.model.md	cȳ	oe	Old English evidence	[cȳ]{.lex lang=oe}	[`cȳ`]{.iv lang=oe sort=cy role=comparison_form}	comparison_form	promoted to index-bearing semantic evidence
Germanic/docs/lexeme_reports/model_entries/1980-cow-cȳ.model.md	cȳ	oe	Old English evidence	[cȳ]{.lex lang=oe}	[`cȳ`]{.iv lang=oe sort=cy role=comparison_form}	comparison_form	promoted to index-bearing semantic evidence
Germanic/docs/lexeme_reports/model_entries/1980-cow-cȳ.model.md	cȳ	oe	Old English evidence	[cȳ]{.lex lang=oe}	[`cȳ`]{.iv lang=oe sort=cy role=comparison_form}	comparison_form	promoted to index-bearing semantic evidence
Germanic/docs/lexeme_reports/model_entries/1980-cow-cȳ.model.md	cū	oe	Old English evidence	[cū]{.lex lang=oe}	[`cū`]{.iv lang=oe sort=cu role=comparison_form}	comparison_form	promoted to index-bearing semantic evidence
Germanic/docs/lexeme_reports/model_entries/1980-cow-cȳ.model.md	cā	oe	Old English evidence	[cā]{.lex lang=oe}	[`cā`]{.iv lang=oe sort=ca role=comparison_form}	comparison_form	promoted to index-bearing semantic evidence
Germanic/docs/lexeme_reports/model_entries/1980-cow-cȳ.model.md	cȳ	oe	Old English evidence	[cȳ]{.lex lang=oe}	[`cȳ`]{.iv lang=oe sort=cy role=comparison_form}	comparison_form	promoted to index-bearing semantic evidence
Germanic/docs/lexeme_reports/model_entries/1980-cow-cȳ.model.md	cū	oe	Old English evidence	[cū]{.lex lang=oe}	[`cū`]{.iv lang=oe sort=cu role=comparison_form}	comparison_form	promoted to index-bearing semantic evidence
Germanic/docs/lexeme_reports/model_entries/1980-cow-cȳ.model.md	cȳ	oe	Old English evidence	[cȳ]{.lex lang=oe}	[`cȳ`]{.iv lang=oe sort=cy role=comparison_form}	comparison_form	promoted to index-bearing semantic evidence
Germanic/docs/lexeme_reports/model_entries/1980-cow-cȳ.model.md	cā	oe	Old English evidence	[cā]{.lex lang=oe}	[`cā`]{.iv lang=oe sort=ca role=comparison_form}	comparison_form	promoted to index-bearing semantic evidence
Germanic/docs/lexeme_reports/model_entries/1980-cow-cȳ.model.md	cūs	oe	Old English evidence	[cūs]{.lex lang=oe}	[`cūs`]{.iv lang=oe sort=cus role=comparison_form}	comparison_form	promoted to index-bearing semantic evidence
Germanic/docs/lexeme_reports/model_entries/1980-cow-cȳ.model.md	cȳ	oe	Old English evidence	[cȳ]{.lex lang=oe}	[`cȳ`]{.iv lang=oe sort=cy role=comparison_form}	comparison_form	promoted to index-bearing semantic evidence
Germanic/docs/lexeme_reports/model_entries/1980-cow-cȳ.model.md	cȳ	oe	Development to Old English	[cȳ]{.lex lang=oe}	[`cȳ`]{.iv lang=oe sort=cy role=comparison_form}	comparison_form	promoted to index-bearing semantic evidence
Germanic/docs/lexeme_reports/model_entries/1980-cow-cȳ.model.md	cȳ	oe	Development to Old English	[cȳ]{.lex lang=oe}	[`cȳ`]{.iv lang=oe sort=cy role=comparison_form}	comparison_form	promoted to index-bearing semantic evidence
Germanic/docs/lexeme_reports/model_entries/1980-cow-cȳ.model.md	cū	oe	Development to Old English	[cū]{.lex lang=oe}	[`cū`]{.iv lang=oe sort=cu role=comparison_form}	comparison_form	promoted to index-bearing semantic evidence
Germanic/docs/lexeme_reports/model_entries/1980-cow-cȳ.model.md	cū	oe	Paradigm comparison	[cū]{.lex lang=oe}	[`cū`]{.iv lang=oe sort=cu role=comparison_form}	comparison_form	promoted to index-bearing semantic evidence
Germanic/docs/lexeme_reports/model_entries/1980-cow-cȳ.model.md	cȳ	oe	Paradigm comparison	[cȳ]{.lex lang=oe}	[`cȳ`]{.iv lang=oe sort=cy role=comparison_form}	comparison_form	promoted to index-bearing semantic evidence
Germanic/docs/lexeme_reports/model_entries/1980-cow-cȳ.model.md	cū	oe	Paradigm comparison	[cū]{.lex lang=oe}	[`cū`]{.iv lang=oe sort=cu role=comparison_form}	comparison_form	promoted to index-bearing semantic evidence
Germanic/docs/lexeme_reports/model_entries/1980-cow-cȳ.model.md	cȳ	oe	Paradigm comparison	[cȳ]{.lex lang=oe}	[`cȳ`]{.iv lang=oe sort=cy role=comparison_form}	comparison_form	promoted to index-bearing semantic evidence
Germanic/docs/lexeme_reports/model_entries/1980-cow-cȳ.model.md	cā	oe	Paradigm comparison	[cā]{.lex lang=oe}	[`cā`]{.iv lang=oe sort=ca role=comparison_form}	comparison_form	promoted to index-bearing semantic evidence
Germanic/docs/lexeme_reports/model_entries/1980-cow-cȳ.model.md	cȳ	oe	Paradigm comparison	[cȳ]{.lex lang=oe}	[`cȳ`]{.iv lang=oe sort=cy role=comparison_form}	comparison_form	promoted to index-bearing semantic evidence
Germanic/docs/lexeme_reports/model_entries/1992-door-dor.model.md	dor	oe	Reconstruction and comparative evidence	[dor]{.lex lang=oe}	[`dor`]{.iv lang=oe sort=dor role=comparison_form}	comparison_form	promoted to index-bearing semantic evidence
Germanic/docs/lexeme_reports/model_entries/1992-door-dor.model.md	duru	oe	Reconstruction and comparative evidence	[duru]{.lex lang=oe}	[duru]{.iv lang=oe sort=duru role=comparison_form}	comparison_form	promoted to index-bearing semantic evidence
Germanic/docs/lexeme_reports/model_entries/1992-door-dor.model.md	tura	ohg	Reconstruction and comparative evidence	[tura]{.lex lang=ohg}	[`tura`]{.iv lang=ohg sort=tura role=comparison_form}	comparison_form	promoted to index-bearing semantic evidence
Germanic/docs/lexeme_reports/model_entries/1992-door-dor.model.md	dor	oe	Old English evidence	[dor]{.lex lang=oe}	[`dor`]{.iv lang=oe sort=dor role=comparison_form}	comparison_form	promoted to index-bearing semantic evidence
Germanic/docs/lexeme_reports/model_entries/1992-door-dor.model.md	dor	oe	Old English evidence	[dor]{.lex lang=oe}	[`dor`]{.iv lang=oe sort=dor role=comparison_form}	comparison_form	promoted to index-bearing semantic evidence
Germanic/docs/lexeme_reports/model_entries/1992-door-dor.model.md	duru	oe	Old English evidence	[duru]{.lex lang=oe}	[duru]{.iv lang=oe sort=duru role=comparison_form}	comparison_form	promoted to index-bearing semantic evidence
Germanic/docs/lexeme_reports/model_entries/1992-door-dor.model.md	duru	oe	Old English evidence	[duru]{.lex lang=oe}	[duru]{.iv lang=oe sort=duru role=comparison_form}	comparison_form	promoted to index-bearing semantic evidence
Germanic/docs/lexeme_reports/model_entries/1992-door-dor.model.md	duru	oe	Old English evidence	[duru]{.lex lang=oe}	[duru]{.iv lang=oe sort=duru role=comparison_form}	comparison_form	promoted to index-bearing semantic evidence
Germanic/docs/lexeme_reports/model_entries/1992-door-dor.model.md	dor	oe	Development to Old English	[dor]{.lex lang=oe}	[`dor`]{.iv lang=oe sort=dor role=comparison_form}	comparison_form	promoted to index-bearing semantic evidence
Germanic/docs/lexeme_reports/model_entries/1992-door-dor.model.md	duru	oe	Development to Old English	[duru]{.lex lang=oe}	[duru]{.iv lang=oe sort=duru role=comparison_form}	comparison_form	promoted to index-bearing semantic evidence
Germanic/docs/lexeme_reports/model_entries/2007-fell-fell.model.md	fell	oe	Reconstruction and comparative evidence	[fell]{.lex lang=oe}	[`fell`]{.iv lang=oe sort=fell role=comparison_form}	comparison_form	promoted to index-bearing semantic evidence
Germanic/docs/lexeme_reports/model_entries/2007-fell-fell.model.md	vel	dutch	Reconstruction and comparative evidence	[vel]{.lex lang=dutch}	[`vel`]{.iv lang=dutch sort=vel role=comparison_form}	comparison_form	promoted to index-bearing semantic evidence
Germanic/docs/lexeme_reports/model_entries/2007-fell-fell.model.md	fell	oe	Old English evidence	[fell]{.lex lang=oe}	[`fell`]{.iv lang=oe sort=fell role=comparison_form}	comparison_form	promoted to index-bearing semantic evidence
Germanic/docs/lexeme_reports/model_entries/2007-fell-fell.model.md	fell	oe	Old English evidence	[fell]{.lex lang=oe}	[`fell`]{.iv lang=oe sort=fell role=comparison_form}	comparison_form	promoted to index-bearing semantic evidence
Germanic/docs/lexeme_reports/model_entries/2007-fell-fell.model.md	fell	oe	Old English evidence	[fell]{.lex lang=oe}	[`fell`]{.iv lang=oe sort=fell role=comparison_form}	comparison_form	promoted to index-bearing semantic evidence
Germanic/docs/lexeme_reports/model_entries/2007-fell-fell.model.md	fell	oe	Development to Old English	[fell]{.lex lang=oe}	[`fell`]{.iv lang=oe sort=fell role=comparison_form}	comparison_form	promoted to index-bearing semantic evidence
Germanic/docs/lexeme_reports/model_entries/2008-fern-fearn.model.md	fearn	oe	Reconstruction and comparative evidence	[fearn]{.lex lang=oe}	[`fearn`]{.iv lang=oe sort=fearn role=comparison_form}	comparison_form	promoted to index-bearing semantic evidence
Germanic/docs/lexeme_reports/model_entries/2008-fern-fearn.model.md	fearn	oe	Old English evidence	[fearn]{.lex lang=oe}	[`fearn`]{.iv lang=oe sort=fearn role=comparison_form}	comparison_form	promoted to index-bearing semantic evidence
Germanic/docs/lexeme_reports/model_entries/2008-fern-fearn.model.md	fearn	oe	Old English evidence	[fearn]{.lex lang=oe}	[`fearn`]{.iv lang=oe sort=fearn role=comparison_form}	comparison_form	promoted to index-bearing semantic evidence
Germanic/docs/lexeme_reports/model_entries/2008-fern-fearn.model.md	fearn	oe	Old English evidence	[fearn]{.lex lang=oe}	[`fearn`]{.iv lang=oe sort=fearn role=comparison_form}	comparison_form	promoted to index-bearing semantic evidence
Germanic/docs/lexeme_reports/model_entries/2008-fern-fearn.model.md	fern	oe	Old English evidence	[fern]{.lex lang=oe}	[`fern`]{.iv lang=oe sort=fern role=comparison_form}	comparison_form	promoted to index-bearing semantic evidence
Germanic/docs/lexeme_reports/model_entries/2008-fern-fearn.model.md	fearn	oe	Development to Old English	[fearn]{.lex lang=oe}	[`fearn`]{.iv lang=oe sort=fearn role=comparison_form}	comparison_form	promoted to index-bearing semantic evidence
Germanic/docs/lexeme_reports/model_entries/2009-field-feld.model.md	feld	oe	Reconstruction and comparative evidence	[feld]{.lex lang=oe}	[`feld`]{.iv lang=oe sort=feld role=comparison_form}	comparison_form	promoted to index-bearing semantic evidence
Germanic/docs/lexeme_reports/model_entries/2009-field-feld.model.md	feld	oe	Old English evidence	[feld]{.lex lang=oe}	[`feld`]{.iv lang=oe sort=feld role=comparison_form}	comparison_form	promoted to index-bearing semantic evidence
Germanic/docs/lexeme_reports/model_entries/2009-field-feld.model.md	feld	oe	Old English evidence	[feld]{.lex lang=oe}	[`feld`]{.iv lang=oe sort=feld role=comparison_form}	comparison_form	promoted to index-bearing semantic evidence
Germanic/docs/lexeme_reports/model_entries/2009-field-feld.model.md	feld	oe	Development to Old English	[feld]{.lex lang=oe}	[`feld`]{.iv lang=oe sort=feld role=comparison_form}	comparison_form	promoted to index-bearing semantic evidence
Germanic/docs/lexeme_reports/model_entries/2030-fowl-fugol.model.md	fogal	ohg	Reconstruction and comparative evidence	[fogal]{.lex lang=ohg}	[`fogal`]{.iv lang=ohg sort=fogal role=comparison_form}	comparison_form	promoted to index-bearing semantic evidence
Germanic/docs/lexeme_reports/model_entries/2038-gang-gang.model.md	gang	oe	Reconstruction and comparative evidence	[gang]{.lex lang=oe}	[`gang`]{.iv lang=oe sort=gang role=comparison_form}	comparison_form	promoted to index-bearing semantic evidence
Germanic/docs/lexeme_reports/model_entries/2038-gang-gang.model.md	gang	oe	Reconstruction and comparative evidence	[gang]{.lex lang=oe}	[`gang`]{.iv lang=oe sort=gang role=comparison_form}	comparison_form	promoted to index-bearing semantic evidence
Germanic/docs/lexeme_reports/model_entries/2038-gang-gang.model.md	gang	oe	Reconstruction and comparative evidence	[gang]{.lex lang=oe}	[`gang`]{.iv lang=oe sort=gang role=comparison_form}	comparison_form	promoted to index-bearing semantic evidence
Germanic/docs/lexeme_reports/model_entries/2038-gang-gang.model.md	gang	oe	Old English evidence	[gang]{.lex lang=oe}	[`gang`]{.iv lang=oe sort=gang role=comparison_form}	comparison_form	promoted to index-bearing semantic evidence
Germanic/docs/lexeme_reports/model_entries/2038-gang-gang.model.md	gang	oe	Form note	[gang]{.lex lang=oe}	[`gang`]{.iv lang=oe sort=gang role=comparison_form}	comparison_form	promoted to index-bearing semantic evidence
Germanic/docs/lexeme_reports/model_entries/2038-gang-gang.model.md	gang	oe	Development to Old English	[gang]{.lex lang=oe}	[`gang`]{.iv lang=oe sort=gang role=comparison_form}	comparison_form	promoted to index-bearing semantic evidence
Germanic/docs/lexeme_reports/model_entries/2041-give-ġiefan.model.md	giefan	oe	Reconstruction and comparative evidence	[giefan]{.lex lang=oe}	[`giefan`]{.iv lang=oe sort=giefan role=comparison_form}	comparison_form	promoted to index-bearing semantic evidence
Germanic/docs/lexeme_reports/model_entries/2041-give-ġiefan.model.md	giefan	oe	Development to Old English	[giefan]{.lex lang=oe}	[`giefan`]{.iv lang=oe sort=giefan role=comparison_form}	comparison_form	promoted to index-bearing semantic evidence
Germanic/docs/lexeme_reports/model_entries/2046-grave-grafan.model.md	grafan	oe	Reconstruction and comparative evidence	[grafan]{.lex lang=oe}	[`grafan`]{.iv lang=oe sort=grafan role=comparison_form}	comparison_form	promoted to index-bearing semantic evidence
Germanic/docs/lexeme_reports/model_entries/2046-grave-grafan.model.md	grafan	oe	Old English evidence	[grafan]{.lex lang=oe}	[`grafan`]{.iv lang=oe sort=grafan role=comparison_form}	comparison_form	promoted to index-bearing semantic evidence
Germanic/docs/lexeme_reports/model_entries/2046-grave-grafan.model.md	grafan	oe	Development to Old English	[grafan]{.lex lang=oe}	[`grafan`]{.iv lang=oe sort=grafan role=comparison_form}	comparison_form	promoted to index-bearing semantic evidence
Germanic/docs/lexeme_reports/model_entries/2068-heaven-heofon.model.md	heofon	oe	Paradigm comparison	[heofon]{.lex lang=oe}	[`heofon`]{.iv lang=oe sort=heofon}		promoted to index-bearing semantic evidence
Germanic/docs/lexeme_reports/model_entries/2070-helm-helm.model.md	helm	oe	Old English evidence	[helm]{.lex lang=oe}	[`helm`]{.iv lang=oe sort=helm role=comparison_form}	comparison_form	promoted to index-bearing semantic evidence
Germanic/docs/lexeme_reports/model_entries/2070-helm-helm.model.md	helma	oe	Old English evidence	[helma]{.lex lang=oe}	[`helma`]{.iv lang=oe sort=helma role=comparison_form}	comparison_form	promoted to index-bearing semantic evidence
Germanic/docs/lexeme_reports/model_entries/2070-helm-helm.model.md	helm	oe	Development to Old English	[helm]{.lex lang=oe}	[`helm`]{.iv lang=oe sort=helm role=comparison_form}	comparison_form	promoted to index-bearing semantic evidence
Germanic/docs/lexeme_reports/model_entries/2070-helm-helm.model.md	helma	oe	Form note	[helma]{.lex lang=oe}	[`helma`]{.iv lang=oe sort=helma role=comparison_form}	comparison_form	promoted to index-bearing semantic evidence
Germanic/docs/lexeme_reports/model_entries/2071-help-helpan.model.md	help	oe	Reconstruction and comparative evidence	[help]{.lex lang=oe}	[`help`]{.iv lang=oe sort=help role=comparison_form}	comparison_form	promoted to index-bearing semantic evidence
Germanic/docs/lexeme_reports/model_entries/2071-help-helpan.model.md	helpan	oe	Old English evidence	[helpan]{.lex lang=oe}	[`helpan`]{.iv lang=oe sort=helpan role=comparison_form}	comparison_form	promoted to index-bearing semantic evidence
Germanic/docs/lexeme_reports/model_entries/2071-help-helpan.model.md	helpan	oe	Development to Old English	[helpan]{.lex lang=oe}	[`helpan`]{.iv lang=oe sort=helpan role=comparison_form}	comparison_form	promoted to index-bearing semantic evidence
Germanic/docs/lexeme_reports/model_entries/2071-help-helpan.model.md	help	oe	Form note	[help]{.lex lang=oe}	[`help`]{.iv lang=oe sort=help role=comparison_form}	comparison_form	promoted to index-bearing semantic evidence
Germanic/docs/lexeme_reports/model_entries/2071-help-helpan.model.md	helpan	oe	Form note	[helpan]{.lex lang=oe}	[`helpan`]{.iv lang=oe sort=helpan role=comparison_form}	comparison_form	promoted to index-bearing semantic evidence
Germanic/docs/lexeme_reports/model_entries/2075-hind-hind.model.md	hind	oe	Old English evidence	[hind]{.lex lang=oe}	[`hind`]{.iv lang=oe sort=hind role=comparison_form}	comparison_form	promoted to index-bearing semantic evidence
Germanic/docs/lexeme_reports/model_entries/2077-hold-healdan.model.md	haldan	oe	Reconstruction and comparative evidence	[haldan]{.lex lang=oe}	[`haldan`]{.iv lang=oe sort=haldan role=comparison_form}	comparison_form	promoted to index-bearing semantic evidence
Germanic/docs/lexeme_reports/model_entries/2077-hold-healdan.model.md	healdan	oe	Reconstruction and comparative evidence	[healdan]{.lex lang=oe}	[`healdan`]{.iv lang=oe sort=healdan role=comparison_form}	comparison_form	promoted to index-bearing semantic evidence
Germanic/docs/lexeme_reports/model_entries/2077-hold-healdan.model.md	healdan	oe	Development to Old English	[healdan]{.lex lang=oe}	[`healdan`]{.iv lang=oe sort=healdan role=comparison_form}	comparison_form	promoted to index-bearing semantic evidence
Germanic/docs/lexeme_reports/model_entries/2077-hold-healdan.model.md	haldan	oe	Dialect note	[haldan]{.lex lang=oe}	[`haldan`]{.iv lang=oe sort=haldan role=comparison_form}	comparison_form	promoted to index-bearing semantic evidence
Germanic/docs/lexeme_reports/model_entries/2077-hold-healdan.model.md	healdan	oe	Dialect note	[healdan]{.lex lang=oe}	[`healdan`]{.iv lang=oe sort=healdan role=comparison_form}	comparison_form	promoted to index-bearing semantic evidence
Germanic/docs/lexeme_reports/model_entries/2087-knob-cnobba.model.md	cnoppa	oe	Old English evidence	[cnoppa]{.lex lang=oe}	[`cnoppa`]{.iv lang=oe sort=cnoppa role=comparison_form}	comparison_form	promoted to index-bearing semantic evidence
Germanic/docs/lexeme_reports/model_entries/2087-knob-cnobba.model.md	cnoppa	oe	Old English evidence	[cnoppa]{.lex lang=oe}	[`cnoppa`]{.iv lang=oe sort=cnoppa role=comparison_form}	comparison_form	promoted to index-bearing semantic evidence
Germanic/docs/lexeme_reports/model_entries/2087-knob-cnobba.model.md	cnoppa	oe	Reconstruction status	[cnoppa]{.lex lang=oe}	[`cnoppa`]{.iv lang=oe sort=cnoppa}		promoted to index-bearing semantic evidence
Germanic/docs/lexeme_reports/model_entries/2088-lade-hladan.model.md	hladan	oe	Reconstruction and comparative evidence	[hladan]{.lex lang=oe}	[`hladan`]{.iv lang=oe sort=hladan role=comparison_form}	comparison_form	promoted to index-bearing semantic evidence
Germanic/docs/lexeme_reports/model_entries/2092-laugh-hliehhan.model.md	hliehhan	oe	Reconstruction and comparative evidence	[hliehhan]{.lex lang=oe}	[`hliehhan`]{.iv lang=oe sort=hliehhan role=comparison_form}	comparison_form	promoted to index-bearing semantic evidence
Germanic/docs/lexeme_reports/model_entries/2092-laugh-hliehhan.model.md	hlihhan	oe	Old English evidence	[hlihhan]{.lex lang=oe}	[`hlihhan`]{.iv lang=oe sort=hlihhan role=comparison_form}	comparison_form	promoted to index-bearing semantic evidence
Germanic/docs/lexeme_reports/model_entries/2092-laugh-hliehhan.model.md	hliehhan	oe	Old English evidence	[hliehhan]{.lex lang=oe}	[`hliehhan`]{.iv lang=oe sort=hliehhan role=comparison_form}	comparison_form	promoted to index-bearing semantic evidence
Germanic/docs/lexeme_reports/model_entries/2092-laugh-hliehhan.model.md	hliehhan	oe	Old English evidence	[hliehhan]{.lex lang=oe}	[`hliehhan`]{.iv lang=oe sort=hliehhan role=comparison_form}	comparison_form	promoted to index-bearing semantic evidence
Germanic/docs/lexeme_reports/model_entries/2092-laugh-hliehhan.model.md	hliehhan	oe	Old English evidence	[hliehhan]{.lex lang=oe}	[`hliehhan`]{.iv lang=oe sort=hliehhan role=comparison_form}	comparison_form	promoted to index-bearing semantic evidence
Germanic/docs/lexeme_reports/model_entries/2092-laugh-hliehhan.model.md	hliehhan	oe	Development to Old English	[hliehhan]{.lex lang=oe}	[`hliehhan`]{.iv lang=oe sort=hliehhan role=comparison_form}	comparison_form	promoted to index-bearing semantic evidence
Germanic/docs/lexeme_reports/model_entries/2100-lid-hlid.model.md	hlid	oe	Reconstruction and comparative evidence	[hlid]{.lex lang=oe}	[`hlid`]{.iv lang=oe sort=hlid role=comparison_form}	comparison_form	promoted to index-bearing semantic evidence
Germanic/docs/lexeme_reports/model_entries/2100-lid-hlid.model.md	hlid	oe	Old English evidence	[hlid]{.lex lang=oe}	[`hlid`]{.iv lang=oe sort=hlid role=comparison_form}	comparison_form	promoted to index-bearing semantic evidence
Germanic/docs/lexeme_reports/model_entries/2102-light-līehtan.model.md	liehtan	oe	Reconstruction and comparative evidence	[liehtan]{.lex lang=oe}	[`liehtan`]{.iv lang=oe sort=liehtan role=comparison_form}	comparison_form	promoted to index-bearing semantic evidence
Germanic/docs/lexeme_reports/model_entries/2102-light-līehtan.model.md	lihtan	oe	Old English evidence	[lihtan]{.lex lang=oe}	[`lihtan`]{.iv lang=oe sort=lihtan role=comparison_form}	comparison_form	promoted to index-bearing semantic evidence
Germanic/docs/lexeme_reports/model_entries/2102-light-līehtan.model.md	liehtan	oe	Dialect note	[liehtan]{.lex lang=oe}	[`liehtan`]{.iv lang=oe sort=liehtan role=comparison_form}	comparison_form	promoted to index-bearing semantic evidence
Germanic/docs/lexeme_reports/model_entries/2102-light-līehtan.model.md	lihtan	oe	Dialect note	[lihtan]{.lex lang=oe}	[`lihtan`]{.iv lang=oe sort=lihtan role=comparison_form}	comparison_form	promoted to index-bearing semantic evidence
Germanic/docs/lexeme_reports/model_entries/2102-light-līehtan.model.md	lyhtan	oe	Dialect note	[lyhtan]{.lex lang=oe}	[`lyhtan`]{.iv lang=oe sort=lyhtan role=comparison_form}	comparison_form	promoted to index-bearing semantic evidence
Germanic/docs/lexeme_reports/model_entries/2104-linden-lind.model.md	lind	oe	Reconstruction and comparative evidence	[lind]{.lex lang=oe}	[`lind`]{.iv lang=oe sort=lind role=comparison_form}	comparison_form	promoted to index-bearing semantic evidence
Germanic/docs/lexeme_reports/model_entries/2104-linden-lind.model.md	lind	oe	Old English evidence	[lind]{.lex lang=oe}	[`lind`]{.iv lang=oe sort=lind role=comparison_form}	comparison_form	promoted to index-bearing semantic evidence
Germanic/docs/lexeme_reports/model_entries/2104-linden-lind.model.md	lind	oe	Development to Old English	[lind]{.lex lang=oe}	[`lind`]{.iv lang=oe sort=lind role=comparison_form}	comparison_form	promoted to index-bearing semantic evidence
Germanic/docs/lexeme_reports/model_entries/2104-linden-lind.model.md	lind	oe	Form note	[lind]{.lex lang=oe}	[`lind`]{.iv lang=oe sort=lind role=comparison_form}	comparison_form	promoted to index-bearing semantic evidence
Germanic/docs/lexeme_reports/model_entries/2114-lung-lungen.model.md	lungen	oe	Reconstruction and comparative evidence	[lungen]{.lex lang=oe}	[`lungen`]{.iv lang=oe sort=lungen role=comparison_form}	comparison_form	promoted to index-bearing semantic evidence
Germanic/docs/lexeme_reports/model_entries/2114-lung-lungen.model.md	lungen	oe	Reconstruction and comparative evidence	[lungen]{.lex lang=oe}	[`lungen`]{.iv lang=oe sort=lungen role=comparison_form}	comparison_form	promoted to index-bearing semantic evidence
Germanic/docs/lexeme_reports/model_entries/2114-lung-lungen.model.md	lungen	oe	Old English evidence	[lungen]{.lex lang=oe}	[`lungen`]{.iv lang=oe sort=lungen role=comparison_form}	comparison_form	promoted to index-bearing semantic evidence
Germanic/docs/lexeme_reports/model_entries/2114-lung-lungen.model.md	lungen	oe	Development to Old English	[lungen]{.lex lang=oe}	[`lungen`]{.iv lang=oe sort=lungen role=comparison_form}	comparison_form	promoted to index-bearing semantic evidence
Germanic/docs/lexeme_reports/model_entries/2119-man-mannes.model.md	menn	oe	Old English evidence	[menn]{.lex lang=oe}	[`menn`]{.iv lang=oe sort=menn role=comparison_form}	comparison_form	promoted to index-bearing semantic evidence
Germanic/docs/lexeme_reports/model_entries/2119-man-mannes.model.md	menn	oe	Development to Old English	[menn]{.lex lang=oe}	[`menn`]{.iv lang=oe sort=menn role=comparison_form}	comparison_form	promoted to index-bearing semantic evidence
Germanic/docs/lexeme_reports/model_entries/2124-meed-meorde.model.md	meord	oe	Reconstruction and comparative evidence	[meord]{.lex lang=oe}	[`meord`]{.iv lang=oe sort=meord role=comparison_form}	comparison_form	promoted to index-bearing semantic evidence
Germanic/docs/lexeme_reports/model_entries/2124-meed-meorde.model.md	mēd	oe	Reconstruction and comparative evidence	[mēd]{.lex lang=oe}	[`mēd`]{.iv lang=oe sort=med role=comparison_form}	comparison_form	promoted to index-bearing semantic evidence
Germanic/docs/lexeme_reports/model_entries/2124-meed-meorde.model.md	mēd	oe	Development to Old English	[mēd]{.lex lang=oe}	[`mēd`]{.iv lang=oe sort=med role=comparison_form}	comparison_form	promoted to index-bearing semantic evidence
Germanic/docs/lexeme_reports/model_entries/2126-milk-meoloc.model.md	meoloc	oe	Old English evidence	[meoloc]{.lex lang=oe}	[`meoloc`]{.iv lang=oe sort=meoloc role=comparison_form}	comparison_form	promoted to index-bearing semantic evidence
Germanic/docs/lexeme_reports/model_entries/2126-milk-meoloc.model.md	meoloc	oe	Development to Old English	[meoloc]{.lex lang=oe}	[`meoloc`]{.iv lang=oe sort=meoloc role=comparison_form}	comparison_form	promoted to index-bearing semantic evidence
Germanic/docs/lexeme_reports/model_entries/2134-neck-hnecca.model.md	hnecca	oe	Reconstruction and comparative evidence	[hnecca]{.lex lang=oe}	[`hnecca`]{.iv lang=oe sort=hnecca role=comparison_form}	comparison_form	promoted to index-bearing semantic evidence
Germanic/docs/lexeme_reports/model_entries/2134-neck-hnecca.model.md	hnecca	oe	Old English evidence	[hnecca]{.lex lang=oe}	[`hnecca`]{.iv lang=oe sort=hnecca role=comparison_form}	comparison_form	promoted to index-bearing semantic evidence
Germanic/docs/lexeme_reports/model_entries/2134-neck-hnecca.model.md	hnecca	oe	Old English evidence	[hnecca]{.lex lang=oe}	[`hnecca`]{.iv lang=oe sort=hnecca role=comparison_form}	comparison_form	promoted to index-bearing semantic evidence
Germanic/docs/lexeme_reports/model_entries/2138-net-nett.model.md	nett	oe	Reconstruction and comparative evidence	[nett]{.lex lang=oe}	[`nett`]{.iv lang=oe sort=nett role=comparison_form}	comparison_form	promoted to index-bearing semantic evidence
Germanic/docs/lexeme_reports/model_entries/2138-net-nett.model.md	nett	oe	Old English evidence	[nett]{.lex lang=oe}	[`nett`]{.iv lang=oe sort=nett role=comparison_form}	comparison_form	promoted to index-bearing semantic evidence
Germanic/docs/lexeme_reports/model_entries/2138-net-nett.model.md	nett	oe	Development to Old English	[nett]{.lex lang=oe}	[`nett`]{.iv lang=oe sort=nett role=comparison_form}	comparison_form	promoted to index-bearing semantic evidence
Germanic/docs/lexeme_reports/model_entries/2138-net-nett.model.md	nett	oe	Form note	[nett]{.lex lang=oe}	[`nett`]{.iv lang=oe sort=nett role=comparison_form}	comparison_form	promoted to index-bearing semantic evidence
Germanic/docs/lexeme_reports/model_entries/2140-night-niht.model.md	neaht	oe	Old English evidence	[neaht]{.lex lang=oe}	[`neaht`]{.iv lang=oe sort=neaht role=comparison_form}	comparison_form	promoted to index-bearing semantic evidence
Germanic/docs/lexeme_reports/model_entries/2140-night-niht.model.md	neaht	oe	Development to Old English	[neaht]{.lex lang=oe}	[`neaht`]{.iv lang=oe sort=neaht role=comparison_form}	comparison_form	promoted to index-bearing semantic evidence
Germanic/docs/lexeme_reports/model_entries/2143-nose-nosu.model.md	nasu	oe	Old English evidence	[nasu]{.lex lang=oe}	[`nasu`]{.iv lang=oe sort=nasu role=comparison_form}	comparison_form	promoted to index-bearing semantic evidence
Germanic/docs/lexeme_reports/model_entries/2143-nose-nosu.model.md	nasu	oe	Old English evidence	[nasu]{.lex lang=oe}	[`nasu`]{.iv lang=oe sort=nasu role=comparison_form}	comparison_form	promoted to index-bearing semantic evidence
Germanic/docs/lexeme_reports/model_entries/2143-nose-nosu.model.md	nasu	oe	Development to Old English	[nasu]{.lex lang=oe}	[`nasu`]{.iv lang=oe sort=nasu role=comparison_form}	comparison_form	promoted to index-bearing semantic evidence
Germanic/docs/lexeme_reports/model_entries/2162-rust-rust.model.md	rust	oe	Reconstruction and comparative evidence	[rust]{.lex lang=oe}	[`rust`]{.iv lang=oe sort=rust role=comparison_form}	comparison_form	promoted to index-bearing semantic evidence
Germanic/docs/lexeme_reports/model_entries/2162-rust-rust.model.md	rūst	oe	Old English evidence	[rūst]{.lex lang=oe}	[`rūst`]{.iv lang=oe sort=rust role=comparison_form}	comparison_form	promoted to index-bearing semantic evidence
Germanic/docs/lexeme_reports/model_entries/2162-rust-rust.model.md	rúst	oe	Old English evidence	[rúst]{.lex lang=oe}	[`rúst`]{.iv lang=oe sort=rúst role=comparison_form}	comparison_form	promoted to index-bearing semantic evidence
Germanic/docs/lexeme_reports/model_entries/2162-rust-rust.model.md	rust	oe	Old English evidence	[rust]{.lex lang=oe}	[`rust`]{.iv lang=oe sort=rust role=comparison_form}	comparison_form	promoted to index-bearing semantic evidence
Germanic/docs/lexeme_reports/model_entries/2162-rust-rust.model.md	rust	oe	Development to Old English	[rust]{.lex lang=oe}	[`rust`]{.iv lang=oe sort=rust role=comparison_form}	comparison_form	promoted to index-bearing semantic evidence
Germanic/docs/lexeme_reports/model_entries/2162-rust-rust.model.md	rust	oe	Development to Old English	[rust]{.lex lang=oe}	[`rust`]{.iv lang=oe sort=rust role=comparison_form}	comparison_form	promoted to index-bearing semantic evidence
Germanic/docs/lexeme_reports/model_entries/2162-rust-rust.model.md	rust	oe	Development to Old English	[rust]{.lex lang=oe}	[`rust`]{.iv lang=oe sort=rust role=comparison_form}	comparison_form	promoted to index-bearing semantic evidence
Germanic/docs/lexeme_reports/model_entries/2168-sap-sæp.model.md	sap	oe	Old English evidence	[sap]{.lex lang=oe}	[`sap`]{.iv lang=oe sort=sap role=comparison_form}	comparison_form	promoted to index-bearing semantic evidence
Germanic/docs/lexeme_reports/model_entries/2181-shilling-sċilling.model.md	scilling	oe	Reconstruction and comparative evidence	[scilling]{.lex lang=oe}	[`scilling`]{.iv lang=oe sort=scilling role=comparison_form}	comparison_form	promoted to index-bearing semantic evidence
Germanic/docs/lexeme_reports/model_entries/2183-shoulder-sċuldrum.model.md	schulder	mlg	Reconstruction and comparative evidence	[schulder]{.lex lang=mlg}	[schulder]{.iv lang=mlg sort=schulder role=comparison_form}	comparison_form	promoted to index-bearing semantic evidence
Germanic/docs/lexeme_reports/model_entries/2183-shoulder-sċuldrum.model.md	sċuldrum	oe	Development to Old English	[sċuldrum]{.lex lang=oe}	[`sċuldrum`]{.iv lang=oe sort=sculdrum role=target_form}	target_form	promoted to index-bearing semantic evidence
Germanic/docs/lexeme_reports/model_entries/2184-shove-sċēaf.model.md	sċēaf	oe	Development to Old English	[sċēaf]{.lex lang=oe}	[sċēaf]{.iv lang=oe sort=sceaf role=target_form}	target_form	promoted to index-bearing semantic evidence
Germanic/docs/lexeme_reports/model_entries/2184-shove-sċēaf.model.md	sċēaf	oe	Paradigm comparison	[sċēaf]{.lex lang=oe}	[`sċēaf`]{.iv lang=oe sort=sceaf role=comparison_form}	comparison_form	promoted to index-bearing semantic evidence
Germanic/docs/lexeme_reports/model_entries/2184-shove-sċēaf.model.md	sċēaf	oe	Paradigm comparison	[sċēaf]{.lex lang=oe}	[`sċēaf`]{.iv lang=oe sort=sceaf role=comparison_form}	comparison_form	promoted to index-bearing semantic evidence
Germanic/docs/lexeme_reports/model_entries/2196-sleep-slǣpan.model.md	slæpan	oe	Old English evidence	[slæpan]{.lex lang=oe}	[`slæpan`]{.iv lang=oe sort=slaepan role=comparison_form}	comparison_form	promoted to index-bearing semantic evidence
Germanic/docs/lexeme_reports/model_entries/2196-sleep-slǣpan.model.md	slæpan	oe	Old English evidence	[slæpan]{.lex lang=oe}	[`slæpan`]{.iv lang=oe sort=slaepan role=comparison_form}	comparison_form	promoted to index-bearing semantic evidence
Germanic/docs/lexeme_reports/model_entries/2196-sleep-slǣpan.model.md	slāpan	oe	Old English evidence	[slāpan]{.lex lang=oe}	[`slāpan`]{.iv lang=oe sort=slapan role=comparison_form}	comparison_form	promoted to index-bearing semantic evidence
Germanic/docs/lexeme_reports/model_entries/2196-sleep-slǣpan.model.md	slæpan	oe	Development to Old English	[slæpan]{.lex lang=oe}	[`slæpan`]{.iv lang=oe sort=slaepan role=comparison_form}	comparison_form	promoted to index-bearing semantic evidence
Germanic/docs/lexeme_reports/model_entries/2196-sleep-slǣpan.model.md	slāpan	oe	Development to Old English	[slāpan]{.lex lang=oe}	[`slāpan`]{.iv lang=oe sort=slapan role=comparison_form}	comparison_form	promoted to index-bearing semantic evidence
Germanic/docs/lexeme_reports/model_entries/2196-sleep-slǣpan.model.md	slēpan	oe	Development to Old English	[slēpan]{.lex lang=oe}	[`slēpan`]{.iv lang=oe sort=slepan role=comparison_form}	comparison_form	promoted to index-bearing semantic evidence
Germanic/docs/lexeme_reports/model_entries/2196-sleep-slǣpan.model.md	slǣpan	oe	Development to Old English	[slǣpan]{.lex lang=oe}	[`slǣpan`]{.iv lang=oe sort=slaepan role=comparison_form}	comparison_form	promoted to index-bearing semantic evidence
Germanic/docs/lexeme_reports/model_entries/2198-smear-smierwan.model.md	smierwan	oe	Reconstruction and comparative evidence	[smierwan]{.lex lang=oe}	[`smierwan`]{.iv lang=oe sort=smierwan role=comparison_form}	comparison_form	promoted to index-bearing semantic evidence
Germanic/docs/lexeme_reports/model_entries/2198-smear-smierwan.model.md	smirwan	oe	Reconstruction and comparative evidence	[smirwan]{.lex lang=oe}	[`smirwan`]{.iv lang=oe sort=smirwan role=comparison_form}	comparison_form	promoted to index-bearing semantic evidence
Germanic/docs/lexeme_reports/model_entries/2198-smear-smierwan.model.md	smierwan	oe	Old English evidence	[smierwan]{.lex lang=oe}	[`smierwan`]{.iv lang=oe sort=smierwan role=comparison_form}	comparison_form	promoted to index-bearing semantic evidence
Germanic/docs/lexeme_reports/model_entries/2198-smear-smierwan.model.md	smirwan	oe	Old English evidence	[smirwan]{.lex lang=oe}	[`smirwan`]{.iv lang=oe sort=smirwan role=comparison_form}	comparison_form	promoted to index-bearing semantic evidence
Germanic/docs/lexeme_reports/model_entries/2198-smear-smierwan.model.md	smierwan	oe	Development to Old English	[smierwan]{.lex lang=oe}	[`smierwan`]{.iv lang=oe sort=smierwan role=comparison_form}	comparison_form	promoted to index-bearing semantic evidence
Germanic/docs/lexeme_reports/model_entries/2198-smear-smierwan.model.md	smirwan	oe	Development to Old English	[smirwan]{.lex lang=oe}	[`smirwan`]{.iv lang=oe sort=smirwan role=comparison_form}	comparison_form	promoted to index-bearing semantic evidence
Germanic/docs/lexeme_reports/model_entries/2198-smear-smierwan.model.md	smierwan	oe	Dialect note	[smierwan]{.lex lang=oe}	[`smierwan`]{.iv lang=oe sort=smierwan role=comparison_form}	comparison_form	promoted to index-bearing semantic evidence
Germanic/docs/lexeme_reports/model_entries/2198-smear-smierwan.model.md	smirwan	oe	Dialect note	[smirwan]{.lex lang=oe}	[`smirwan`]{.iv lang=oe sort=smirwan role=comparison_form}	comparison_form	promoted to index-bearing semantic evidence
Germanic/docs/lexeme_reports/model_entries/2202-span-spannan.model.md	spannan	oe	Reconstruction and comparative evidence	[spannan]{.lex lang=oe}	[`spannan`]{.iv lang=oe sort=spannan role=comparison_form}	comparison_form	promoted to index-bearing semantic evidence
Germanic/docs/lexeme_reports/model_entries/2202-span-spannan.model.md	spannan	oe	Old English evidence	[spannan]{.lex lang=oe}	[`spannan`]{.iv lang=oe sort=spannan role=comparison_form}	comparison_form	promoted to index-bearing semantic evidence
Germanic/docs/lexeme_reports/model_entries/2202-span-spannan.model.md	spannan	oe	Development to Old English	[spannan]{.lex lang=oe}	[`spannan`]{.iv lang=oe sort=spannan role=comparison_form}	comparison_form	promoted to index-bearing semantic evidence
Germanic/docs/lexeme_reports/model_entries/2202-span-spannan.model.md	spannan	oe	Form note	[spannan]{.lex lang=oe}	[`spannan`]{.iv lang=oe sort=spannan role=comparison_form}	comparison_form	promoted to index-bearing semantic evidence
Germanic/docs/lexeme_reports/model_entries/2204-spar-spearra.model.md	sparro	oe	Reconstruction and comparative evidence	[sparro]{.lex lang=oe}			legacy .lex removed or rewritten in revised prose
Germanic/docs/lexeme_reports/model_entries/2204-spar-spearra.model.md	spearra	oe	Old English evidence	[spearra]{.lex lang=oe}	[`spearra`]{.iv lang=oe sort=spearra role=comparison_form}	comparison_form	promoted to index-bearing semantic evidence
Germanic/docs/lexeme_reports/model_entries/2204-spar-spearra.model.md	spearra	oe	Development to Old English	[spearra]{.lex lang=oe}	[`spearra`]{.iv lang=oe sort=spearra role=comparison_form}	comparison_form	promoted to index-bearing semantic evidence
Germanic/docs/lexeme_reports/model_entries/2204-spar-spearra.model.md	spearra	oe	Form note	[spearra]{.lex lang=oe}	[`spearra`]{.iv lang=oe sort=spearra role=comparison_form}	comparison_form	promoted to index-bearing semantic evidence
Germanic/docs/lexeme_reports/model_entries/2212-staff-stæf.model.md	stefe	oe	Development to Old English	[stefe]{.lex lang=oe}	[`stefe`]{.iv lang=oe sort=stefe role=comparison_form}	comparison_form	promoted to index-bearing semantic evidence
Germanic/docs/lexeme_reports/model_entries/2216-stem-stefn.model.md	stefn	oe	Reconstruction and comparative evidence	[stefn]{.lex lang=oe}	[stefn]{.lex lang=oe}		retained as lexical typography only (non-index)
Germanic/docs/lexeme_reports/model_entries/2216-stem-stefn.model.md	stemn	oe	Reconstruction and comparative evidence	[stemn]{.lex lang=oe}	[stemn]{.lex lang=oe}		retained as lexical typography only (non-index)
Germanic/docs/lexeme_reports/model_entries/2216-stem-stefn.model.md	stefn	oe	Old English evidence	[stefn]{.lex lang=oe}	[`stefn`]{.iv lang=oe sort=stefn role=target_form}	target_form	promoted to index-bearing semantic evidence
Germanic/docs/lexeme_reports/model_entries/2216-stem-stefn.model.md	stemn	oe	Old English evidence	[stemn]{.lex lang=oe}	[stemn]{.lex lang=oe}		retained as lexical typography only (non-index)
Germanic/docs/lexeme_reports/model_entries/2216-stem-stefn.model.md	stefn	oe	Old English evidence	[stefn]{.lex lang=oe}	[stefn]{.lex lang=oe}		retained as lexical typography only (non-index)
Germanic/docs/lexeme_reports/model_entries/2216-stem-stefn.model.md	stemn	oe	Old English evidence	[stemn]{.lex lang=oe}	[stemn]{.lex lang=oe}		retained as lexical typography only (non-index)
Germanic/docs/lexeme_reports/model_entries/2216-stem-stefn.model.md	heofon	oe	Development to Old English	[heofon]{.lex lang=oe}	[`heofon`]{.iv lang=oe sort=heofon role=comparison_form}	comparison_form	promoted to index-bearing semantic evidence
Germanic/docs/lexeme_reports/model_entries/2216-stem-stefn.model.md	stefn	oe	Homonym note	[stefn]{.lex lang=oe}	[stefn]{.lex lang=oe}		retained as lexical typography only (non-index)
Germanic/docs/lexeme_reports/model_entries/2217-still-stillan.model.md	still	oe	Reconstruction and comparative evidence	[still]{.lex lang=oe}	[`still`]{.iv lang=oe sort=still role=comparison_form}	comparison_form	promoted to index-bearing semantic evidence
Germanic/docs/lexeme_reports/model_entries/2217-still-stillan.model.md	stille	oe	Old English evidence	[stille]{.lex lang=oe}	[`stille`]{.iv lang=oe sort=stille role=comparison_form}	comparison_form	promoted to index-bearing semantic evidence
Germanic/docs/lexeme_reports/model_entries/2217-still-stillan.model.md	stille	oe	Form note	[stille]{.lex lang=oe}	[`stille`]{.iv lang=oe sort=stille role=comparison_form}	comparison_form	promoted to index-bearing semantic evidence
Germanic/docs/lexeme_reports/model_entries/2227-strew-strīeġan.model.md	strēzan	oe	Reconstruction and comparative evidence	[strēzan]{.lex lang=oe}	[`strēzan`]{.iv lang=oe sort=strezan role=comparison_form}	comparison_form	promoted to index-bearing semantic evidence
Germanic/docs/lexeme_reports/model_entries/2227-strew-strīeġan.model.md	ciezan	oe	Reconstruction and comparative evidence	[ciezan]{.lex lang=oe}	[`ciezan`]{.iv lang=oe sort=ciezan role=comparison_form}	comparison_form	promoted to index-bearing semantic evidence
Germanic/docs/lexeme_reports/model_entries/2227-strew-strīeġan.model.md	hīez	oe	Reconstruction and comparative evidence	[hīez]{.lex lang=oe}	[`hīez`]{.iv lang=oe sort=hiez role=comparison_form}	comparison_form	promoted to index-bearing semantic evidence
Germanic/docs/lexeme_reports/model_entries/2227-strew-strīeġan.model.md	strēgan	oe	Old English evidence	[strēgan]{.lex lang=oe}	[`strēgan`]{.iv lang=oe sort=stregan role=comparison_form}	comparison_form	promoted to index-bearing semantic evidence
Germanic/docs/lexeme_reports/model_entries/2227-strew-strīeġan.model.md	streowian	oe	Old English evidence	[streowian]{.lex lang=oe}	[`streowian`]{.iv lang=oe sort=streowian role=comparison_form}	comparison_form	promoted to index-bearing semantic evidence
Germanic/docs/lexeme_reports/model_entries/2227-strew-strīeġan.model.md	strewian	oe	Old English evidence	[strewian]{.lex lang=oe}	[`strewian`]{.iv lang=oe sort=strewian role=comparison_form}	comparison_form	promoted to index-bearing semantic evidence
Germanic/docs/lexeme_reports/model_entries/2227-strew-strīeġan.model.md	strēawian	oe	Old English evidence	[strēawian]{.lex lang=oe}	[`strēawian`]{.iv lang=oe sort=streawian role=comparison_form}	comparison_form	promoted to index-bearing semantic evidence
Germanic/docs/lexeme_reports/model_entries/2227-strew-strīeġan.model.md	strēgan	oe	Development to Old English	[strēgan]{.lex lang=oe}	[`strēgan`]{.iv lang=oe sort=stregan role=comparison_form}	comparison_form	promoted to index-bearing semantic evidence
Germanic/docs/lexeme_reports/model_entries/2227-strew-strīeġan.model.md	streowian	oe	Development to Old English	[streowian]{.lex lang=oe}	[`streowian`]{.iv lang=oe sort=streowian role=comparison_form}	comparison_form	promoted to index-bearing semantic evidence
Germanic/docs/lexeme_reports/model_entries/2227-strew-strīeġan.model.md	strewian	oe	Development to Old English	[strewian]{.lex lang=oe}	[`strewian`]{.iv lang=oe sort=strewian role=comparison_form}	comparison_form	promoted to index-bearing semantic evidence
Germanic/docs/lexeme_reports/model_entries/2227-strew-strīeġan.model.md	strēawian	oe	Development to Old English	[strēawian]{.lex lang=oe}	[`strēawian`]{.iv lang=oe sort=streawian role=comparison_form}	comparison_form	promoted to index-bearing semantic evidence
Germanic/docs/lexeme_reports/model_entries/2230-summer-sumer.model.md	sumer	oe	Old English evidence	[sumer]{.lex lang=oe}	[`sumer`]{.iv lang=oe sort=sumer role=comparison_form}	comparison_form	promoted to index-bearing semantic evidence
Germanic/docs/lexeme_reports/model_entries/2230-summer-sumer.model.md	sumera	oe	Old English evidence	[sumera]{.lex lang=oe}	[`sumera`]{.iv lang=oe sort=sumera role=comparison_form}	comparison_form	promoted to index-bearing semantic evidence
Germanic/docs/lexeme_reports/model_entries/2230-summer-sumer.model.md	sumere	oe	Old English evidence	[sumere]{.lex lang=oe}	[`sumere`]{.iv lang=oe sort=sumere role=comparison_form}	comparison_form	promoted to index-bearing semantic evidence
Germanic/docs/lexeme_reports/model_entries/2230-summer-sumer.model.md	sumeres	oe	Old English evidence	[sumeres]{.lex lang=oe}	[`sumeres`]{.iv lang=oe sort=sumeres role=comparison_form}	comparison_form	promoted to index-bearing semantic evidence
Germanic/docs/lexeme_reports/model_entries/2230-summer-sumer.model.md	sumeres	oe	Old English evidence	[sumeres]{.lex lang=oe}	[`sumeres`]{.iv lang=oe sort=sumeres role=comparison_form}	comparison_form	promoted to index-bearing semantic evidence
Germanic/docs/lexeme_reports/model_entries/2230-summer-sumer.model.md	sumor	oe	Old English evidence	[sumor]{.lex lang=oe}	[`sumor`]{.iv lang=oe sort=sumor role=comparison_form}	comparison_form	promoted to index-bearing semantic evidence
Germanic/docs/lexeme_reports/model_entries/2230-summer-sumer.model.md	sumor	oe	Old English evidence	[sumor]{.lex lang=oe}	[`sumor`]{.iv lang=oe sort=sumor role=comparison_form}	comparison_form	promoted to index-bearing semantic evidence
Germanic/docs/lexeme_reports/model_entries/2230-summer-sumer.model.md	sumer	oe	Development to Old English	[sumer]{.lex lang=oe}	[`sumer`]{.iv lang=oe sort=sumer role=comparison_form}	comparison_form	promoted to index-bearing semantic evidence
Germanic/docs/lexeme_reports/model_entries/2230-summer-sumer.model.md	sumor	oe	Development to Old English	[sumor]{.lex lang=oe}	[`sumor`]{.iv lang=oe sort=sumor role=comparison_form}	comparison_form	promoted to index-bearing semantic evidence
Germanic/docs/lexeme_reports/model_entries/2230-summer-sumer.model.md	sumer	oe	Form note	[sumer]{.lex lang=oe}	[`sumer`]{.iv lang=oe sort=sumer role=comparison_form}	comparison_form	promoted to index-bearing semantic evidence
Germanic/docs/lexeme_reports/model_entries/2230-summer-sumer.model.md	sumere	oe	Form note	[sumere]{.lex lang=oe}	[`sumere`]{.iv lang=oe sort=sumere role=comparison_form}	comparison_form	promoted to index-bearing semantic evidence
Germanic/docs/lexeme_reports/model_entries/2230-summer-sumer.model.md	sumeres	oe	Form note	[sumeres]{.lex lang=oe}	[`sumeres`]{.iv lang=oe sort=sumeres role=comparison_form}	comparison_form	promoted to index-bearing semantic evidence
Germanic/docs/lexeme_reports/model_entries/2230-summer-sumer.model.md	sumor	oe	Form note	[sumor]{.lex lang=oe}	[`sumor`]{.iv lang=oe sort=sumor role=comparison_form}	comparison_form	promoted to index-bearing semantic evidence
Germanic/docs/lexeme_reports/model_entries/2230-summer-sumer.model.md	sumor	oe	Form note	[sumor]{.lex lang=oe}	[`sumor`]{.iv lang=oe sort=sumor role=comparison_form}	comparison_form	promoted to index-bearing semantic evidence
Germanic/docs/lexeme_reports/model_entries/2232-sunder-sundrian.model.md	sundor	oe	Reconstruction and comparative evidence	[sundor]{.lex lang=oe}	[`sundor`]{.iv lang=oe sort=sundor role=comparison_form}	comparison_form	promoted to index-bearing semantic evidence
Germanic/docs/lexeme_reports/model_entries/2232-sunder-sundrian.model.md	syndrian	oe	Reconstruction and comparative evidence	[syndrian]{.lex lang=oe}	[`syndrian`]{.iv lang=oe sort=syndrian role=comparison_form}	comparison_form	promoted to index-bearing semantic evidence
Germanic/docs/lexeme_reports/model_entries/2232-sunder-sundrian.model.md	gesundrian	oe	Reconstruction and comparative evidence	[gesundrian]{.lex lang=oe}	[`gesundrian`]{.iv lang=oe sort=gesundrian role=comparison_form}	comparison_form	promoted to index-bearing semantic evidence
Germanic/docs/lexeme_reports/model_entries/2232-sunder-sundrian.model.md	sondern	german	Reconstruction and comparative evidence	[sondern]{.lex lang=german}	[`sondern`]{.iv lang=german sort=sondern role=comparison_form}	comparison_form	promoted to index-bearing semantic evidence
Germanic/docs/lexeme_reports/model_entries/2232-sunder-sundrian.model.md	syndrian	oe	Development to Old English	[syndrian]{.lex lang=oe}	[`syndrian`]{.iv lang=oe sort=syndrian role=comparison_form}	comparison_form	promoted to index-bearing semantic evidence
Germanic/docs/lexeme_reports/model_entries/2232-sunder-sundrian.model.md	sundor	oe	Form note	[sundor]{.lex lang=oe}	[`sundor`]{.iv lang=oe sort=sundor role=comparison_form}	comparison_form	promoted to index-bearing semantic evidence
Germanic/docs/lexeme_reports/model_entries/2232-sunder-sundrian.model.md	syndrian	oe	Form note	[syndrian]{.lex lang=oe}	[`syndrian`]{.iv lang=oe sort=syndrian role=comparison_form}	comparison_form	promoted to index-bearing semantic evidence
Germanic/docs/lexeme_reports/model_entries/2234-swallow-swealwe.model.md	swalwe	oe	Reconstruction and comparative evidence	[swalwe]{.lex lang=oe}	[`swalwe`]{.iv lang=oe sort=swalwe role=comparison_form}	comparison_form	promoted to index-bearing semantic evidence
Germanic/docs/lexeme_reports/model_entries/2234-swallow-swealwe.model.md	swealwe	oe	Reconstruction and comparative evidence	[swealwe]{.lex lang=oe}	[`swealwe`]{.iv lang=oe sort=swealwe role=comparison_form}	comparison_form	promoted to index-bearing semantic evidence
Germanic/docs/lexeme_reports/model_entries/2238-swine-swīn.model.md	swīn	oe	Development to Old English	[swīn]{.lex lang=oe}	[`swīn`]{.iv lang=oe sort=swin role=comparison_form}	comparison_form	promoted to index-bearing semantic evidence
Germanic/docs/lexeme_reports/model_entries/2250-thistle-þistles.model.md	botm	oe	Development to Old English	[botm]{.lex lang=oe}	[`botm`]{.iv lang=oe sort=botm role=comparison_form}	comparison_form	promoted to index-bearing semantic evidence
Germanic/docs/lexeme_reports/model_entries/2250-thistle-þistles.model.md	tacn	oe	Development to Old English	[tacn]{.lex lang=oe}	[`tacn`]{.iv lang=oe sort=tacn role=comparison_form}	comparison_form	promoted to index-bearing semantic evidence
Germanic/docs/lexeme_reports/model_entries/2250-thistle-þistles.model.md	wépn	oe	Development to Old English	[wépn]{.lex lang=oe}	[`wépn`]{.iv lang=oe sort=wépn role=comparison_form}	comparison_form	promoted to index-bearing semantic evidence
Germanic/docs/lexeme_reports/model_entries/2266-wade-wadan.model.md	wadan	oe	Reconstruction and comparative evidence	[wadan]{.lex lang=oe}	[`wadan`]{.iv lang=oe sort=wadan role=comparison_form}	comparison_form	promoted to index-bearing semantic evidence
Germanic/docs/lexeme_reports/model_entries/2266-wade-wadan.model.md	wadan	oe	Old English evidence	[wadan]{.lex lang=oe}	[`wadan`]{.iv lang=oe sort=wadan role=comparison_form}	comparison_form	promoted to index-bearing semantic evidence
Germanic/docs/lexeme_reports/model_entries/2266-wade-wadan.model.md	wadan	oe	Development to Old English	[wadan]{.lex lang=oe}	[`wadan`]{.iv lang=oe sort=wadan role=comparison_form}	comparison_form	promoted to index-bearing semantic evidence
Germanic/docs/lexeme_reports/model_entries/2273-wasp-wæfs.model.md	wasp	oe	Reconstruction and comparative evidence	[wasp]{.lex lang=oe}	[`wasp`]{.iv lang=oe sort=wasp role=comparison_form}	comparison_form	promoted to index-bearing semantic evidence
Germanic/docs/lexeme_reports/model_entries/2274-water-wæter.model.md	wætera	oe	Old English evidence	[wætera]{.lex lang=oe}	[`wætera`]{.iv lang=oe sort=waetera role=comparison_form}	comparison_form	promoted to index-bearing semantic evidence
Germanic/docs/lexeme_reports/model_entries/2274-water-wæter.model.md	wætere	oe	Old English evidence	[wætere]{.lex lang=oe}	[`wætere`]{.iv lang=oe sort=waetere role=comparison_form}	comparison_form	promoted to index-bearing semantic evidence
Germanic/docs/lexeme_reports/model_entries/2274-water-wæter.model.md	wæteres	oe	Old English evidence	[wæteres]{.lex lang=oe}	[`wæteres`]{.iv lang=oe sort=waeteres role=comparison_form}	comparison_form	promoted to index-bearing semantic evidence
Germanic/docs/lexeme_reports/model_entries/2274-water-wæter.model.md	wæterum	oe	Old English evidence	[wæterum]{.lex lang=oe}	[`wæterum`]{.iv lang=oe sort=waeterum role=comparison_form}	comparison_form	promoted to index-bearing semantic evidence
Germanic/docs/lexeme_reports/model_entries/2284-whale-hwæl.model.md	hwæl	oe	Development to Old English	[hwæl]{.lex lang=oe}	[`hwæl`]{.iv lang=oe sort=hwael role=target_form}	target_form	promoted to index-bearing semantic evidence
Germanic/docs/lexeme_reports/model_entries/2293-will-willa.model.md	willan	oe	Old English evidence	[willan]{.lex lang=oe}	[`willan`]{.iv lang=oe sort=willan role=comparison_form}	comparison_form	promoted to index-bearing semantic evidence
Germanic/docs/lexeme_reports/model_entries/2293-will-willa.model.md	willa	oe	Development to Old English	[willa]{.lex lang=oe}	[`willa`]{.iv lang=oe sort=willa role=comparison_form}	comparison_form	promoted to index-bearing semantic evidence
Germanic/docs/lexeme_reports/model_entries/2293-will-willa.model.md	willan	oe	Lexical note	[willan]{.lex lang=oe}	[`willan`]{.iv lang=oe sort=willan role=comparison_form}	comparison_form	promoted to index-bearing semantic evidence
Germanic/docs/lexeme_reports/model_entries/2294-wind-windan.model.md	windan	oe	Old English evidence	[windan]{.lex lang=oe}	[`windan`]{.iv lang=oe sort=windan role=comparison_form}	comparison_form	promoted to index-bearing semantic evidence
Germanic/docs/lexeme_reports/model_entries/2297-wold-weald.model.md	wald	oe	Reconstruction and comparative evidence	[wald]{.lex lang=oe}	[`wald`]{.iv lang=oe sort=wald role=comparison_form}	comparison_form	promoted to index-bearing semantic evidence
Germanic/docs/lexeme_reports/model_entries/2297-wold-weald.model.md	weald	oe	Reconstruction and comparative evidence	[weald]{.lex lang=oe}	[`weald`]{.iv lang=oe sort=weald role=comparison_form}	comparison_form	promoted to index-bearing semantic evidence
Germanic/docs/lexeme_reports/model_entries/2297-wold-weald.model.md	wald	oe	Old English evidence	[wald]{.lex lang=oe}	[`wald`]{.iv lang=oe sort=wald role=comparison_form}	comparison_form	promoted to index-bearing semantic evidence
Germanic/docs/lexeme_reports/model_entries/2297-wold-weald.model.md	wald	oe	Old English evidence	[wald]{.lex lang=oe}	[`wald`]{.iv lang=oe sort=wald role=comparison_form}	comparison_form	promoted to index-bearing semantic evidence
Germanic/docs/lexeme_reports/model_entries/2297-wold-weald.model.md	weald	oe	Old English evidence	[weald]{.lex lang=oe}	[`weald`]{.iv lang=oe sort=weald role=comparison_form}	comparison_form	promoted to index-bearing semantic evidence
Germanic/docs/lexeme_reports/model_entries/2297-wold-weald.model.md	wold	oe	Old English evidence	[wold]{.lex lang=oe}	[`wold`]{.iv lang=oe sort=wold role=comparison_form}	comparison_form	promoted to index-bearing semantic evidence
Germanic/docs/lexeme_reports/model_entries/2297-wold-weald.model.md	weald	oe	Development to Old English	[weald]{.lex lang=oe}	[`weald`]{.iv lang=oe sort=weald role=comparison_form}	comparison_form	promoted to index-bearing semantic evidence
Germanic/docs/lexeme_reports/model_entries/2297-wold-weald.model.md	wald	oe	Dialect note	[wald]{.lex lang=oe}	[`wald`]{.iv lang=oe sort=wald role=comparison_form}	comparison_form	promoted to index-bearing semantic evidence
Germanic/docs/lexeme_reports/model_entries/2297-wold-weald.model.md	weald	oe	Dialect note	[weald]{.lex lang=oe}	[`weald`]{.iv lang=oe sort=weald role=comparison_form}	comparison_form	promoted to index-bearing semantic evidence
Germanic/docs/lexeme_reports/model_entries/2298-wolf-wulf.model.md	wulfe	oe	Old English evidence	[wulfe]{.lex lang=oe}	[`wulfe`]{.iv lang=oe sort=wulfe role=comparison_form}	comparison_form	promoted to index-bearing semantic evidence
Germanic/docs/lexeme_reports/model_entries/2298-wolf-wulf.model.md	wulfai	oe	Old English evidence	[wulfai]{.lex lang=oe}	[`wulfai`]{.iv lang=oe sort=wulfai role=comparison_form}	comparison_form	promoted to index-bearing semantic evidence
Germanic/docs/lexeme_reports/model_entries/2298-wolf-wulf.model.md	wulfi	oe	Old English evidence	[wulfi]{.lex lang=oe}	[`wulfi`]{.iv lang=oe sort=wulfi role=comparison_form}	comparison_form	promoted to index-bearing semantic evidence
Germanic/docs/lexeme_reports/model_entries/2298-wolf-wulf.model.md	wylf	oe	Development to Old English	[wylf]{.lex lang=oe}	[`wylf`]{.iv lang=oe sort=wylf role=comparison_form}	comparison_form	promoted to index-bearing semantic evidence
Germanic/docs/lexeme_reports/model_entries/2300-wool-wull.model.md	foll	ohg	Reconstruction and comparative evidence	[foll]{.lex lang=ohg}	[foll]{.iv lang=ohg sort=foll role=comparison_form}	comparison_form	promoted to index-bearing semantic evidence
Germanic/docs/lexeme_reports/model_entries/2300-wool-wull.model.md	wulle	oe	Reconstruction and comparative evidence	[wulle]{.lex lang=oe}	[`wulle`]{.iv lang=oe sort=wulle role=comparison_form}	comparison_form	promoted to index-bearing semantic evidence
Germanic/docs/lexeme_reports/model_entries/2300-wool-wull.model.md	wull	oe	Reconstruction and comparative evidence	[wull]{.lex lang=oe}	[`wull`]{.iv lang=oe sort=wull role=comparison_form}	comparison_form	promoted to index-bearing semantic evidence
Germanic/docs/lexeme_reports/model_entries/2300-wool-wull.model.md	wulle	oe	Reconstruction and comparative evidence	[wulle]{.lex lang=oe}	[`wulle`]{.iv lang=oe sort=wulle role=comparison_form}	comparison_form	promoted to index-bearing semantic evidence
Germanic/docs/lexeme_reports/model_entries/2300-wool-wull.model.md	wull	oe	Old English evidence	[wull]{.lex lang=oe}	[`wull`]{.iv lang=oe sort=wull role=comparison_form}	comparison_form	promoted to index-bearing semantic evidence
Germanic/docs/lexeme_reports/model_entries/2300-wool-wull.model.md	wulle	oe	Old English evidence	[wulle]{.lex lang=oe}	[`wulle`]{.iv lang=oe sort=wulle role=comparison_form}	comparison_form	promoted to index-bearing semantic evidence
Germanic/docs/lexeme_reports/model_entries/2305-yarn-ġearn.model.md	gearn	oe	Reconstruction and comparative evidence	[gearn]{.lex lang=oe}	[`gearn`]{.iv lang=oe sort=gearn role=comparison_form}	comparison_form	promoted to index-bearing semantic evidence
Germanic/docs/lexeme_reports/model_entries/2305-yarn-ġearn.model.md	gearn	oe	Old English evidence	[gearn]{.lex lang=oe}	[`gearn`]{.iv lang=oe sort=gearn role=comparison_form}	comparison_form	promoted to index-bearing semantic evidence
Germanic/docs/lexeme_reports/model_entries/2310-make-(3sg)-macaþ.model.md	Macaþ	oe	Old English evidence	[Macaþ]{.lex lang=oe}	[`Macaþ`]{.iv lang=oe sort=macath role=comparison_form}	comparison_form	promoted to index-bearing semantic evidence
Germanic/docs/lexeme_reports/model_entries/2310-make-(3sg)-macaþ.model.md	macian	oe	Development to Old English	[macian]{.lex lang=oe}	[macian]{.iv lang=oe sort=macian role=comparison_form}	comparison_form	promoted to index-bearing semantic evidence
Germanic/docs/lexeme_reports/model_entries/2311-bore-(iptv.2sg)-bora.model.md	borian	oe	Reconstruction and comparative evidence	[borian]{.lex lang=oe}	[`borian`]{.iv lang=oe sort=borian role=comparison_form}	comparison_form	promoted to index-bearing semantic evidence
Germanic/docs/lexeme_reports/model_entries/2311-bore-(iptv.2sg)-bora.model.md	borian	oe	Old English evidence	[borian]{.lex lang=oe}	[`borian`]{.iv lang=oe sort=borian role=comparison_form}	comparison_form	promoted to index-bearing semantic evidence
Germanic/docs/lexeme_reports/model_entries/2312-bore-(3sg)-boraþ.model.md	borian	oe	Reconstruction and comparative evidence	[borian]{.lex lang=oe}	[`borian`]{.iv lang=oe sort=borian role=comparison_form}	comparison_form	promoted to index-bearing semantic evidence
Germanic/docs/lexeme_reports/model_entries/2312-bore-(3sg)-boraþ.model.md	borian	oe	Old English evidence	[borian]{.lex lang=oe}	[`borian`]{.iv lang=oe sort=borian role=comparison_form}	comparison_form	promoted to index-bearing semantic evidence
Germanic/docs/lexeme_reports/model_entries/2312-bore-(3sg)-boraþ.model.md	boraþ	oe	Old English evidence	[boraþ]{.lex lang=oe}	[`boraþ`]{.iv lang=oe sort=borath role=comparison_form}	comparison_form	promoted to index-bearing semantic evidence
Germanic/docs/lexeme_reports/model_entries/2312-bore-(3sg)-boraþ.model.md	boraþ	oe	Old English evidence	[boraþ]{.lex lang=oe}	[`boraþ`]{.iv lang=oe sort=borath role=comparison_form}	comparison_form	promoted to index-bearing semantic evidence
Germanic/docs/lexeme_reports/model_entries/2312-bore-(3sg)-boraþ.model.md	Boraþ	oe	Development to Old English	[Boraþ]{.lex lang=oe}	[`Boraþ`]{.iv lang=oe sort=borath role=comparison_form}	comparison_form	promoted to index-bearing semantic evidence
Germanic/docs/lexeme_reports/model_entries/2314-learn-(3sg)-liornaþ.model.md	liornaþ	oe	Development to Old English	[liornaþ]{.lex lang=oe}	[`liornaþ`]{.iv lang=oe sort=liornath role=target_form}	target_form	promoted to index-bearing semantic evidence
Germanic/docs/lexeme_reports/model_entries/2216-stem-stefn.model.md	stefn	oe	Homonym note		[stefn]{.lex lang=oe}		new .lex in revised prose
