ID	DOCULECT	CONCEPT	COGIDS	GLOSSID	IPA	TOKENS	PROTOSTEM	PROTOFORM	COUNTERPART	NOTE
1	Old_Irish	apple	1	1	uvul	u v u l	*abalo-	*abul 	ubull
2	Middle_Welsh	apple	1	1	aual	a u a l	*abalo-	*abul 	aual
3	Old_Breton	apple	1	1	abal	a b a l	*abalo-	*abul 	abal
4	Old_Irish	river	2	2	auv	a u v	*abon-	*abū 	aub
5	Middle_Welsh	river	2	2	avon	a v o n	*abon-	*abū 	afon
6	Middle_Breton	river	2	2	auon	a u o n	*abon-	*abū 	auon
7 	Middle_Cornish	river	2	2	auon	a u o n	*abon-	*abū 	auon
8 	Gaulish	river	2	2	ambe	a m b e	*abon-	*abū 	ambe
9 	Old_Irish	high	3	3	ard	a r d	*ardwo-	*ardwos 	ard
10	Middle_Welsh	hill	3	4	arð	a r ð	*ardwo-	*ardwos	ardd
11	Middle_Breton	elevated	3	5	arz	a r z	*ardwo-	*ardwos	arz
12	Gaulish	high	3	3	ardu	a r d u	*ardwo-	*ardwos 	ardu	Attested in toponym Ardu-enna (Ardennes Forest)
13	Old_Irish	silver	4	6	arɣad	a r ɣ a d	*arganto-	*argantom	argat
14	Old_Welsh	silver	4	6	argant	a r g a n t	*arganto-	*argantom	argant
15	Old_Breton	silver	4	6	argant	a r g a n t	*arganto-	*argantom	argant
16	Middle_Cornish	silver	4	6	argans	a r g a n s	*arganto-	*argantom	argans
17	Gaulish	silver	4	6	arganto	a r g a n t o	*arganto-	*argantom	arganto	Attested in toponym Arganto-Magus
18	Celtiberian	silver	4	6	arkato	a r k a t o	*arganto-	*argantom	arkato	Attested in phrase Arkanto-bezom, interpreted as silver mine
19	Old_Irish	noble	5	7	are	a r e	*aryo-	*aryos	aire
20	Gaulish	noble	5	7	arios	a r i o s	*aryo-	*aryos	arios	Attested in personal names Ariomanus, Ariovistus
21	Old_Irish	strong	6	8	balk	b a l k	*balko-	*balkos	balc
22	Middle_Welsh	strong	6	8	balχ	b a l χ	*balko-	*balkos	balch
23	Old_Irish	peak	7	9	ben	b e n	*bando-	*bandā	benn
24	Middle_Welsh	peak	7	9	ban	b a n	*bando-	*bandā	bann
25	Middle_Breton	peak	7	9	ban	b a n	*bando-	*bandā	ban
26	Gaulish	peak	7	10	benikus	b e n i k u s	*bando-	*bandā	benicus	Attested from toponym Canto-Bennicus
27	Old_Irish	bard	8	11	bard	b a r d	*bardo-	*bardos	bard
28	Middle_Welsh	bard	8	11	barð	b a r ð	*bardo-	*bardos	bardd
29	Middle_Breton	bard	8	11	bars	b a r s	*bardo-	*bardos	barz
30	Old_Cornish	bard	8	11	barθ	b a r θ	*bardo-	*bardos	barth
31	Gaulish	bard	8	11	bardos	b a r d o s	*bardo-	*bardos	bardos
32	Old_Irish	woman	9	12	ben	b e n	*bena-	*benā	ben
33	Old_Welsh	woman	9	12	ben	b e n	*bena-	*benā	ben
34	Middle_Breton	woman	9	12	ben	b e n	*bena-	*benā	ben
35	Old_Cornish	woman	9	12	benen	b e n e n	*bena-	*benā	benen
36	Gaulish	woman	9	12	bnanom	b n a n o m	*bena-	*benā	bnanom
37	Old_Irish	world	10	13	biθ	b i θ	*bitu-	*bitus	bith
38	Old_Welsh	world	10	13	bid	b i d	*bitu-	*bitus	bid
39	Old_Breton	world	10	13	bit	b i t	*bitu-	*bitus	bit
40	Old_Cornish	world	10	13	bit	b i t	*bitu-	*bitus	bit
41	Gaulish	world	10	13	bitu	b i t u	*bitu-	*bitus 	bitus	Attested from ethnonym Bituriges
42	Old_Irish	alive	11	14	bēu	b ē u	*biwo	*biwos	béo
43	Middle_Welsh	alive	11	14	biu	b i u	*biwo	*biwos	byw
44	Middle_Breton	alive	11	14	biu	b i u	*biwo	*biwos	beu
45	Old_Cornish	alive	11	14	biu	b i u	*biwo	*biwos	biu
46	Gaulish	alive	11	15	biu	b i u 	*biwo	*biwos	biu	Only attested as Personal Name Biuonia
47	Old_Irish	year	12	16	blīaðan	b l ī a ð a n	*bleidanī	*bleidanī	blíadain
48	Old_Welsh	year	12	16	bloiðin	b l o i ð i n	*bleidanī	*bleidanī	bloidin
49	Old_Breton	year	12	16	bliðan	b l i ð a n	*bleidanī	*bleidanī	blidan
50	Old_Cornish	year	12	16	bliθen	b l i θ e n	*bleidanī	*bleidanī	bliþen
51	Old_Irish	sack, stomach	13	17	bolg	b o l g	*bolgo-	*bolgos	bolg
52	Middle_Welsh	sack, stomach	13	17	bol	b o l	*bolgo-	*bolgos	bol
53	Middle_Breton	sack, stomach	13	17	bolχ	b o l χ	*bolgo-	*bolgos	bolc'h
54	Gaulish	sack, stomach	13	17	bolgas	b o l g a s	*bolgo-	*bolgos	bulgas
55	Old_Irish	cow	14	18	bo	b o	*bow-	*baus	bó
56	Old_Welsh	cow	14	18	bu	b u	*bow-	*baus	bu
57	Middle_Breton	cow	14	19	bo	b o 	*bow-	*baus 	bou	From bou-tig "stable" or literally "cow house"
58	Gaulish	cow	14	20	bo	b o	*bow-	*baus 	bo	From Personal Name Bo-marus
59	Celtiberian	cow	14	19	bo	b o	*bow-	*baus 	bou	From bou-stom "stable"
60	Old_Irish	brother	15	21	brāθir	b r ā θ i r	*brātīr	*brātīr	bráthair
61	Middle_Welsh	brother	15	21	braud	b r a u d	*brātīr	*brātīr	brawt
62	Old_Breton	brother	15	21	brotr	b r o t r	*brātīr	*brātīr 	brotr
63	Gaulish	brother (name)	15	22	bratr	b r a t r 	*brātīr	*brātīr 	bratr	Only attested as Personal Name Bratronos
64	Old_Irish	judgement	16	23	brāθ	b r ā θ	*brātu-	*brātus	bráth
65	Old_Welsh	judgement	16	23	braut	b r a u t	*brātu-	*brātus	braut
66	Middle_Breton	debate	16	24	breut	b r e u t	*brātu- 	*brātus	breut
67	Middle_Cornish	judgement	16	23	bres	b r e s	*brātu-	*brātus	bres
68	Gaulish	judgment	16	25	brat	b r a t 	*brātu-	*brātus 	brat-	Only attested in dedication Bratou dekantem
69	Old_Irish	assembly	17	26	dāl	d ā l	*datla-	*datlā	dál
70	Middle_Welsh	assembly	17	26	dadl	d a d l	*datla-	*datlā	dadl
71	Old_Breton	assembly	17	26	dadl	d a d l	*datla-	*datlā	dadl
72	Old_Irish	God	18	27	dīa	d ī a	*deiw-	*deiwos	día
73	Old_Welsh	God	18	27	diui	d i u i	*deiw-	*deiwos	duiu
74	Middle_Breton	God	18	27	doe	d o e	*deiw-	*deiwos	doe
75	Old_Cornish	God	18	27	dui	d u i	*deiw-	*deiwos	duy
76	Gaulish	God	18	27	deuo	d e u o	*deiw-	*deiwos 	deuo	Only attested in Deity name Deuognata
77	Celtiberian	God	18	27	teiuo	t e i u o	*deiw-	*deiwos 	teiuo	Only attested in Deity name Teiuoreikis
78	Old_Irish	bad	19	28	drox	d r o x	*druko-	*drukos	droch
79	Middle_Welsh	bad	19	28	drug	d r u g	*druko-	*drukos	drwg
80	Middle_Breton	bad	19	28	druk	d r u k	*druko-	*drukos	drouk
81	Gaulish	bad	19	28	druk	d r u k	*druko-	*drukos 	druca	Only attested in Proper Noun druka
82	Old_Irish	fort	20	29	dūn	d ū n	*dūno-	*dūnom	dún
83	Middle_Welsh	fort	20	29	din	d i n	*dūno-	*dūnom	din
84	Old_Breton	fort	20	29	din	d i n	*dūno-	*dūnom	din
85	Middle_Cornish	fort	20	29	din	d i n	*dūno-	*dūnom	dyn
86	Gaulish	fort	20	29	dunum	d u n u m	*dūno-	*dūnom	dunum
87	Old_Irish	horse	21	30	ex	e x	*ekʷo-	*ekʷos	ech
88	Old_Welsh	horse	21	30	eb	e b	*ekʷo-	*ekʷos	ebawl
89	Old_Breton	horse	21	30	eb	e b	*ekʷo-	*ekʷos	eb
90	Gaulish	horse	21	31	epos	e p o s	*ekʷo-	*ekʷos 	epos	Attested as Proper Noun
91	Celtiberian	horse	21	32	ekua	e k u a	*ekʷo-	*ekʷos 	ekua	Attested from Proper Noun Ekualaku
92	Old_Irish	salmon	22	33	ēo	ē o	*esok-	*esoxs	eó
93	Middle_Welsh	salmon	22	33	eok	e o k	*esok-	*esoxs	ehawc
94	Middle_Breton	salmon	22	33	euk	e u k	*esok-	*esoxs	eheuc
95	Old_Cornish	salmon	22	33	ehok	e h o k	*esok-	*esoxs	ehoc
96	Gaulish	salmon	22	33	esox	e s o x	*esok-	*esoxs	esoks
97	Old_Irish	bird	23	35	ēn	ē n	*ɸetno-	*ɸetnos	én
98	Middle_Welsh	bird	23	35	edn	e d n	*ɸetno-	*ɸetnos	edn
99	Middle_Breton	bird	23	35	ezn	e z n	*ɸetno-	*ɸetnos	ezn
100	Gaulish	bird	24	36	etnos	e t n o s	*ɸetno-	*ɸetnos 	etnos	Only Attested in Deity name Etnosus
101	Old_Irish	hand	25	37	lāv	l ā v	*ɸlāma-	*ɸlāmā	lám
102	Old_Welsh	hand	25	37	lau	l a u	*ɸlāma-	*ɸlāmā	lau
103	Old_Cornish	hand	25	37	lof	l o f	*ɸlāma-	*ɸlāmā	lof
104	Gaulish	hand	25	38	lama	l a m a	*ɸlāma-	*ɸlāmā	lama	Only attested in Proper Noun Lamatutus
105	Old_Irish	fern	26	39	rāθ	r ā θ	*ɸrati-	*ɸratis	ráth
106	Middle_Breton	fern	26	39	reden	r e d e n	*ɸrati-	*ɸratis	reden
107 	Old_Cornish	fern	26	39	reden	r e d e n	*ɸrati-	*ɸratis	reden
108 	Gaulish	fern	26	39	ratis	r a t i s	*ɸrati-	*ɸratis	ratis
109 	Old_Irish	goat	27	40	gavor	g a v o r	*gabro-	*gabros	gabor
110	Middle_Welsh	goat	27	40	gauar	g a u a r	*gabro-	*gabros	gauar
111	Old_Breton	goat	27	40	gabr	g a b r	*gabro-	*gabros	gabr
112	Old_Cornish	goat	27	40	gauar	g a u a r	*gabro-	*gabros	gauar
113	Gaulish	goat	27	41	gabro	g a b r o	*gabro-	*gabros 	grabo	Attested in place name Gabromagus (goat field)
114	Old_Irish	person	28	42	dune	d u n e	*gdony-	*gdonyos	duine
115	Middle_Welsh	person	28	42	din	d i n	*gdony-	*gdonyos	dyn
116	Old_Breton	person	28	42	den	d e n 	*gdony-	*gdonyos	den
117	Old_Cornish	person	28	42	den	d e n 	*gdony-	*gdonyos	den
118	Gaulish	person	28	43	kstonio	k s t o n i o 	*gdony-	*gdonyos 	-xtonio
119	Old_Irish	grain	29	44	grān	g r ā n	*grāno-	*grānom	grán
120	Middle_Welsh	grain	29	44	graun	g r a u n	*grāno-	*grānom	grawn
121	Old_Irish	iron	30	45	iərn 	i ə r n	*isarno-	*isarnom	iarn
122	Middle_Welsh	iron	30	45	heiarn	h e i a r n	*isarno-	*isarnom	haearn
123	Middle_Breton	iron	30	45	hoiarn	h o i a r n	*isarno-	*isarnom	hoiarn
124	Gaulish	iron	30	46	isarnus	i s a r n u s	*isarno-	*isarnom	isarnus	Only attested as PN
125	Old_Irish	everyone	31	47	kāx	k ā x	*kʷākʷo-	*kʷākʷos	cách
126	Old_Welsh	everyone	31	47	paup	p a u p	*kʷākʷo-	*kʷākʷos	paup
127	Old_Breton	everyone	31	47	pop	p o p	*kʷākʷo-	*kʷākʷos	pop
128	Old_Irish	five	32	48	kōig	k ō i g	*kʷenkʷe	*kʷenkʷe	cóic
129	Old_Welsh	five	32	48	pimp	p i m p	*kʷenkʷe	*kʷenkʷe	pimp
130	Old_Breton	five	32	48	pemp	p e m p	*kʷenkʷe	*kʷenkʷe	pemp
131	Gaulish	five	32	48	pempe	p e m p e	*kʷenkʷe	*kʷenkʷe 	pempe-
132	Old_Irish	four	33	49	keθir	k e θ i r	*kʷetwores	*kʷetwores	cethair
133	Old_Welsh	four	33	49	petguar	p e t g u a r	*kʷetwores	*kʷetwores	petguar
134	Old_Breton	four	33	49	petguar	p e t g u a r	*kʷetwores	*kʷetwores	petguar
135	Gaulish	four	33	49	petuar	p e t u a r	*kʷetwores	*kʷetwores	petuar
136	Old_Irish	tree	34	50	kran	k r a n	*kʷresnom	*kʷresnom	crann
137	Middle_Welsh	tree	34	50	pren	p r e n	*kʷresnom	*kʷresnom	prenn
138	Old_Breton	tree	34	50	pren	p r e n	*kʷresnom	*kʷresnom	pren
139	Gaulish	tree	34	51	prene	p r e n e	*kʷresnom	*kʷresnom	prenne	Glossed as "Big tree"
140	Old_Irish	crooked	35	52	kam	k a m	*kambo	*kambos	camm
141	Old_Welsh	evil	35	53	kam	k a m	*kambo	*kambos	cam
142	Old_Breton	evil	35	53	kam	k a m	*kambo	*kambos	camm
143	Gaulish	crooked	35	54	kambo	k a m b o	*kambo	*kambos	cambo	Only Attested as Proper noun
144	Old_Irish	hundred	36	55	kēd	k ē d	*kantom	*kantom	cét
145	Old_Welsh	hundred	36	55	kant	k a n t	*kantom	*kantom	cant
146	Old_Breton	hundred	36	55	kant	k a n t	*kantom	*kantom	cant
147	Old_Cornish	hundred	36	55	kans	k a n s	*kantom	*kantom	cans
148	Gaulish	hundred	36	55	kanto	k a n t o	*kantom	*kantom	canto	Attested as Canto-mili "100 milles / feet"
149	Celtiberian	hundred	36	55	kantom	k a n t o m	*kantom	*kantom	kantom
150	Old_Irish	friend	37	56	kara	k a r a	*karant-	*karants	cara
151	Old_Welsh	friend	37	56	kar	k a r	*karant-	*karants	car
152	Old_Breton	friend	37	56	kar	k a r	*karant-	*karants	car
153	Old_Cornish	friend	37	56	kar	k a r	*karant-	*karants	car
154	Gaulish	friend	37	57	karanto	k a r a n t o	*karant-	*karants	caranto
155	Old_Irish	meadow	38	58	kluən	k l u ə n	*klouni-	*klounis	clúain
156	Old_Welsh	meadow	38	58	klun	k l u n	*klouni-	*klounis	clun
157	Gaulish	meadow	38	58	klun	k l u n	*klouni-	*klounis	clun	Attested in toponym Clunia
158	Old_Irish	troop	39	59	kure	k u r e	*koryo-	*koryos	cuire
159	Old_Welsh	clan, tribe	39	60	korð	k o r ð	*koryo-	*koryos	cordd
160	Gaulish	clan, tribe	39	60	kor	k o r	*koryo-	*koryos	cor-	Attested in ethnonyms such as Vocorii and personal name Atikoryos
161	Old_Irish	trench	40	61	krīk	k r ī k	*krīkʷ-	*krīkʷā	crích
162	Old_Welsh	trench	40	61	krīp	k r ī p	*krīkʷ-	*krīkʷā	crip
163	Middle_Breton	trench	40	61	krīb	k r ī b	*krīkʷ-	*krīkʷā	crib
164	Old_Irish	land, church	41	62	lan	l a n	*landā- 	*landā	lann
165	Old_Welsh	churchyard	41	62	lan	l a n	*landā-	*landā	llan
166	Gaulish	land	41	62	landā	l a n d ā	*landā-	*landā	landā	Reconstructed
167	Old_Irish	ale, liquor	42	63	laθ	l a θ	*lati-	*latis	laith
168	Middle_Welsh	drink, beer	42	64	ɬaid	ɬ a i d	*lati-	*latis	llad
169	Old_Breton	drink, beer	42	64	lat	l a t	*lati-	*latis	lat
170	Old_Cornish	drink, beer	42	64	lad	l a d	*lati-	*latis	lad
171	Gaulish	marsh	42	65	lat	l a t	*lati-	*latis	lat-	Attested in toponym Arelate (Arles)
172	Old_Irish	side, half	43	66	leθ	l e θ	*letos	*letos	leth
173	Middle_Welsh	half, width	43	66	ɬed	ɬ e d	*letos	*letos	lled
174	Middle_Breton	large	43	67	let 	l e t	*letos 	*letos	let
175	Old_Irish	liquid 	44	68	lind	l i n d	*lindo-	*lindos	lind
176	Middle_Welsh	drink, lake	44	69 	ɬin	ɬ i n	*lindo-	*lindos	llynn
177	Old_Breton	drink, lake	44	69	lin	l i n	*lindo-	*lindos	lin
178	Gaulish	liquid, lake	44	69	lindon	l i n d o n	*lindo-	*lindos	linda
179	Old_Irish	boat	45	70	loŋg	l o ŋ g	*longā-	*longā	long
180	Middle_Welsh	boat	45	70	ɬoŋ	ɬ o ŋ	*longā-	*longā	llong
181	Old_Breton	boat	45	70	loko	l o k o	*longā-	*longā	locou
182	Gaulish	boat	45	70	loŋga	l o ŋ g a	*longā-	*longā	longa
183	Old_Irish	god, lug	46	72	luɣ	l u ɣ	*lugu-	*lugus	Lug
184	Old_Welsh	god, lug	46	72	ɬū	ɬ ū	*lugu-	*lugus	Llew
185	Gaulish	god, lug	46 	72	lugus	l u g u s	*lugu-	*lugus	Lugus
186	Celtiberian	god, lug	46	72	lugu	l u g u	*lugu-	*lugus	lugu	attested only as dative LUGUEI
187	Old_Irish	noble, chief	47	73	māl	m ā l	*maglo-	*maglos	mál
188	Middle_Welsh	chief, lord	47	73	mail	m a i l	*maglo-	*maglos	mael
189	Middle_Breton	noble (suffix)	47	74	mail	m a i l	*maglo-	*maglos	mael	suffix in personal names
190	Gaulish	noble	47	7	magalos	m a g a l o s	*maglo-	*maglos	magalos	Only attested as deity name
191	Old_Irish	son	48	76	mak	m a k	*makʷo-	*makʷos	macc
192	Old_Welsh	son	48	76	map	m a p	*makʷo-	*makʷos	map
193	Old_Breton	son	48	76	mab	m a b	*makʷo-	*makʷos	mab
194	Old_Cornish	son	48	76	mab	m a b	*makʷo-	*makʷos	mab
195	Gaulish	son	48	77	mapos	m a p o s	*makʷo-	*makʷos	map	Only attested in diety name Maponos
196	Old_Irish	mother	49	78	māθir	m ā θ i r	*māter-	*mātīr	máthir
197	Old_Welsh	bee 	49	78	modr	m o d r	*māter-	*mātīr	modr	From Modrydaf, meaning Queen Bee, literally mother bee (modr + gydaf)
198	Gaulish	mother	49	78	mātīr	m ā t ī r	*māter-	*mātīr	matir
199	Old_Irish	honey	50	79	mil	m i l	*mel-	*meli	mil
200	Old_Welsh	honey	50	79	mel	m e l	*mel-	*meli	mel
201	Old_Cornish	honey	50	79	mel	m e l	*mel-	*meli	mel
202	Old_Breton	honey	50	79	mel	m e l	*mel-	*meli	mel
203	Gaulish	honey	50	79	meli	m e l i	*mel-	*meli	meli
204	Old_Irish	wish	51	80	mīan	m ī a n	*mēno-	*mēnom	mían
205	Middle_Welsh	delight	51	81	mūin	m ū i n	*mēno-	*mēnom	mwyn
206	Old_Irish	month	52	82	mī	m ī	*mīns-	*mīns	mí
207	Middle_Welsh	month	52	82	mīs	m ī s	*mīns-	*mīns	mis
208	Old_Breton	month	52	82	mīs	m ī s	*mīns-	*mīns	mis
209	Old_Cornish	month	52	82	mīs	m ī s	*mīns-	*mīns	mis
210	Old_Irish	pig	53	83	muk	m u k	*mokku-	*mukkus	mucc
211	Old_Welsh	pig	53	83	mōχ	m ō χ	*mokku-	*mukkus	moch
212	Old_Breton	pig	53	83	mōχ	m ō χ	*mokku-	*mukkus	moch
213	Old_Cornish	pig	53	83	moːχ	m oː χ	*mokku-	*mukkus	mogh
214	Old_Irish	malt	54	84	mraix	m r a i x	*mraki-	*mrakis	mraich
215	Middle_Welsh	malt	54	84	brag	b r a g	*mraki-	*mrakis	brag
216 	Middle_Cornish	malt	54	84	brag	b r a g	*mraki-	*mrakis	brag
217 	Old_Irish	smoke	55	85	mūx	m ū x	*muk-	*muk?	múch	Gender of reconstruction is uncertain
218 	Middle_Welsh	smoke	55	85	mūg	m ū g	*muk-	*muk?	mwg	Gender of reconstruction is uncertain
219 	Middle_Breton	smoke	55	85	mog	m o g	*muk-	*muk?	mog	Gender of reconstruction is uncertain
220	Middle_Cornish	smoke	55	85	mūg	m ū g	*muk-	*muk?	mok	Gender of reconstruction is uncertain
221 	Old_Irish	serpent	56	86	naθir	n a θ i r	*natrik-	*natrixs	nathir
222 	Middle_Welsh	serpent	56	86	neidr	n e i d r	*natrik-	*natrixs	neidr
223 	Middle_Breton	serpent	56	86	nazr	n a z r	*natrik-	*natrixs	nazr
224 	Old_Cornish	serpent	56	86	nader	n a d e r	*natrik-	*natrixs	nader
225 	Old_Irish	boat	57	70	nau	n a u	*nāwā	*nāwā	nau
226 	Middle_Welsh	boat	57	70	noe	n o e	*nāwā	*nāwā	noe
227 	Middle_Breton	boat	57	70	nev	n e v	*nāwā	*nāwā	nev
228 	Old_Irish	heaven	58	88	nev	n e v	*nemos-	*nemos	nem
229 	Old_Welsh	heaven	58	88	nem	n e m	*nemos-	*nemos	nem
230 	Old_Breton	heaven	58	88	nem	n e m	*nemos-	*nemos	nem
231 	Old_Cornish	heaven	58	88	nef	n e f	*nemos-	*nemos	nef
232 	Old_Irish	strength	59	89	nert	n e r t	*nerto-	*nertom	nert
233 	Old_Welsh	strength	59	89	nerθ	n e r θ	*nerto-	*nertom	nerth
234 	Old_Breton	strength	59	89	nerθ	n e r θ	*nerto-	*nertom	nerth
235 	Middle_Cornish	strength	59	89	nerθ	n e r θ	*nerto-	*nertom	nerth
236 	Gaulish	strength	59	90	nerto	n e r t o	*nerto-	*nertom	nerto-	Only attested in Proper Noun 'Nertomaros
237 	Celtiberian	strength	59	91	nerto	n e r t o	*nerto-	*nertom	nerto-	Only attested in Place Name 'Nertobis
238	Old_Irish	nine	60	92	nōi	n ō i	*nowan	*nowan	noí
239	Middle_Welsh	nine	60	92	naū	n a ū	*nowan	*nowan	naw
240	Old_Breton	nine	60	92	naū	n a ū	*nowan	*nowan	nau
241	Middle_Cornish	nine	60	92	naū	n a ū	*nowan	*nowan	naw
242	Old_Irish	all	61	93	ule	u l e	*olyo-	*olyos	uile
243	Middle_Welsh	all	61	93	ol	o l	*olyo-	*olyos	oll
244	Old_Breton	all	61	93	hol	h o l	*olyo-	*olyos	holl
245	Middle_Cornish	all	61	93	hol	h o l	*olyo-	*olyos	hol
246	Gaulish	all	61	93	olon	o l o n	*olyo-	*olyos	ollon
247	Old_Irish	lamb	62	94	ūan	ū a n	*owigno-	*owignos	úan
248	Middle_Welsh	lamb	62	94	oen	o e n	*owigno-	*owignos	oin
249	Middle_Breton	lamb	62	94	oen	o e n	*owigno-	*owignos	oin
250	Old_Cornish	lamb	62	94	oin	o i n	*owigno-	*owignos	oin
251	Old_Irish	high	63	3	ūasal	ū a s a l	*ouxselo-	*ouxselos	úasal
252	Middle_Welsh	high	63	3	uχel	u χ e l	*ouxselo-	*ouxselos	uchel
253	Old_Breton	high	63	3	uχel	u χ e l	*ouxselo-	*ouxselos	uchel
254	Gaulish	high	63	96	uxelo	u x e l o	*ouxselo-	*ouxselos	uxello-	From Toponym Uxello-dunum
255	Old_Irish	eight	64	97	oxt	o x t	*oxtū	*oxtū	ocht
256	Old_Welsh	eight	64	97	oiθ	o i θ	*oxtū	*oxtū	oith
257	Old_Breton	eight	64	97	eiθ	e i θ	*oxtū	*oxtū	eith
258	Gaulish	eight	64	97	oxtu	o x t u	*oxtū	*oxtū	oxtu	From oxtumetos "eighth"
259	Old_Irish	course	65	98	riuθ	r i u θ	*retu-	*retus	riuth
260	Middle_Welsh	course	65	98	ret	r e t	*retu-	*retus	ret
261	Middle_Breton	course	65	98	ret	r e t	*retu-	*retus	ret
262	Middle_Cornish	course	65	98	res	r e s	*retu-	*retus	res
263	Old_Irish	law	66	99	rext	r e x t	*rextu-	*rextus	recht
264	Middle_Welsh	law	66	99	raiθ	r a i θ	*rextu-	*rextus	reyth
265	Middle_Breton	law	66	99	rez	r e z	*rextu-	*rextus	rez
266	Gaulish	law	66	99	rextu	r e x t u	*rextu-	*rextus	rextu-	From rextu-genos, a personal name
267	Celtiberian	law	66	99	retu	r e t u	*rextu-	*rextus	retu-	From retu-keno, a personal name
268	Old_Irish	king	67	100	rī	r ī	*rīg-	*rīxs	rí
269	Old_Welsh	king	67	100	ri	r i	*rīg-	*rīxs	ri
270	Gaulish	king	67	100	rix	r i x	*rīg-	*rīxs	rix
271	Celtiberian	king	67	100	reikis	r e i k i s	*rīg-	*rīxs	reikis
272	Old_Irish	wheel	70	101	roθ	r o θ	*roto-	*rotos	roth
273	Middle_Welsh	wheel	70	101	rot	r o t	*roto-	*rotos	rot
274	Middle_Breton	wheel	70	101	rot	r o t	*roto-	*rotos	rot
275	Gaulish	wheel	70	101	roto	r o t o	*roto-	*rotos	roto	From place name "Roto-magnus"
276	Old_Irish	red	71	102	rūað	r ū a ð	*rowdo-	*rowdos	rúad
277	Old_Welsh	red	71	102	rud	r u d	*rowdo-	*rowdos	rud
278	Old_Breton	red	71	102	rud	r u d	*rowdo-	*rowdos	rud
279	Old_Irish	secret	72	103	rūn	r ū n	*rūnā-	*rūnā	rún
280	Middle_Welsh	secret	72	103	rin	r i n	*rūnā-	*rūnā	rin
281	Middle_Breton	secret	72	103	rin	r i n	*rūnā-	*rūnā	rin
282	Gaulish	secret	72	103	runus	r u n u s	*rūnā-	*rūnā	runus	From Proper Noun Cob-runus
283	Old_Irish	salt	73	104	salan	s a l a n	*saleino-	*saleinos	salann
284	Middle_Welsh	salt	73	104	halen	h a l e n	*saleino-	*saleinos	halen
285	Middle_Breton	salt	73	104	holen	h o l e n	*saleino-	*saleinos	holen
286	Old_Irish	hunt	74	105	selg	s e l g	*selgā-	*selgā	selg
287	Old_Welsh	hunt	74	105	helɣa	h e l ɣ a	*selgā-	*selgā	helgha
288	Middle_Breton	hunt	74	105	hemolχ	h e m o l χ	*selgā-	*selgā	hemolch
289	Old_Irish	path	75	106	sēd	s ē d	*sentu-	*sentus	sét
290	Middle_Welsh	path	75	106	hint	h i n t	*sentu-	*sentus	hint
291	Old_Breton	path	75	106	hint	h i n t	*sentu-	*sentus	hint
292	Middle_Cornish	path	75	106	hins	h i n s	*sentu-	*sentus	hins
293	Gaulish	path	75	107	sento	s e n t o	*sentu-	*sentus	sento	From place name Sento-latis
294	Old_Irish	seven	76	108	sext	s e x t	*sextam	*sextam	secht
295	Middle_Welsh	seven	76	108	seiθ	s e i θ	*sextam	*sextam	seith
296	Middle_Breton	seven	76	108	seiθ	s e i θ	*sextam	*sextam	seith
297	Gaulish	seven	76	108	sextan	s e x t a n	*sextam	*sextam	sextan
298	Old_Irish	heel	77	109	ser	s e r	*sɸerā-	*sɸerā	seir
299	Middle_Welsh	ankle	77	110	fer	f e r	*sɸerā-	*sɸerā	ffer
300	Old_Cornish	ankle	77	110	fer	f e r	*sɸerā-	*sɸerā	fer
301	Old_Irish	descendants	78	111	sīl	s ī l	*sīlo- 	*sīlom	síl
302	Middle_Welsh	race, lineage	78	111	hīl	h ī l	*sīlo-	*sīlom	hil
303	Old_Irish	this	79	112	sin	s i n	*sindo-	*sindos	sin
304	Old_Welsh	this	79	112	hin	h i n	*sindo-	*sindos	hinn
305	Gaulish	this	79	112	sind	s i n d	*sindo-	*sindos	sinde	Declines for gender, case and number unlike Brythonic and Irish
306	Old_Irish	story	80	113	skēl	s k ē l	*skʷetlo-	*skʷetlom	scél
307	Middle_Welsh	story	80	113	χwedl	χ w e d l	*skʷetlo-	*skʷetlom	chwedl
308	Old_Irish	shadow	81	114	skāθ	s k ā θ	*skātu-	*skātu	scáth
309	Middle_Welsh	shadow	81	114	isgād	i s g ā d	*skātu-	*skātu	ysgawd
310	Old_Cornish	shadow	81	115	skod	s k o d	*skātu-	*skātu	scod
311	Old_Irish	tired	82	116	skīθ	s k ī θ	*skīto-	*skītos	scíth
312	Middle_Welsh	tired	82	116	eskud	e s k u d	*skīto-	*skītos	escud
313	Middle_Breton	tired	82	116	eskuit	e s k u i t	*skīto-	*skītos	escuit
314	Middle_Cornish	tired	82	116	uskis	u s k i s	*skīto-	*skītos	uskys
315	Old_Irish	stalk	83	117	slat	s l a t	*slattā-	*slattā	slat
316	Old_Breton	stalk	83	117	laθ	l a θ	*slattā-	*slattā	llath
317	Middle_Cornish	stalk	83	117	laθ	l a θ	*slattā-	*slattā	lath
318	Old_Irish	blackberry	84	118	smēr	s m ē r	*smiyoro-	*smiyoros	smér
319	Middle_Welsh	blackberry	84	118	muiar	m u i a r	*smiyoro-	*smiyoros	mwyar
320	Middle_Breton	blackberry	84	118	mouar	m o u a r	*smiyoro-	*smiyoros	mouar
321	Old_Irish	nose	85	119	srōn	s r ō n	*srognā-	*srognā	srón
322	Middle_Welsh	nose 	85	119	froin	f r o i n	*srognā-	*srognā	ffroen
323	Old_Breton	nose	85	119	fron	f r o n	*srognā-	*srognā	fron
324	Gaulish	nose	85	119	frogna	f r o g n a	*srognā-	*srognā	frogna
325	Old_Irish	love	87	121	serk	s e r k	*sterkā-	*sterkā	serc
326	Middle_Welsh	love	87	121	serχ	s e r χ	*sterkā-	*sterkā	serch
327	Middle_Breton	concubine	87	122	serχ	s e r χ	*sterkā-	*sterkā	serc'h
328	Old_Irish	valley	88	123	sraθ 	s r a θ	*strato-	*stratos	srath
329	Middle_Welsh	valley	88	123	istrad	i s t r a d	*strato-	*stratos	ystrad
330	Middle_Breton	bottom	88	124	strad	s t r a d	*strato-	*stratos	strad
331	Old_Irish	treasure	89	125	sēd	s ē d	*swanto-	*swantos	sét
332	Middle_Welsh	desire	89	126	χwant	χ w a n t	*swanto-	*swantos	chwant
333	Middle_Breton	treasure	89	125	χoant	χ o a n t	*swanto-	*swantos	c'hoant
334	Old_Irish	turn, moment	90	127	sel	s e l	*swelo-	*swelos	sel
335	Middle_Welsh	turn, course	90	127	χwil	χ w i l	*swelo-	*swelos	chwyl
336	Middle_Breton	turn, moment	90	127	hoalat	h o a l a t	*swelo-	*swelos	hoalat
337	Old_Irish	six	91	128	sē	s ē	*swexs	*swexs	sé
338	Middle_Welsh	six	91	128	χwēχ	χ w ē χ	*swexs	*swexs	chwech
339	Old_Breton	six	91	128	hue	h u e	*swexs	*swexs	hue
340	Middle_Cornish	six	91	128	wē	w ē	*swexs	*swexs	whe
341	Gaulish	six	91	128	suex	s u e x	*swexs	*swexs	suexos
342	Celtiberian	six	91	128	sues	s u e s	*swexs	*swexs	sues
343	Old_Irish	time	92	129	tan	t a n	*tanā-	*tanā	tan
344	Middle_Welsh	time	92	129	tan	t a n	*tanā-	*tanā	tan
345	Old_Breton	time	92	129	tan	t a n	*tanā-	*tanā	tan
346	Old_Irish	tongue	93	130	teŋge	t e ŋ g e	*tangʷāt-	*tangʷāts	tengae
347	Old_Welsh	tongue	93	130	tauaūt	t a u a ū t	*tangʷāt-	*tangʷāts	tauawt
348	Middle_Breton	tongue	93	130	teuot	t e u o t	*tangʷāt-	*tangʷāts	teaut
349	Old_Irish	poet	94	131	taðg	t a ð g	*tasko-	*taskos	Tadg
350	Gaulish	badger	94	132	taskos	t a s k o s	*tasko-	*taskos	Tascos
351	Old_Irish	house	96	133	tex	t e x	*tegos-	*tegos	tech
352	Old_Welsh	house	96	133	tig	t i g	*tegos-	*tegos	tig
353	Old_Breton	house	96	133	tig	t i g	*tegos-	*tegos	tig	From bou-tig "stable"
354	Old_Irish	lord	97	134	tiɣern	t i ɣ e r n	*tigerno-	*tigernos	tigern
355	Middle_Welsh	lord	97	134	teern	t e e r n	*tigerno-	*tigernos	teern
356	Old_Breton	lord	97	134	tiarn	t i a r n	*tigerno-	*tigernos	tiarn
357	Gaulish	lord	97	134	tigernos	t i g e r n o s	*tigerno-	*tigernos	tigernos	From Toponym Castrum Tigernum
358	Old_Irish	land	98	135	tīr	t ī r	*tīros-	*tīros	tír
359	Old_Welsh	land	98	135	tīr	t ī r	*tīros-	*tīros	tir
360	Middle_Breton	land	98	135	tīr	t ī r	*tīros-	*tīros	tir
361	Old_Cornish	land	98	135	tīr	t ī r	*tīros-	*tīros	tir
362	Old_Irish	thunder	100	137	toran	t o r a n	*torano-	*toranos	torann
363	Middle_Welsh	thunder	100	137	taran	t a r a n	*torano-	*toranos	taran
364	Old_Breton	thunder	100	137	taran	t a r a n	*torano-	*toranos	taran
365	Old_Cornish	thunder	100	137	taran	t a r a n	*torano-	*toranos	taran
366	Gaulish	thunder	100	137	taranus	t a r a n u s	*torano-	*toranos	tarnus	From Deity name
367	Old_Irish	beach	101	138	trāɣ	t r ā ɣ	*trāgi-	*trāgi	tráig
368	Middle_Welsh	beach	101	138	trei	t r e i	*trāgi-	*trāgi	trei
369	Middle_Breton	beach	101	138	tre	t r e 	*trāgi-	*trāgi	tre
370	Middle_Cornish	beach	101	138	trig	t r i g 	*trāgi-	*trāgi	trig
371	Old_Irish	three	102	139	trī	t r ī	*trīs	*trīs	trí
372	Middle_Welsh	three	102	139	trī	t r ī	*trīs	*trīs	tri
373	Middle_Breton	three	102	139	trī	t r ī	*trīs	*trīs	tri
374	Middle_Cornish	three	102	139	trī	t r ī	*trīs	*trīs	try
375	Gaulish	three	102	139	treis	t r e i s	*trīs	*trīs	treis
376	Old_Irish	wave	103	140	ton	t o n	*tundā-	*tundā	tonn
377	Middle_Welsh	wave	103	140	ton	t o n	*tundā-	*tundā	tonn
378	Old_Breton	wave	103	140	ton	t o n	*tundā-	*tundā	tonn
379	Middle_Cornish	wave	103	140	ton	t o n	*tundā-	*tundā	ton
380	Old_Irish	under	104	141	fo	f o	*uɸo-	*uɸo	fo
381	Old_Welsh	under	104	141	guo	g u o	*uɸo-	*uɸo	guo
382	Old_Breton	under	104	141	guo	g u o	*uɸo-	*uɸo	guo
383	Middle_Cornish	under	104	141	go	g o	*uɸo-	*uɸo	go
384	Gaulish	under	104	141	vo	v o	*uɸo-	*uɸo	vo
385	Old_Irish	over, on	105	142	for	f o r	*uɸer-	*uɸer	for
386	Old_Welsh	over, on	105	142	guor	g u o r	*uɸer-	*uɸer	guor
387	Old_Breton	over, on	105	142	guor	g u o r	*uɸer-	*uɸer	guor
388	Middle_Cornish	over, on	105	142	gor	g o r	*uɸer-	*uɸer	gor
389	Gaulish	over, on	105	142	ver	v e r	*uɸer-	*uɸer	ver	From PN Ver-cingeto-rix
390	Celtiberian	over, on	105	142	uer	u e r	*uɸer-	*uɸer	uer	From UER-AMOM "highest"
391	Old_Irish	weak	106	143	fan	f a n	*wasno-	*wasnos	fann
392	Middle_Welsh	weak	106	143	gūan	g ū a n	*wasno-	*wasnos	gwan
393	Old_Breton	weak	106	143	guenion	g u e n i o n	*wasno-	*wasnos	guenion
394	Old_Cornish	weak	106	143	guan	g u a n	*wasno-	*wasnos	guan
395	Old_Irish	cause, reason	107	144	fāθ	f ā θ	*wātu-	*wātus	fáth
396	Middle_Welsh	poem	107	145	gūaūd	g ū a ū d	*wātu-	*wātus	gwawd
397	Old_Irish	wild	108	146	fīað	f ī a ð	*weidu-	*weidus	fíad
398	Middle_Welsh	wild	108	146	guið	g u i ð	*weidu-	*weidus	gwydd
399	Old_Breton	wild	108	146	guiod	g u i o d	*weidu-	*weidus	guiod
400	Old_Cornish	wild	108	146	guit	g u i t	*weidu-	*weidus	guit
401	Old_Irish	wagon	109	147	fēn	f ē n	*wegno-	*wegnos	fén
402	Old_Irish	blood	110	149	ful	f u l	*woli-	*wolis	fuil
403	Middle_Welsh	blood	110	150	gueli	g u e l i	*woli-	*wolis	gweli
404	Middle_Cornish	blood	110	1550	goli	g o l i	*woli-	*wolis	goly
405	Old_Irish	white	111	151	find	f i n d	*windo-	*windos	find
406	Middle_Welsh	white	111	151	gwin	g w i n	*windo-	*windos	gwynn
407	Old_Breton	white	111	151	gwin	g w i n	*windo-	*windos	guinn
408	Gaulish	white	111	151	uindus	u i n d u s	*windo-	*windos	uindus
409	Old_Irish	man	112	152	fer	f e r	*wiro-	*wiros	fer
410	Old_Welsh	man	112	152	gur	g u r	*wiro-	*wiros	gur
411	Middle_Breton	man	112	152	gur	g u r 	*wiro-	*wiros	gur
412	Old_Cornish	man	112	152	gur	g u r	*wiro-	*wiros	gur
413	Gaulish	man	112	152	uiros	u i r o s	*wiro-	*wiros	uiro
414	Celtiberian	man 	112	152	uiros	u i r o s	*wiro-	*wiros	uiros
415	Old_Irish	true	113	153	fīr	f ī r	*wīro-	*wīros	fír
416	Middle_Welsh	true	113	153	guīr	g u ī r	*wīro-	*wīros	gwir
417	Old_Breton	true	113	153	guīr	g u ī r	*wīro-	*wīros	guir
418	Old_Cornish	true	113	153	guīr	g u ī r	*wīro-	*wīros	guir
419	Old_Irish	wet	114	154	fliux	f l i u x	*wlikʷo-	*wlikʷos	fliuch
420	Old_Welsh	wet	114	154	gulip	g u l i p	*wlikʷo-	*wlikʷos	gulip
421	Old_Breton	wet	114	154	gulip	g u l i p	*wlikʷo-	*wlikʷos	gulip
422	Old_Cornish	wet	114	154	glibor	g l i b o r	*wlikʷo-	*wlikʷos	glibor
423	Old_Irish	band, troop	115	155	foren	f o r e n	*worīnā-	*worīnā	foirenn
424	Old_Welsh	band, troop	115	155	guerin	g u e r i n	*worīnā-	*worīnā	guerin
425	Old_Breton	band, troop	115	155	guerin	g u e r i n	*worīnā-	*worīnā	guerin
426	Old_Irish	root	116	156	frēn	f r ē n	*wridā-	*wridā	frén
427	Middle_Welsh	root	116	156	gureið	g u r e i ð	*wridā-	*wridā	gwreidd
428	Middle_Breton	root	116	156	gruizyen	g r u i z y e n	*wridā-	*wridā	gruizyen
429	Old_Cornish	root	116	156	gureiten	g u r e i t e n	*wridā-	*wridā	gwreiten
430	Old_Irish	worship	117	157	āl	ā l	*yālo-	*yālos	áil
431	Middle_Welsh	worship	117	157	iaul	i a u l	*yālo-	*yālos	iawl
432	Old_Irish	jealousy	118	158	ēd	ē	*yantu-	*yantus	ét
433	Middle_Welsh	jealousy	118	158	iant	i a n t	*yantu-	*yantus	iant
434	Old_Irish	ice	119	159	eɣ	e ɣ	*yegi-	*yegis	aig
435	Middle_Welsh	ice	119	159	ia	i a 	*yegi-	*yegis	ia
436	Middle_Breton	cold	119	160	yen	y e n	*yegi-	*yegis	yen
437	Old_Irish	young	120	161	ōg	ō g	*yuwanko-	*yuwankos	óc
438	Middle_Welsh	young	120	161	iueank	i u e a n k	*yuwanko-	*yuwankos	ieuanc
439	Middle_Breton	young	120	161	iouank	i o u a n k	*yuwanko-	*yuwankos	youanc
440	Old_Cornish	young	120	161	iouenk	i o u e n k	*yuwanko-	*yuwankos	iouenc
441	Gaulish	young	120	161	iouink	i o u i n k	*yuwanko-	*yuwankos	iouinc
