ID	CONCEPT	COUNTERPART	PROTOFORM	DERIVATION_CLASS	NOTE_PRESENT	PRODUCTION_STATUS	SOURCE_MATERIAL_STATUS	SOURCE_MATERIAL_PATHS	PRIORITY_TIER	PILOT_BATCH_CANDIDATE	MODEL_ENTRY_CANDIDATE	NEEDS_EXCEPTION_AGENT	REASON
1933	adder	nǣdre	*nḗdrōn	regular	no	format_test	manifest_backed	pilot/adder.md	P3_manifest_pilot_review_or_upgrade	no	no	no	Format-test manifest entry only; not part of the missing-production backlog.
1934	bake	bacan	*bákaną	regular	yes	none	source_material_available	dev_notes_slices/1934-bake-bacan.md, packets/1934-bake-bacan.md, research_memos/1934-bake-bacan.md	P2_regular_with_note_missing_production	no	no	no	Regular row has a NOTE and supporting source material but no manifest-backed production report.
1936	ban	bannes	*bánnas	late_analogy	yes	manifest_pilot	manifest_backed	pilot/ban.md	P3_manifest_pilot_review_or_upgrade	no	no	maybe	Existing manifest-backed pilot report; review before any promotion to full.
1937	barrow	beorg	*bérgą	regular	no	none	source_material_available	dev_notes_slices/1937-barrow-beorg.md	P4_no_report_required	no	no	no	Regular row has no NOTE and is outside the selective-report backlog.
1938	bast	bæst	*bástą	regular	no	none	source_material_available	dev_notes_slices/1938-bast-bæst.md	P4_no_report_required	no	no	no	Regular row has no NOTE and is outside the selective-report backlog.
1939	bath	bæþ	*báθą	regular	no	none	source_material_available	dev_notes_slices/1939-bath-bæþ.md	P4_no_report_required	no	no	no	Regular row has no NOTE and is outside the selective-report backlog.
1940	beard	beard	*bárdaz	regular	no	none	source_material_available	dev_notes_slices/1940-beard-beard.md	P4_no_report_required	no	no	no	Regular row has no NOTE and is outside the selective-report backlog.
1941	beaver	befer	*bébruz	regular	no	none	source_material_available	dev_notes_slices/1941-beaver-befer.md, dev_notes_slices/1994-dove-dūfe.md	P4_no_report_required	no	no	no	Regular row has no NOTE and is outside the selective-report backlog.
1942	beech	bōc	*bōkō	regular	yes	none	source_material_available	dev_notes_slices/1942-beech-bōc.md, packets/1942-beech-bōc.md, research_memos/1942-beech-bōc.md	P2_regular_with_note_missing_production	no	no	no	Regular row has a NOTE and supporting source material but no manifest-backed production report.
1943	begin	beġinnan	*bigínnaną	regular	yes	none	source_material_available	dev_notes_slices/1943-begin-beġinnan.md, packets/1943-begin-beġinnan.md, research_memos/1943-begin-beġinnan.md	P2_regular_with_note_missing_production	no	no	no	Regular row has a NOTE and supporting source material but no manifest-backed production report.
1944	believe	ġelīefan	*galáubijaną	regular	no	none	source_material_available	dev_notes_slices/1944-believe-ġelīefan.md	P4_no_report_required	no	no	no	Regular row has no NOTE and is outside the selective-report backlog.
1945	belly	bielġ	*bálgiz	regular	no	none	source_material_available	dev_notes_slices/1945-belly-bielġ.md	P4_no_report_required	no	no	no	Regular row has no NOTE and is outside the selective-report backlog.
1946	berry	berġes	*bázjas	late_analogy	yes	manifest_pilot	manifest_backed	pilot/berry.md	P3_manifest_pilot_review_or_upgrade	no	no	maybe	Existing manifest-backed pilot report; review before any promotion to full.
1949	bier	bǣr	*bḗrō	regular	yes	none	source_material_available	dev_notes_slices/1949-bier-bǣr.md, packets/1949-bier-bǣr.md, research_memos/1949-bier-bǣr.md	P2_regular_with_note_missing_production	no	no	no	Regular row has a NOTE and supporting source material but no manifest-backed production report.
1950	bind	bindan	*bíndaną	regular	no	none	source_material_available	dev_notes_slices/1950-bind-bindan.md	P4_no_report_required	no	no	no	Regular row has no NOTE and is outside the selective-report backlog.
1951	birth	byrd	*búrdiz	regular	yes	none	source_material_available	dev_notes_slices/1951-birth-byrd.md, packets/1951-birth-byrd.md, research_memos/1951-birth-byrd.md	P2_regular_with_note_missing_production	no	no	no	Regular row has a NOTE and supporting source material but no manifest-backed production report.
1952	blood	blōd	*blōdą	regular	no	none	source_material_available	dev_notes_slices/1952-blood-blōd.md	P4_no_report_required	no	no	no	Regular row has no NOTE and is outside the selective-report backlog.
1953	board	bord	*búrdą	regular	no	none	source_material_available	dev_notes_slices/1953-board-bord.md	P4_no_report_required	no	no	no	Regular row has no NOTE and is outside the selective-report backlog.
1954	bone	bān	*báiną	regular	yes	none	source_material_available	dev_notes_slices/1954-bone-bān.md, packets/1954-bone-bān.md, research_memos/1954-bone-bān.md	P2_regular_with_note_missing_production	no	no	no	Regular row has a NOTE and supporting source material but no manifest-backed production report.
1955	book	bōc	*bōkz	regular	no	none	source_material_available	dev_notes_slices/1955-book-bōc.md	P4_no_report_required	no	no	no	Regular row has no NOTE and is outside the selective-report backlog.
1956	bore	borian	*búrōjaną	regular	no	none	source_material_available	dev_notes_slices/1956-bore-borian.md	P4_no_report_required	no	no	no	Regular row has no NOTE and is outside the selective-report backlog.
1957	bosom	bōsm	*bōsmaz	regular	no	none	source_material_available	dev_notes_slices/1957-bosom-bōsm.md	P4_no_report_required	no	no	no	Regular row has no NOTE and is outside the selective-report backlog.
1958	both	bū	*bō	regular	yes	none	source_material_available	dev_notes_slices/1958-both-bū.md, packets/1958-both-bū.md, packets/1962-bow-bēag.md, research_memos/1958-both-bū.md	P2_regular_with_note_missing_production	yes	yes	no	Regular row has a NOTE and supporting source material but no manifest-backed production report.
1959	bottom	botm	*búttmaz	early_analogy	yes	manifest_pilot	manifest_backed	pilot/bottom.md	P3_manifest_pilot_review_or_upgrade	no	no	no	Existing manifest-backed pilot report; review before any promotion to full.
1960	bough	bōg	*bōguz	regular	no	none	source_material_available	dev_notes_slices/1960-bough-bōg.md	P4_no_report_required	no	no	no	Regular row has no NOTE and is outside the selective-report backlog.
1961	bow	bīeġan	*báugijaną	regular	yes	none	source_material_available	dev_notes_slices/1961-bow-bīeġan.md, packets/1961-bow-bīeġan.md, research_memos/1961-bow-bīeġan.md	P2_regular_with_note_missing_production	no	no	no	Regular row has a NOTE and supporting source material but no manifest-backed production report.
1962	bow	bēag	*báug	late_analogy	yes	none	source_material_available	dev_notes_slices/1962-bow-bēag.md, research_memos/1962-bow-bēag.md	P1_nonregular_missing_production	no	no	maybe	Non-regular late_analogy row with supporting source material but no manifest-backed production report.
1963	bow	boga	*búgô	regular	no	none	source_material_available	dev_notes_slices/1963-bow-boga.md	P4_no_report_required	no	no	no	Regular row has no NOTE and is outside the selective-report backlog.
1964	bower	būr	*būrą	regular	no	none	source_material_available	dev_notes_slices/1964-bower-būr.md	P4_no_report_required	no	no	no	Regular row has no NOTE and is outside the selective-report backlog.
1965	brand	brandes	*brándas	early_analogy	no	none	source_material_available	dev_notes_slices/1965-brand-brandes.md, packets/1965-brand-brandes.md, research_memos/1965-brand-brandes.md	P1_nonregular_missing_production	no	no	no	Non-regular early_analogy row with supporting source material but no manifest-backed production report.
1966	bread	brēad	*bráudą	regular	no	none	source_material_available	dev_notes_slices/1966-bread-brēad.md	P4_no_report_required	no	no	no	Regular row has no NOTE and is outside the selective-report backlog.
1967	break	brecan	*brékaną	regular	no	none	source_material_available	dev_notes_slices/1967-break-brecan.md	P4_no_report_required	no	no	no	Regular row has no NOTE and is outside the selective-report backlog.
1968	breast	brēost	*bréustą	early_analogy	no	none	source_material_available	dev_notes_slices/1968-breast-brēost.md, packets/1968-breast-brēost.md, research_memos/1968-breast-brēost.md	P1_nonregular_missing_production	no	no	no	Non-regular early_analogy row with supporting source material but no manifest-backed production report.
1969	breeches	brēċ	*brōkiz	regular	yes	none	source_material_available	dev_notes_slices/1969-breeches-brēċ.md, research_memos/1969-breeches-brēċ.md	P2_regular_with_note_missing_production	no	no	no	Regular row has a NOTE and supporting source material but no manifest-backed production report.
1970	bride	brȳd	*brūdiz	regular	no	none	source_material_available	dev_notes_slices/1970-bride-brȳd.md	P4_no_report_required	no	no	no	Regular row has no NOTE and is outside the selective-report backlog.
1971	bring	bringan	*brínganą	regular	no	none	source_material_available	dev_notes_slices/1971-bring-bringan.md	P4_no_report_required	no	no	no	Regular row has no NOTE and is outside the selective-report backlog.
1972	brook	brūcan	*brūkaną	regular	no	none	source_material_available	dev_notes_slices/1972-brook-brūcan.md	P4_no_report_required	no	no	no	Regular row has no NOTE and is outside the selective-report backlog.
1973	buck	bucc	*búkkaz	unexplained_unmodelled	yes	manifest_pilot	manifest_backed	pilot/buck.md	P3_manifest_pilot_review_or_upgrade	no	no	maybe	Existing manifest-backed pilot report; review before any promotion to full.
1974	burst	berstan	*bréstaną	regular	no	none	source_material_available	dev_notes_slices/1974-burst-berstan.md	P4_no_report_required	no	no	no	Regular row has no NOTE and is outside the selective-report backlog.
1975	calf	ċealf	*kálbaz	regular	yes	none	source_material_available	dev_notes_slices/1975-calf-ċealf.md, packets/1975-calf-ċealf.md, research_memos/1975-calf-ċealf.md	P2_regular_with_note_missing_production	no	no	no	Regular row has a NOTE and supporting source material but no manifest-backed production report.
1976	chew	ċēowan	*kéwwaną	regular	no	none	source_material_available	dev_notes_slices/1976-chew-ċēowan.md	P4_no_report_required	no	no	no	Regular row has no NOTE and is outside the selective-report backlog.
1977	climb	climban	*klímbaną	regular	no	none	source_material_available	dev_notes_slices/1977-climb-climban.md	P4_no_report_required	no	no	no	Regular row has no NOTE and is outside the selective-report backlog.
1978	comb	camb	*kámbaz	regular	no	none	source_material_available	dev_notes_slices/1978-comb-camb.md	P4_no_report_required	no	no	no	Regular row has no NOTE and is outside the selective-report backlog.
1979	corn	corn	*kúrną	regular	yes	none	source_material_available	dev_notes_slices/1979-corn-corn.md, packets/1979-corn-corn.md, research_memos/1979-corn-corn.md	P2_regular_with_note_missing_production	no	no	no	Regular row has a NOTE and supporting source material but no manifest-backed production report.
1980	cow	cȳ	*kūi	late_analogy	yes	none	source_material_available	dev_notes_slices/1980-cow-cȳ.md, packets/1980-cow-cȳ.md, research_memos/1980-cow-cȳ.md	P1_nonregular_missing_production	yes	yes	maybe	Non-regular late_analogy row with supporting source material but no manifest-backed production report.
1981	craft	cræft	*kráftaz	early_analogy	yes	manifest_pilot	manifest_backed	pilot/craft.md	P3_manifest_pilot_review_or_upgrade	no	no	no	Existing manifest-backed pilot report; review before any promotion to full.
1982	crop	cropp	*krúppaz	regular	no	none	source_material_available	dev_notes_slices/1982-crop-cropp.md	P4_no_report_required	no	no	no	Regular row has no NOTE and is outside the selective-report backlog.
1983	cud	cwedu	*kwéðuz	attested_variant	yes	manifest_pilot	manifest_backed	pilot/cud.md	P3_manifest_pilot_review_or_upgrade	no	no	maybe	Existing manifest-backed pilot report; review before any promotion to full.
1984	dale	dæl	*dálaz	regular	no	none	source_material_available	dev_notes_slices/1984-dale-dæl.md	P4_no_report_required	no	no	no	Regular row has no NOTE and is outside the selective-report backlog.
1985	day	dæġ	*dágaz	regular	no	none	source_material_available	dev_notes_slices/1985-day-dæġ.md	P4_no_report_required	no	no	no	Regular row has no NOTE and is outside the selective-report backlog.
1986	deal	dǣl	*dáiliz	regular	no	none	source_material_available	dev_notes_slices/1986-deal-dǣl.md	P4_no_report_required	no	no	no	Regular row has no NOTE and is outside the selective-report backlog.
1987	deed	dǣd	*dḗdiz	regular	yes	none	source_material_available	dev_notes_slices/1987-deed-dǣd.md, research_memos/1987-deed-dǣd.md	P2_regular_with_note_missing_production	no	no	no	Regular row has a NOTE and supporting source material but no manifest-backed production report.
1988	deer	dēor	*déuzą	regular	no	none	source_material_available	dev_notes_slices/1988-deer-dēor.md	P4_no_report_required	no	no	no	Regular row has no NOTE and is outside the selective-report backlog.
1989	dew	dēaw	*dáwwō	regular	no	none	source_material_available	dev_notes_slices/1989-dew-dēaw.md	P4_no_report_required	no	no	no	Regular row has no NOTE and is outside the selective-report backlog.
1990	dill	dile	*déliz	early_analogy	yes	none	source_material_available	dev_notes_slices/1990-dill-dile.md, packets/1990-dill-dile.md, research_memos/1990-dill-dile.md	P1_nonregular_missing_production	no	no	no	Non-regular early_analogy row with supporting source material but no manifest-backed production report.
1991	do	dōn	*dōną	regular	no	none	source_material_available	dev_notes_slices/1991-do-dōn.md	P4_no_report_required	no	no	no	Regular row has no NOTE and is outside the selective-report backlog.
1992	door	dor	*dúrą	regular	yes	none	source_material_available	dev_notes_slices/1992-door-dor.md, packets/1992-door-dor.md, research_memos/1992-door-dor.md	P2_regular_with_note_missing_production	no	no	no	Regular row has a NOTE and supporting source material but no manifest-backed production report.
1993	dough	dāg	*dáigaz	regular	no	none	source_material_available	dev_notes_slices/1993-dough-dāg.md	P4_no_report_required	no	no	no	Regular row has no NOTE and is outside the selective-report backlog.
1995	dream	drēam	*dráugmaz	regular	no	none	source_material_available	dev_notes_slices/1995-dream-drēam.md	P4_no_report_required	no	no	no	Regular row has no NOTE and is outside the selective-report backlog.
1996	drench	drenċ	*dránkiz	regular	no	none	source_material_available	dev_notes_slices/1996-drench-drenċ.md	P4_no_report_required	no	no	no	Regular row has no NOTE and is outside the selective-report backlog.
1997	drink	drincan	*drínkaną	regular	no	none	source_material_available	dev_notes_slices/1997-drink-drincan.md	P4_no_report_required	no	no	no	Regular row has no NOTE and is outside the selective-report backlog.
1998	drive	drīfan	*drḯbaną	regular	no	none	source_material_available	dev_notes_slices/1998-drive-drīfan.md	P4_no_report_required	no	no	no	Regular row has no NOTE and is outside the selective-report backlog.
1999	earth	eorþe	*érθōn	regular	no	none	source_material_available	dev_notes_slices/1999-earth-eorþe.md	P4_no_report_required	no	no	no	Regular row has no NOTE and is outside the selective-report backlog.
2000	eat	etan	*étaną	regular	no	none	source_material_available	dev_notes_slices/2000-eat-etan.md	P4_no_report_required	no	no	no	Regular row has no NOTE and is outside the selective-report backlog.
2001	eel	ǣl	*ḗlaz	regular	no	none	source_material_available	dev_notes_slices/2001-eel-ǣl.md	P4_no_report_required	no	no	no	Regular row has no NOTE and is outside the selective-report backlog.
2002	fall	feallan	*fállaną	regular	no	none	source_material_available	dev_notes_slices/2002-fall-feallan.md	P4_no_report_required	no	no	no	Regular row has no NOTE and is outside the selective-report backlog.
2003	fare	faran	*fáraną	regular	yes	none	source_material_available	dev_notes_slices/2003-fare-faran.md, packets/2003-fare-faran.md, research_memos/2003-fare-faran.md	P2_regular_with_note_missing_production	no	no	no	Regular row has a NOTE and supporting source material but no manifest-backed production report.
2004	fast	festan	*fástijaną	early_analogy	yes	none	source_material_available	dev_notes_slices/2004-fast-festan.md, packets/2004-fast-festan.md, research_memos/2004-fast-festan.md	P1_nonregular_missing_production	no	no	no	Non-regular early_analogy row with supporting source material but no manifest-backed production report.
2005	father	fæder	*fádēr	regular	no	none	source_material_available	dev_notes_slices/2005-father-fæder.md	P4_no_report_required	no	no	no	Regular row has no NOTE and is outside the selective-report backlog.
2006	fee	feoh	*féxu	regular	no	none	source_material_available	dev_notes_slices/2006-fee-feoh.md	P4_no_report_required	no	no	no	Regular row has no NOTE and is outside the selective-report backlog.
2007	fell	fell	*féllą	regular	yes	none	source_material_available	dev_notes_slices/2007-fell-fell.md, packets/2007-fell-fell.md, research_memos/2007-fell-fell.md, research_memos/batch_15_summary.md	P2_regular_with_note_missing_production	no	no	no	Regular row has a NOTE and supporting source material but no manifest-backed production report.
2008	fern	fearn	*fárnaz	regular	yes	none	source_material_available	dev_notes_slices/2008-fern-fearn.md, packets/2008-fern-fearn.md, research_memos/2008-fern-fearn.md	P2_regular_with_note_missing_production	no	no	no	Regular row has a NOTE and supporting source material but no manifest-backed production report.
2009	field	feld	*félθuz	regular	yes	none	source_material_available	dev_notes_slices/2009-field-feld.md, packets/2009-field-feld.md, research_memos/2009-field-feld.md	P2_regular_with_note_missing_production	no	no	no	Regular row has a NOTE and supporting source material but no manifest-backed production report.
2010	fight	feohtan	*féxtaną	regular	no	none	source_material_available	dev_notes_slices/2010-fight-feohtan.md	P4_no_report_required	no	no	no	Regular row has no NOTE and is outside the selective-report backlog.
2011	find	fundene	*fúnðanǭ	late_analogy	yes	none	source_material_available	dev_notes_slices/2011-find-fundene.md, packets/2011-find-fundene.md, research_memos/2011-find-fundene.md	P1_nonregular_missing_production	no	no	maybe	Non-regular late_analogy row with supporting source material but no manifest-backed production report.
2012	finger	finger	*fíngraz	regular	no	none	source_material_available	dev_notes_slices/2012-finger-finger.md	P4_no_report_required	no	no	no	Regular row has no NOTE and is outside the selective-report backlog.
2013	fire	fȳre	*fūri	known_unmodelled	yes	manifest_pilot	manifest_backed	pilot/fire.md	P3_manifest_pilot_review_or_upgrade	yes	no	no	Existing manifest-backed pilot report; review before any promotion to full.
2014	fish	fisċ	*fískaz	regular	no	none	source_material_available	dev_notes_slices/2014-fish-fisċ.md	P4_no_report_required	no	no	no	Regular row has no NOTE and is outside the selective-report backlog.
2015	fist	fȳst	*fúnxstiz	regular	no	none	source_material_available	dev_notes_slices/2015-fist-fȳst.md	P4_no_report_required	no	no	no	Regular row has no NOTE and is outside the selective-report backlog.
2016	flask	flasce	*fláskōn	early_analogy	no	none	source_material_available	dev_notes_slices/2016-flask-flasce.md, packets/2016-flask-flasce.md, research_memos/2016-flask-flasce.md	P1_nonregular_missing_production	no	no	no	Non-regular early_analogy row with supporting source material but no manifest-backed production report.
2017	flax	fleax	*fláxsą	regular	no	none	source_material_available	dev_notes_slices/2017-flax-fleax.md	P4_no_report_required	no	no	no	Regular row has no NOTE and is outside the selective-report backlog.
2018	flea	flēah	*fláuxz	regular	no	none	source_material_available	dev_notes_slices/2018-flea-flēah.md	P4_no_report_required	no	no	no	Regular row has no NOTE and is outside the selective-report backlog.
2019	flee	flēon	*fléuxaną	regular	no	none	source_material_available	dev_notes_slices/2019-flee-flēon.md	P4_no_report_required	no	no	no	Regular row has no NOTE and is outside the selective-report backlog.
2020	flesh	flǣsċ	*fláiskiz	regular	no	none	source_material_available	dev_notes_slices/2020-flesh-flǣsċ.md	P4_no_report_required	no	no	no	Regular row has no NOTE and is outside the selective-report backlog.
2021	flood	flōd	*flōduz	regular	no	none	source_material_available	dev_notes_slices/2021-flood-flōd.md	P4_no_report_required	no	no	no	Regular row has no NOTE and is outside the selective-report backlog.
2022	fly	flēogan	*fléuganą	regular	yes	none	source_material_available	dev_notes_slices/2022-fly-flēogan.md, packets/2022-fly-flēogan.md, research_memos/2022-fly-flēogan.md	P2_regular_with_note_missing_production	no	no	no	Regular row has a NOTE and supporting source material but no manifest-backed production report.
2023	foal	fola	*fúlô	regular	no	none	source_material_available	dev_notes_slices/2023-foal-fola.md	P4_no_report_required	no	no	no	Regular row has no NOTE and is outside the selective-report backlog.
2024	fodder	fōdor	*fōdrą	regular	no	none	source_material_available	dev_notes_slices/2024-fodder-fōdor.md	P4_no_report_required	no	no	no	Regular row has no NOTE and is outside the selective-report backlog.
2025	fold	fealdan	*fálθaną	regular	no	none	source_material_available	dev_notes_slices/2025-fold-fealdan.md	P4_no_report_required	no	no	no	Regular row has no NOTE and is outside the selective-report backlog.
2026	folk	folc	*fúlką	regular	no	none	source_material_available	dev_notes_slices/2026-folk-folc.md	P4_no_report_required	no	no	no	Regular row has no NOTE and is outside the selective-report backlog.
2027	follow	fylġan	*fúlgijaną	early_analogy	yes	none	source_material_available	dev_notes_slices/2027-follow-fylġan.md, packets/2027-follow-fylġan.md, research_memos/2027-follow-fylġan.md	P1_nonregular_missing_production	yes	no	no	Non-regular early_analogy row with supporting source material but no manifest-backed production report.
2028	forlorn	lēosan	*léusaną	regular	yes	none	source_material_available	dev_notes_slices/2028-forlorn-lēosan.md, packets/2028-forlorn-lēosan.md, research_memos/2028-forlorn-lēosan.md	P2_regular_with_note_missing_production	no	no	no	Regular row has a NOTE and supporting source material but no manifest-backed production report.
2029	four	fēower	*fédwōr	regular	no	none	source_material_available	dev_notes_slices/2029-four-fēower.md	P4_no_report_required	no	no	no	Regular row has no NOTE and is outside the selective-report backlog.
2030	fowl	fugol	*fúglaz	unexplained_unmodelled	yes	none	source_material_available	dev_notes_slices/2030-fowl-fugol.md, research_memos/2030-fowl-fugol.md	P1_nonregular_missing_production	no	no	maybe	Non-regular unexplained_unmodelled row with supporting source material but no manifest-backed production report.
2031	fox	fox	*fúxsaz	regular	no	none	source_material_available	dev_notes_slices/2031-fox-fox.md	P4_no_report_required	no	no	no	Regular row has no NOTE and is outside the selective-report backlog.
2032	freeze	frēosan	*fréusaną	regular	no	none	source_material_available	dev_notes_slices/2032-freeze-frēosan.md	P4_no_report_required	no	no	no	Regular row has no NOTE and is outside the selective-report backlog.
2033	friend	frēond	*fríjōndz	regular	no	none	source_material_available	dev_notes_slices/2033-friend-frēond.md	P4_no_report_required	no	no	no	Regular row has no NOTE and is outside the selective-report backlog.
2034	fright	fyrhte	*fúrxtīnaz	late_analogy	yes	none	source_material_available	dev_notes_slices/2034-fright-fyrhte.md, packets/2034-fright-fyrhte.md, research_memos/2034-fright-fyrhte.md	P1_nonregular_missing_production	no	no	maybe	Non-regular late_analogy row with supporting source material but no manifest-backed production report.
2035	frost	forst	*frústą	regular	no	none	source_material_available	dev_notes_slices/2035-frost-forst.md	P4_no_report_required	no	no	no	Regular row has no NOTE and is outside the selective-report backlog.
2036	furrow	furh	*fúrx	regular	no	none	source_material_available	dev_notes_slices/2036-furrow-furh.md	P4_no_report_required	no	no	no	Regular row has no NOTE and is outside the selective-report backlog.
2037	gall	ġealla	*gállô	early_analogy	no	none	source_material_available	dev_notes_slices/2037-gall-ġealla.md, packets/2037-gall-ġealla.md, research_memos/2037-gall-ġealla.md	P1_nonregular_missing_production	no	no	no	Non-regular early_analogy row with supporting source material but no manifest-backed production report.
2038	gang	gang	*gángaz	regular	yes	none	source_material_available	dev_notes_slices/2038-gang-gang.md, packets/2038-gang-gang.md, research_memos/2038-gang-gang.md, research_memos/batch_17_summary.md	P2_regular_with_note_missing_production	no	no	no	Regular row has a NOTE and supporting source material but no manifest-backed production report.
2039	ghost	gāst	*gáistaz	regular	no	none	source_material_available	dev_notes_slices/2039-ghost-gāst.md	P4_no_report_required	no	no	no	Regular row has no NOTE and is outside the selective-report backlog.
2040	gift	ġift	*géftiz	regular	no	none	source_material_available	dev_notes_slices/2040-gift-ġift.md	P4_no_report_required	no	no	no	Regular row has no NOTE and is outside the selective-report backlog.
2041	give	ġiefan	*gébaną	regular	yes	none	source_material_available	dev_notes_slices/2041-give-ġiefan.md, packets/2041-give-ġiefan.md, research_memos/2041-give-ġiefan.md	P2_regular_with_note_missing_production	no	no	no	Regular row has a NOTE and supporting source material but no manifest-backed production report.
2042	god	god	*gúdą	regular	no	none	source_material_available	dev_notes_slices/2042-god-god.md	P4_no_report_required	no	no	no	Regular row has no NOTE and is outside the selective-report backlog.
2043	gold	gold	*gúlθą	regular	yes	none	source_material_available	dev_notes_slices/2043-gold-gold.md, packets/2043-gold-gold.md, research_memos/2043-gold-gold.md	P2_regular_with_note_missing_production	no	no	no	Regular row has a NOTE and supporting source material but no manifest-backed production report.
2044	goose	gōs	*gánsz	regular	no	none	source_material_available	dev_notes_slices/2044-goose-gōs.md	P4_no_report_required	no	no	no	Regular row has no NOTE and is outside the selective-report backlog.
2045	grass	græs	*grásą	regular	no	none	source_material_available	dev_notes_slices/2045-grass-græs.md	P4_no_report_required	no	no	no	Regular row has no NOTE and is outside the selective-report backlog.
2046	grave	grafan	*grábaną	regular	yes	none	source_material_available	dev_notes_slices/2046-grave-grafan.md, packets/2046-grave-grafan.md, research_memos/2046-grave-grafan.md	P2_regular_with_note_missing_production	no	no	no	Regular row has a NOTE and supporting source material but no manifest-backed production report.
2047	gripe	grīpan	*grḯpaną	regular	no	none	source_material_available	dev_notes_slices/2047-gripe-grīpan.md	P4_no_report_required	no	no	no	Regular row has no NOTE and is outside the selective-report backlog.
2048	ground	grund	*grúnduz	regular	no	none	source_material_available	dev_notes_slices/2048-ground-grund.md	P4_no_report_required	no	no	no	Regular row has no NOTE and is outside the selective-report backlog.
2049	guest	ġiest	*gástiz	regular	yes	none	source_material_available	dev_notes_slices/2049-guest-ġiest.md, packets/2049-guest-ġiest.md, research_memos/2049-guest-ġiest.md	P2_regular_with_note_missing_production	no	no	no	Regular row has a NOTE and supporting source material but no manifest-backed production report.
2050	hail	hæġl	*xáglą	regular	no	none	source_material_available	dev_notes_slices/2050-hail-hæġl.md	P4_no_report_required	no	no	no	Regular row has no NOTE and is outside the selective-report backlog.
2051	hair	hǣr	*xḗrą	regular	yes	none	source_material_available	dev_notes_slices/2051-hair-hǣr.md, packets/2051-hair-hǣr.md, research_memos/2051-hair-hǣr.md	P2_regular_with_note_missing_production	no	no	no	Regular row has a NOTE and supporting source material but no manifest-backed production report.
2052	hall	heall	*xállō	regular	no	none	source_material_available	dev_notes_slices/2052-hall-heall.md	P4_no_report_required	no	no	no	Regular row has no NOTE and is outside the selective-report backlog.
2053	hammer	hameres	*xámaras	late_analogy	yes	none	source_material_available	dev_notes_slices/2053-hammer-hameres.md, packets/2053-hammer-hameres.md, research_memos/2053-hammer-hameres.md	P1_nonregular_missing_production	no	yes	maybe	Non-regular late_analogy row with supporting source material but no manifest-backed production report.
2054	hand	hand	*xánduz	regular	no	none	source_material_available	dev_notes_slices/2054-hand-hand.md, dev_notes_slices/2055-handle-handlian.md, packets/2055-handle-handlian.md, research_memos/2055-handle-handlian.md, research_memos/batch_19_summary.md	P4_no_report_required	no	no	no	Regular row has no NOTE and is outside the selective-report backlog.
2055	handle	handlian	*xándlōjaną	regular	yes	none	no_source_material_found		P0_no_source_material	no	no	yes	Audit currently shows no linked source material for this required row; nearby row 2054 absorbs handle-named files, so source-material reassignment or regeneration should happen before drafting.
2056	harm	hearm	*xármaz	regular	no	none	source_material_available	dev_notes_slices/2056-harm-hearm.md	P4_no_report_required	no	no	no	Regular row has no NOTE and is outside the selective-report backlog.
2057	harvest	hierfest	*xárbistuz	regular	yes	none	source_material_available	dev_notes_slices/2057-harvest-hierfest.md, research_memos/2057-harvest-hierfest.md	P2_regular_with_note_missing_production	no	no	no	Regular row has a NOTE and supporting source material but no manifest-backed production report.
2058	have	hæfeþ	*xábēθi	late_analogy	yes	none	source_material_available	dev_notes_slices/2058-have-hæfeþ.md, packets/2058-have-hæfeþ.md, research_memos/2058-have-hæfeþ.md	P1_nonregular_missing_production	no	no	maybe	Non-regular late_analogy row with supporting source material but no manifest-backed production report.
2059	haw	haga	*xágô	regular	no	none	source_material_available	dev_notes_slices/2059-haw-haga.md	P4_no_report_required	no	no	no	Regular row has no NOTE and is outside the selective-report backlog.
2060	hawk	hafoc	*xábukaz	regular	no	none	source_material_available	dev_notes_slices/2060-hawk-hafoc.md	P4_no_report_required	no	no	no	Regular row has no NOTE and is outside the selective-report backlog.
2061	hay	hīeġ	*xáwwją	regular	no	none	source_material_available	dev_notes_slices/2061-hay-hīeġ.md	P4_no_report_required	no	no	no	Regular row has no NOTE and is outside the selective-report backlog.
2062	hazel	hæsl	*xáslaz	regular	no	none	source_material_available	dev_notes_slices/2062-hazel-hæsl.md	P4_no_report_required	no	no	no	Regular row has no NOTE and is outside the selective-report backlog.
2063	head	hēafod	*xáubudą	regular	no	none	source_material_available	dev_notes_slices/2063-head-hēafod.md	P4_no_report_required	no	no	no	Regular row has no NOTE and is outside the selective-report backlog.
2064	heal	hǣlan	*xáilijaną	regular	no	none	source_material_available	dev_notes_slices/2064-heal-hǣlan.md	P4_no_report_required	no	no	no	Regular row has no NOTE and is outside the selective-report backlog.
2065	heart	heorte	*xértōn	regular	no	none	source_material_available	dev_notes_slices/2065-heart-heorte.md	P4_no_report_required	no	no	no	Regular row has no NOTE and is outside the selective-report backlog.
2066	hearth	heorþ	*xérθaz	regular	no	none	source_material_available	dev_notes_slices/2066-hearth-heorþ.md	P4_no_report_required	no	no	no	Regular row has no NOTE and is outside the selective-report backlog.
2067	heath	hǣþ	*xáiθiz	regular	no	none	source_material_available	dev_notes_slices/2067-heath-hǣþ.md	P4_no_report_required	no	no	no	Regular row has no NOTE and is outside the selective-report backlog.
2068	heaven	heofon	*xémonų	late_analogy	yes	none	source_material_available	dev_notes_slices/2068-heaven-heofon.md, dev_notes_slices/deferred_sound_change_material.md, packets/2068-heaven-heofon.md, research_memos/2068-heaven-heofon.md, research_memos/batch_07_summary.md	P1_nonregular_missing_production	no	no	maybe	Non-regular late_analogy row with supporting source material but no manifest-backed production report.
2069	hedge	heġġ	*xágjaz	regular	yes	none	source_material_available	dev_notes_slices/2069-hedge-heġġ.md, packets/2069-hedge-heġġ.md, research_memos/2069-hedge-heġġ.md	P2_regular_with_note_missing_production	no	no	no	Regular row has a NOTE and supporting source material but no manifest-backed production report.
2070	helm	helm	*xélmaz	regular	yes	none	source_material_available	dev_notes_slices/2070-helm-helm.md, packets/2070-helm-helm.md, research_memos/2070-helm-helm.md	P2_regular_with_note_missing_production	no	no	no	Regular row has a NOTE and supporting source material but no manifest-backed production report.
2071	help	helpan	*xélpaną	regular	yes	none	source_material_available	research_memos/2071-help-helpan.md	P2_regular_with_note_missing_production	no	no	no	Regular row has a NOTE and supporting source material but no manifest-backed production report.
2072	help	help	*xélpō	regular	no	none	source_material_available	dev_notes_slices/2071-help-helpan.md, dev_notes_slices/2072-help-help.md, packets/2071-help-helpan.md, research_memos/batch_20_summary.md	P4_no_report_required	no	no	no	Regular row has no NOTE and is outside the selective-report backlog.
2073	herd	heord	*xérdō	regular	no	none	source_material_available	dev_notes_slices/2073-herd-heord.md	P4_no_report_required	no	no	no	Regular row has no NOTE and is outside the selective-report backlog.
2074	hew	hēawan	*xáwwaną	regular	no	none	source_material_available	dev_notes_slices/2074-hew-hēawan.md	P4_no_report_required	no	no	no	Regular row has no NOTE and is outside the selective-report backlog.
2075	hind	hind	*xéndjō	regular	yes	none	source_material_available	dev_notes_slices/2075-hind-hind.md, packets/2075-hind-hind.md, research_memos/2075-hind-hind.md	P2_regular_with_note_missing_production	no	no	no	Regular row has a NOTE and supporting source material but no manifest-backed production report.
2076	hoard	hord	*xúzdą	regular	no	none	source_material_available	dev_notes_slices/2076-hoard-hord.md	P4_no_report_required	no	no	no	Regular row has no NOTE and is outside the selective-report backlog.
2077	hold	healdan	*xáldaną	regular	yes	none	source_material_available	dev_notes_slices/2077-hold-healdan.md, research_memos/2077-hold-healdan.md	P2_regular_with_note_missing_production	no	no	no	Regular row has a NOTE and supporting source material but no manifest-backed production report.
2078	home	hām	*xáimaz	regular	no	none	source_material_available	dev_notes_slices/2078-home-hām.md	P4_no_report_required	no	no	no	Regular row has no NOTE and is outside the selective-report backlog.
2079	honey	huniġ	*xúnagą	regular	no	none	source_material_available	dev_notes_slices/2079-honey-huniġ.md	P4_no_report_required	no	no	no	Regular row has no NOTE and is outside the selective-report backlog.
2080	hood	hōd	*xōdaz	regular	no	none	source_material_available	dev_notes_slices/2080-hood-hōd.md	P4_no_report_required	no	no	no	Regular row has no NOTE and is outside the selective-report backlog.
2081	hoof	hōf	*xōfaz	regular	no	none	source_material_available	dev_notes_slices/2081-hoof-hōf.md	P4_no_report_required	no	no	no	Regular row has no NOTE and is outside the selective-report backlog.
2082	horn	horn	*xúrną	regular	yes	none	source_material_available	dev_notes_slices/2082-horn-horn.md, packets/2082-horn-horn.md, packets/2251-thorn-þorn.md, research_memos/2082-horn-horn.md, research_memos/batch_21_summary.md, research_memos/batch_31_summary.md	P2_regular_with_note_missing_production	no	no	no	Regular row has a NOTE and supporting source material but no manifest-backed production report.
2083	hound	hund	*xúndaz	regular	no	none	source_material_available	dev_notes_slices/2083-hound-hund.md	P4_no_report_required	no	no	no	Regular row has no NOTE and is outside the selective-report backlog.
2084	knead	cnedan	*knédaną	regular	no	none	source_material_available	dev_notes_slices/2084-knead-cnedan.md	P4_no_report_required	no	no	no	Regular row has no NOTE and is outside the selective-report backlog.
2085	knee	cnēow	*knéwą	regular	no	none	source_material_available	dev_notes_slices/2085-knee-cnēow.md	P4_no_report_required	no	no	no	Regular row has no NOTE and is outside the selective-report backlog.
2086	knight	cniht	*knéxtaz	early_analogy	yes	none	source_material_available	dev_notes_slices/2086-knight-cniht.md, packets/2086-knight-cniht.md, research_memos/2086-knight-cniht.md	P1_nonregular_missing_production	no	no	no	Non-regular early_analogy row with supporting source material but no manifest-backed production report.
2087	knob	cnobba	*knúbbô	reconstructed_oe	yes	none	source_material_available	dev_notes_slices/2087-knob-cnobba.md, packets/2087-knob-cnobba.md, research_memos/2087-knob-cnobba.md	P1_nonregular_missing_production	yes	no	maybe	Non-regular reconstructed_oe row with supporting source material but no manifest-backed production report.
2088	lade	hladan	*xláðaną	early_analogy	yes	none	source_material_available	dev_notes_slices/2088-lade-hladan.md, packets/2088-lade-hladan.md, research_memos/2088-lade-hladan.md	P1_nonregular_missing_production	no	no	no	Non-regular early_analogy row with supporting source material but no manifest-backed production report.
2089	land	land	*lándą	regular	no	none	source_material_available	dev_notes_slices/2089-land-land.md	P4_no_report_required	no	no	no	Regular row has no NOTE and is outside the selective-report backlog.
2090	lap	lappa	*láppô	early_analogy	no	none	source_material_available	dev_notes_slices/2090-lap-lappa.md, packets/2090-lap-lappa.md, research_memos/2090-lap-lappa.md	P1_nonregular_missing_production	no	no	no	Non-regular early_analogy row with supporting source material but no manifest-backed production report.
2091	last	lǣstan	*láistijaną	regular	no	none	source_material_available	dev_notes_slices/2091-last-lǣstan.md	P4_no_report_required	no	no	no	Regular row has no NOTE and is outside the selective-report backlog.
2092	laugh	hliehhan	*xláxjaną	early_analogy	yes	none	source_material_available	dev_notes_slices/2092-laugh-hliehhan.md, packets/2092-laugh-hliehhan.md, research_memos/2092-laugh-hliehhan.md	P1_nonregular_missing_production	no	no	no	Non-regular early_analogy row with supporting source material but no manifest-backed production report.
2093	lead	lǣdan	*láidijaną	regular	yes	none	source_material_available	dev_notes_slices/2093-lead-lǣdan.md, packets/2093-lead-lǣdan.md, research_memos/2093-lead-lǣdan.md	P2_regular_with_note_missing_production	no	no	no	Regular row has a NOTE and supporting source material but no manifest-backed production report.
2094	leaf	lēaf	*láubą	regular	no	none	source_material_available	dev_notes_slices/2094-leaf-lēaf.md	P4_no_report_required	no	no	no	Regular row has no NOTE and is outside the selective-report backlog.
2095	learn	liornian	*líznōjaną	regular	yes	none	source_material_available	dev_notes_slices/2095-learn-liornian.md, packets/2095-learn-liornian.md, research_memos/2095-learn-liornian.md, research_memos/batch_22_summary.md	P2_regular_with_note_missing_production	yes	no	maybe	Regular row has a NOTE and supporting source material but no manifest-backed production report.
2096	leather	leþer	*léθrą	regular	no	none	source_material_available	dev_notes_slices/2096-leather-leþer.md	P4_no_report_required	no	no	no	Regular row has no NOTE and is outside the selective-report backlog.
2097	leek	lēac	*láukaz	regular	no	none	source_material_available	dev_notes_slices/2097-leek-lēac.md	P4_no_report_required	no	no	no	Regular row has no NOTE and is outside the selective-report backlog.
2098	let	lǣtan	*lḗtaną	regular	no	none	source_material_available	dev_notes_slices/2098-let-lǣtan.md	P4_no_report_required	no	no	no	Regular row has no NOTE and is outside the selective-report backlog.
2099	lick	liccian	*líkkōjaną	regular	no	none	source_material_available	dev_notes_slices/2099-lick-liccian.md	P4_no_report_required	no	no	no	Regular row has no NOTE and is outside the selective-report backlog.
2100	lid	hlid	*xlídą	regular	yes	none	source_material_available	dev_notes_slices/2100-lid-hlid.md, packets/2100-lid-hlid.md, research_memos/2100-lid-hlid.md	P2_regular_with_note_missing_production	no	no	no	Regular row has a NOTE and supporting source material but no manifest-backed production report.
2101	life	līf	*lḯbą	regular	no	none	source_material_available	dev_notes_slices/2101-life-līf.md	P4_no_report_required	no	no	no	Regular row has no NOTE and is outside the selective-report backlog.
2102	light	līehtan	*léuxtijaną	regular	yes	none	source_material_available	dev_notes_slices/2102-light-līehtan.md, research_memos/2102-light-līehtan.md	P2_regular_with_note_missing_production	no	no	no	Regular row has a NOTE and supporting source material but no manifest-backed production report.
2103	lime	līm	*lḯmą	regular	no	none	source_material_available	dev_notes_slices/2103-lime-līm.md	P4_no_report_required	no	no	no	Regular row has no NOTE and is outside the selective-report backlog.
2104	linden	lind	*líndō	regular	yes	none	source_material_available	dev_notes_slices/2104-linden-lind.md, packets/2104-linden-lind.md, research_memos/2104-linden-lind.md, research_memos/batch_23_summary.md	P2_regular_with_note_missing_production	no	no	no	Regular row has a NOTE and supporting source material but no manifest-backed production report.
2105	line	līne	*lḯnōn	regular	no	none	source_material_available	dev_notes_slices/2105-line-līne.md	P4_no_report_required	no	no	no	Regular row has no NOTE and is outside the selective-report backlog.
2106	list	līste	*lḯstōn	regular	no	none	source_material_available	dev_notes_slices/2106-list-līste.md	P4_no_report_required	no	no	no	Regular row has no NOTE and is outside the selective-report backlog.
2107	live	lifeþ	*líbēθi	late_analogy	yes	none	source_material_available	dev_notes_slices/2107-live-lifeþ.md, packets/2107-live-lifeþ.md, research_memos/2107-live-lifeþ.md	P1_nonregular_missing_production	no	no	maybe	Non-regular late_analogy row with supporting source material but no manifest-backed production report.
2108	liver	lifer	*líbrō	regular	no	none	source_material_available	dev_notes_slices/2108-liver-lifer.md	P4_no_report_required	no	no	no	Regular row has no NOTE and is outside the selective-report backlog.
2109	loam	lām	*láimą	early_analogy	no	none	source_material_available	dev_notes_slices/2109-loam-lām.md, packets/2109-loam-lām.md, research_memos/2109-loam-lām.md	P1_nonregular_missing_production	no	no	no	Non-regular early_analogy row with supporting source material but no manifest-backed production report.
2110	loath	lāþ	*láiθaz	regular	no	none	source_material_available	dev_notes_slices/2110-loath-lāþ.md	P4_no_report_required	no	no	no	Regular row has no NOTE and is outside the selective-report backlog.
2111	lock	loc	*lúką	regular	no	none	source_material_available	dev_notes_slices/1935-ball-beall.md, dev_notes_slices/1947-bid-bēodan.md, dev_notes_slices/1948-bid-bid.md, dev_notes_slices/2111-lock-loc.md, research_memos/batch_24_summary.md	P4_no_report_required	no	no	no	Regular row has no NOTE and is outside the selective-report backlog.
2112	lock	locc	*lúkkaz	regular	no	none	source_material_available	dev_notes_slices/2112-lock-locc.md	P4_no_report_required	no	no	no	Regular row has no NOTE and is outside the selective-report backlog.
2113	louse	lūs	*lūsz	regular	no	none	source_material_available	dev_notes_slices/2113-louse-lūs.md	P4_no_report_required	no	no	no	Regular row has no NOTE and is outside the selective-report backlog.
2114	lung	lungen	*lúnganjō	early_analogy	yes	none	source_material_available	dev_notes_slices/2114-lung-lungen.md, packets/2114-lung-lungen.md, research_memos/2114-lung-lungen.md	P1_nonregular_missing_production	no	no	no	Non-regular early_analogy row with supporting source material but no manifest-backed production report.
2115	lust	lust	*lústuz	regular	no	none	source_material_available	dev_notes_slices/2115-lust-lust.md	P4_no_report_required	no	no	no	Regular row has no NOTE and is outside the selective-report backlog.
2116	lye	lēag	*láugō	regular	no	none	source_material_available	dev_notes_slices/2116-lye-lēag.md	P4_no_report_required	no	no	no	Regular row has no NOTE and is outside the selective-report backlog.
2117	make	macian	*mákōjaną	regular	no	none	source_material_available	dev_notes_slices/2117-make-macian.md	P4_no_report_required	no	no	no	Regular row has no NOTE and is outside the selective-report backlog.
2118	malt	mealt	*máltaz	regular	no	none	source_material_available	dev_notes_slices/2118-malt-mealt.md	P4_no_report_required	no	no	no	Regular row has no NOTE and is outside the selective-report backlog.
2119	man	mannes	*mánnas	late_analogy	yes	none	source_material_available	dev_notes_slices/2119-man-mannes.md, research_memos/2119-man-mannes.md, research_memos/batch_08_summary.md	P1_nonregular_missing_production	no	no	maybe	Non-regular late_analogy row with supporting source material but no manifest-backed production report.
2120	march	mearc	*márkō	regular	yes	none	source_material_available	dev_notes_slices/2120-marrow-mearg.md, packets/2120-march-mearc.md, research_memos/2120-march-mearc.md	P2_regular_with_note_missing_production	no	no	no	Regular row has a NOTE and supporting source material but no manifest-backed production report.
2121	mast	mæst	*mástaz	regular	no	none	source_material_available	dev_notes_slices/2121-mast-mæst.md	P4_no_report_required	no	no	no	Regular row has no NOTE and is outside the selective-report backlog.
2122	meal	mǣl	*mḗlą	regular	no	none	source_material_available	dev_notes_slices/2122-meal-mǣl.md, dev_notes_slices/2127-meal-melu.md	P4_no_report_required	no	no	no	Regular row has no NOTE and is outside the selective-report backlog.
2123	mean	mǣnan	*máinijaną	regular	no	none	source_material_available	dev_notes_slices/2123-mean-mǣnan.md	P4_no_report_required	no	no	no	Regular row has no NOTE and is outside the selective-report backlog.
2124	meed	meorde	*mízdai	late_analogy	yes	none	source_material_available	dev_notes_slices/2124-meadow-mǣd.md, research_memos/2124-meed-meorde.md	P1_nonregular_missing_production	no	no	maybe	Non-regular late_analogy row with supporting source material but no manifest-backed production report.
2125	might	miht	*máxtiz	regular	no	none	source_material_available	dev_notes_slices/2125-meet-mētan.md	P4_no_report_required	no	no	no	Regular row has no NOTE and is outside the selective-report backlog.
2126	milk	meoloc	*mélukz	regular	yes	none	source_material_available	dev_notes_slices/2126-milk-meoloc.md, packets/2126-milk-meoloc.md, research_memos/2126-milk-meoloc.md	P2_regular_with_note_missing_production	no	no	no	Regular row has a NOTE and supporting source material but no manifest-backed production report.
2127	month	mōnaþ	*mḗnōθz	regular	no	none	no_source_material_found		P4_no_report_required	no	no	no	Regular row has no NOTE and is outside the selective-report backlog.
2128	mood	mōd	*mōdaz	regular	no	none	source_material_available	dev_notes_slices/2128-mood-mōd.md, packets/2129-mother-mōder.md	P4_no_report_required	no	no	no	Regular row has no NOTE and is outside the selective-report backlog.
2129	mother	mōder	*mōdēr	regular	yes	none	source_material_available	dev_notes_slices/2129-mother-mōder.md, research_memos/2129-mother-mōder.md	P2_regular_with_note_missing_production	no	no	no	Regular row has a NOTE and supporting source material but no manifest-backed production report.
2130	nail	næġl	*náglaz	regular	no	none	source_material_available	dev_notes_slices/2130-nail-næġl.md	P4_no_report_required	no	no	no	Regular row has no NOTE and is outside the selective-report backlog.
2131	name	nama	*námô	regular	no	none	source_material_available	dev_notes_slices/2131-name-nama.md	P4_no_report_required	no	no	no	Regular row has no NOTE and is outside the selective-report backlog.
2132	nave	nafu	*nábō	regular	no	none	source_material_available	dev_notes_slices/2132-nave-nafu.md	P4_no_report_required	no	no	no	Regular row has no NOTE and is outside the selective-report backlog.
2133	navel	nafola	*nábulô	early_analogy	yes	none	source_material_available	dev_notes_slices/2133-navel-nafola.md, packets/2133-navel-nafola.md, packets/2186-show-sċēawian.md, research_memos/2133-navel-nafola.md	P1_nonregular_missing_production	no	no	no	Non-regular early_analogy row with supporting source material but no manifest-backed production report.
2134	neck	hnecca	*xnékkô	early_analogy	no	none	source_material_available	dev_notes_slices/2134-neck-hnecca.md, packets/2134-neck-hnecca.md, research_memos/2134-neck-hnecca.md	P1_nonregular_missing_production	no	no	no	Non-regular early_analogy row with supporting source material but no manifest-backed production report.
2135	need	nīed	*náudiz	regular	no	none	source_material_available	dev_notes_slices/2135-need-nīed.md	P4_no_report_required	no	no	no	Regular row has no NOTE and is outside the selective-report backlog.
2136	needle	nǣdl	*nḗðlō	early_analogy	yes	none	source_material_available	dev_notes_slices/2136-needle-nǣdl.md, packets/2136-needle-nǣdl.md, research_memos/2136-needle-nǣdl.md	P1_nonregular_missing_production	no	no	no	Non-regular early_analogy row with supporting source material but no manifest-backed production report.
2137	nest	nest	*nístą	regular	no	none	source_material_available	dev_notes_slices/2137-nest-nest.md	P4_no_report_required	no	no	no	Regular row has no NOTE and is outside the selective-report backlog.
2138	net	nett	*nátją	regular	yes	none	source_material_available	dev_notes_slices/2138-net-nett.md, packets/2138-net-nett.md, research_memos/2138-net-nett.md	P2_regular_with_note_missing_production	no	no	no	Regular row has a NOTE and supporting source material but no manifest-backed production report.
2139	nettle	netle	*nátilōn	regular	no	none	source_material_available	dev_notes_slices/2139-nettle-netle.md	P4_no_report_required	no	no	no	Regular row has no NOTE and is outside the selective-report backlog.
2140	night	niht	*náxti	late_analogy	yes	none	source_material_available	dev_notes_slices/2140-night-niht.md, research_memos/2140-night-niht.md	P1_nonregular_missing_production	no	no	maybe	Non-regular late_analogy row with supporting source material but no manifest-backed production report.
2141	nightmare	mare	*márōn	regular	yes	none	source_material_available	dev_notes_slices/2141-nightmare-mare.md, packets/2141-nightmare-mare.md, research_memos/2141-nightmare-mare.md, research_memos/batch_25_summary.md	P2_regular_with_note_missing_production	no	no	no	Regular row has a NOTE and supporting source material but no manifest-backed production report.
2142	nine	nigon	*nígun	regular	no	none	source_material_available	dev_notes_slices/2142-nine-nigon.md	P4_no_report_required	no	no	no	Regular row has no NOTE and is outside the selective-report backlog.
2143	nose	nosu	*núsō	early_analogy	no	none	source_material_available	dev_notes_slices/2143-nose-nosu.md, packets/2143-nose-nosu.md, research_memos/2143-nose-nosu.md	P1_nonregular_missing_production	no	no	no	Non-regular early_analogy row with supporting source material but no manifest-backed production report.
2144	one	ān	*áinaz	regular	no	none	source_material_available	dev_notes_slices/2144-one-ān.md	P4_no_report_required	no	no	no	Regular row has no NOTE and is outside the selective-report backlog.
2145	oven	ofn	*úfnaz	regular	no	none	source_material_available	dev_notes_slices/2145-oven-ofn.md	P4_no_report_required	no	no	no	Regular row has no NOTE and is outside the selective-report backlog.
2146	ox	oxa	*úxsô	regular	no	none	source_material_available	dev_notes_slices/2146-ox-oxa.md	P4_no_report_required	no	no	no	Regular row has no NOTE and is outside the selective-report backlog.
2147	rain	reġn	*régną	regular	no	none	source_material_available	dev_notes_slices/2147-rain-reġn.md	P4_no_report_required	no	no	no	Regular row has no NOTE and is outside the selective-report backlog.
2148	rainbow	reġnboga	*régna-bùgô	regular	no	none	source_material_available	dev_notes_slices/2148-rainbow-reġnboga.md	P4_no_report_required	no	no	no	Regular row has no NOTE and is outside the selective-report backlog.
2149	raven	hræfn	*xrábnaz	regular	no	none	source_material_available	dev_notes_slices/2149-raven-hræfn.md	P4_no_report_required	no	no	no	Regular row has no NOTE and is outside the selective-report backlog.
2150	read	rǣdan	*rḗdaną	regular	no	none	source_material_available	dev_notes_slices/2150-read-rǣdan.md	P4_no_report_required	no	no	no	Regular row has no NOTE and is outside the selective-report backlog.
2151	reek	rēac	*ráukaz	reconstructed_oe	yes	manifest_pilot	manifest_backed	pilot/reek.md	P3_manifest_pilot_review_or_upgrade	no	no	maybe	Existing manifest-backed pilot report; review before any promotion to full.
2152	rest	ræste	*rástōz	late_analogy	yes	none	source_material_available	dev_notes_slices/2152-rest-ræste.md, packets/2152-rest-ræste.md, research_memos/2152-rest-ræste.md, research_memos/batch_09_summary.md	P1_nonregular_missing_production	no	no	maybe	Non-regular late_analogy row with supporting source material but no manifest-backed production report.
2153	ride	rīdan	*rḯdaną	regular	no	none	source_material_available	dev_notes_slices/2153-ride-rīdan.md	P4_no_report_required	no	no	no	Regular row has no NOTE and is outside the selective-report backlog.
2154	rind	rind	*ríndō	regular	no	none	source_material_available	dev_notes_slices/2154-rind-rind.md	P4_no_report_required	no	no	no	Regular row has no NOTE and is outside the selective-report backlog.
2155	coat	rocc	*rúkkaz	regular	yes	none	source_material_available	dev_notes_slices/2155-coat-rocc.md, packets/2155-coat-rocc.md, research_memos/2155-coat-rocc.md	P2_regular_with_note_missing_production	no	no	no	Regular row has a NOTE and supporting source material but no manifest-backed production report.
2157	rood	rōd	*rōdō	regular	no	none	source_material_available	dev_notes_slices/2157-rood-rōd.md	P4_no_report_required	no	no	no	Regular row has no NOTE and is outside the selective-report backlog.
2158	room	rūm	*rūmą	regular	no	none	source_material_available	dev_notes_slices/2158-room-rūm.md	P4_no_report_required	no	no	no	Regular row has no NOTE and is outside the selective-report backlog.
2159	rope	rāp	*ráipą	regular	no	none	source_material_available	dev_notes_slices/2159-rope-rāp.md	P4_no_report_required	no	no	no	Regular row has no NOTE and is outside the selective-report backlog.
2160	rudder	rōþor	*rōθraz	regular	no	none	source_material_available	dev_notes_slices/2160-rudder-rōþor.md	P4_no_report_required	no	no	no	Regular row has no NOTE and is outside the selective-report backlog.
2161	run	rinnan	*rínnaną	regular	no	none	source_material_available	dev_notes_slices/2161-run-rinnan.md	P4_no_report_required	no	no	no	Regular row has no NOTE and is outside the selective-report backlog.
2162	rust	rust	*rústō	unexplained_unmodelled	yes	none	source_material_available	dev_notes_slices/2162-rust-rust.md, dev_notes_slices/PILOT_SUMMARY.md, research_memos/2162-rust-rust.md, research_memos/batch_04_summary.md	P1_nonregular_missing_production	no	no	maybe	Non-regular unexplained_unmodelled row with supporting source material but no manifest-backed production report.
2163	rye	ryġe	*rúgiz	regular	no	none	source_material_available	dev_notes_slices/2163-rye-ryġe.md	P4_no_report_required	no	no	no	Regular row has no NOTE and is outside the selective-report backlog.
2164	sail	seġl	*séglą	regular	no	none	source_material_available	dev_notes_slices/2164-sail-seġl.md	P4_no_report_required	no	no	no	Regular row has no NOTE and is outside the selective-report backlog.
2165	sake	sacu	*sákō	regular	no	none	source_material_available	dev_notes_slices/2165-sake-sacu.md	P4_no_report_required	no	no	no	Regular row has no NOTE and is outside the selective-report backlog.
2166	salt	sealt	*sáltą	regular	no	none	source_material_available	dev_notes_slices/2166-salt-sealt.md	P4_no_report_required	no	no	no	Regular row has no NOTE and is outside the selective-report backlog.
2167	salve	sealf	*sálbō	regular	no	none	source_material_available	dev_notes_slices/2167-salve-sealf.md	P4_no_report_required	no	no	no	Regular row has no NOTE and is outside the selective-report backlog.
2168	sap	sæp	*sápą	early_analogy	yes	none	source_material_available	dev_notes_slices/2168-sap-sæp.md, packets/2168-sap-sæp.md, research_memos/2168-sap-sæp.md	P1_nonregular_missing_production	no	no	no	Non-regular early_analogy row with supporting source material but no manifest-backed production report.
2169	sea	sǣ	*sáiwiz	early_analogy	yes	none	source_material_available	dev_notes_slices/2169-sea-sǣ.md, packets/2169-sea-sǣ.md, research_memos/2169-sea-sǣ.md, research_memos/batch_26_summary.md	P1_nonregular_missing_production	no	no	no	Non-regular early_analogy row with supporting source material but no manifest-backed production report.
2170	seam	sēam	*sáumaz	regular	no	none	source_material_available	dev_notes_slices/2170-seam-sēam.md	P4_no_report_required	no	no	no	Regular row has no NOTE and is outside the selective-report backlog.
2171	seek	sēċan	*sōkijaną	regular	no	none	source_material_available	dev_notes_slices/2171-seek-sēċan.md	P4_no_report_required	no	no	no	Regular row has no NOTE and is outside the selective-report backlog.
2172	send	sendan	*sándijaną	regular	no	none	source_material_available	dev_notes_slices/2172-send-sendan.md	P4_no_report_required	no	no	no	Regular row has no NOTE and is outside the selective-report backlog.
2173	set	settan	*sátjaną	regular	no	none	source_material_available	dev_notes_slices/2173-set-settan.md	P4_no_report_required	no	no	no	Regular row has no NOTE and is outside the selective-report backlog.
2174	seven	seofon	*sébun	regular	no	none	source_material_available	dev_notes_slices/2174-seven-seofon.md	P4_no_report_required	no	no	no	Regular row has no NOTE and is outside the selective-report backlog.
2175	shaft	sċeaft	*skáftą	regular	no	none	source_material_available	dev_notes_slices/2175-shaft-sċeaft.md	P4_no_report_required	no	no	no	Regular row has no NOTE and is outside the selective-report backlog.
2176	shame	sċamu	*skámō	regular	no	none	source_material_available	dev_notes_slices/2176-shame-sċamu.md	P4_no_report_required	no	no	no	Regular row has no NOTE and is outside the selective-report backlog.
2177	shear	sċieran	*skéraną	regular	no	none	source_material_available	dev_notes_slices/2177-shear-sċieran.md	P4_no_report_required	no	no	no	Regular row has no NOTE and is outside the selective-report backlog.
2178	sheath	sċēaþ	*skáiθiz	regular	no	none	source_material_available	dev_notes_slices/2178-sheath-sċēaþ.md	P4_no_report_required	no	no	no	Regular row has no NOTE and is outside the selective-report backlog.
2179	sheep	sċēap	*skḗpą	regular	yes	none	source_material_available	dev_notes_slices/2179-sheep-sċēap.md, packets/2179-sheep-sċēap.md, research_memos/2179-sheep-sċēap.md, research_memos/batch_27_summary.md	P2_regular_with_note_missing_production	no	no	no	Regular row has a NOTE and supporting source material but no manifest-backed production report.
2180	shield	sċield	*skélduz	regular	no	none	source_material_available	dev_notes_slices/2180-shield-sċield.md	P4_no_report_required	no	no	no	Regular row has no NOTE and is outside the selective-report backlog.
2181	shilling	sċilling	*skíllingaz	regular	yes	none	source_material_available	dev_notes_slices/2181-shilling-sċilling.md, dev_notes_slices/2218-stilt-stilte.md, packets/2181-shilling-sċilling.md, research_memos/2181-shilling-sċilling.md	P2_regular_with_note_missing_production	no	no	no	Regular row has a NOTE and supporting source material but no manifest-backed production report.
2182	shine	sċīnan	*skḯnaną	regular	no	none	source_material_available	dev_notes_slices/2182-shine-sċīnan.md	P4_no_report_required	no	no	no	Regular row has no NOTE and is outside the selective-report backlog.
2183	shoulder	sċuldrum	*skúldramiz	late_analogy	yes	none	source_material_available	dev_notes_slices/2183-shoulder-sċuldrum.md, packets/2183-shoulder-sċuldrum.md, research_memos/2183-shoulder-sċuldrum.md	P1_nonregular_missing_production	yes	yes	yes	Non-regular late_analogy row with supporting source material but no manifest-backed production report.
2184	shove	sċēaf	*skáub	late_analogy	yes	none	source_material_available	dev_notes_slices/2184-shove-sċēaf.md, packets/2184-shove-sċēaf.md, research_memos/2184-shove-sċēaf.md	P1_nonregular_missing_production	no	no	maybe	Non-regular late_analogy row with supporting source material but no manifest-backed production report.
2185	shovel	sċofl	*skúflō	regular	no	none	source_material_available	dev_notes_slices/2185-shovel-sċofl.md	P4_no_report_required	no	no	no	Regular row has no NOTE and is outside the selective-report backlog.
2186	show	sċēawian	*skáwōjaną	regular	yes	none	source_material_available	dev_notes_slices/2186-show-sċēawian.md, research_memos/2186-show-sċēawian.md	P2_regular_with_note_missing_production	no	no	no	Regular row has a NOTE and supporting source material but no manifest-backed production report.
2187	shower	sċūr	*skūrō	regular	no	none	source_material_available	dev_notes_slices/2187-shower-sċūr.md	P4_no_report_required	no	no	no	Regular row has no NOTE and is outside the selective-report backlog.
2188	side	sīde	*sḯdōn	regular	no	none	source_material_available	dev_notes_slices/2188-side-sīde.md	P4_no_report_required	no	no	no	Regular row has no NOTE and is outside the selective-report backlog.
2189	sieve	sife	*síbi	early_analogy	no	none	source_material_available	dev_notes_slices/2189-sieve-sife.md, packets/2189-sieve-sife.md, research_memos/2189-sieve-sife.md	P1_nonregular_missing_production	no	no	no	Non-regular early_analogy row with supporting source material but no manifest-backed production report.
2190	sing	singan	*síngwaną	regular	no	none	source_material_available	dev_notes_slices/2190-sing-singan.md	P4_no_report_required	no	no	no	Regular row has no NOTE and is outside the selective-report backlog.
2191	singe	senġan	*sángijaną	regular	no	none	source_material_available	dev_notes_slices/2191-singe-senġan.md	P4_no_report_required	no	no	no	Regular row has no NOTE and is outside the selective-report backlog.
2192	sister	swester	*swéstēr	regular	no	none	source_material_available	dev_notes_slices/2192-sister-swester.md	P4_no_report_required	no	no	no	Regular row has no NOTE and is outside the selective-report backlog.
2193	sit	sittan	*sétjaną	regular	no	none	source_material_available	dev_notes_slices/2193-sit-sittan.md	P4_no_report_required	no	no	no	Regular row has no NOTE and is outside the selective-report backlog.
2194	six	six	*séxs	regular	no	none	source_material_available	dev_notes_slices/2194-six-six.md	P4_no_report_required	no	no	no	Regular row has no NOTE and is outside the selective-report backlog.
2195	slay	slēan	*sláxaną	regular	no	none	source_material_available	dev_notes_slices/2195-slay-slēan.md	P4_no_report_required	no	no	no	Regular row has no NOTE and is outside the selective-report backlog.
2196	sleep	slǣpan	*slḗpaną	regular	yes	none	source_material_available	dev_notes_slices/2196-sleep-slǣpan.md, packets/2196-sleep-slǣpan.md, research_memos/2196-sleep-slǣpan.md, research_memos/batch_28_summary.md	P2_regular_with_note_missing_production	no	no	no	Regular row has a NOTE and supporting source material but no manifest-backed production report.
2197	slime	slīm	*slḯmą	regular	no	none	source_material_available	dev_notes_slices/2197-slime-slīm.md	P4_no_report_required	no	no	no	Regular row has no NOTE and is outside the selective-report backlog.
2198	smear	smierwan	*smérwijaną	regular	yes	none	source_material_available	dev_notes_slices/2198-smear-smierwan.md, research_memos/2198-smear-smierwan.md	P2_regular_with_note_missing_production	no	no	no	Regular row has a NOTE and supporting source material but no manifest-backed production report.
2199	snow	snāw	*snáiwaz	regular	no	none	source_material_available	dev_notes_slices/2199-snow-snāw.md	P4_no_report_required	no	no	no	Regular row has no NOTE and is outside the selective-report backlog.
2200	sorrow	sorg	*súrgō	regular	no	none	source_material_available	dev_notes_slices/2200-sorrow-sorg.md	P4_no_report_required	no	no	no	Regular row has no NOTE and is outside the selective-report backlog.
2201	soul	sāwol	*sáiwalō	regular	no	none	source_material_available	dev_notes_slices/2201-soul-sāwol.md	P4_no_report_required	no	no	no	Regular row has no NOTE and is outside the selective-report backlog.
2202	span	spannan	*spánnaną	regular	yes	none	source_material_available	dev_notes_slices/2202-span-spannan.md, packets/2202-span-spannan.md, research_memos/2202-span-spannan.md	P2_regular_with_note_missing_production	no	no	no	Regular row has a NOTE and supporting source material but no manifest-backed production report.
2203	span	spanne	*spánnai	late_analogy	yes	manifest_pilot	manifest_backed	pilot/span.md	P3_manifest_pilot_review_or_upgrade	no	no	maybe	Existing manifest-backed pilot report; review before any promotion to full.
2204	spar	spearra	*spárrô	regular	yes	none	source_material_available	dev_notes_slices/2204-spar-spearra.md, packets/2204-spar-spearra.md, research_memos/2204-spar-spearra.md	P2_regular_with_note_missing_production	no	no	no	Regular row has a NOTE and supporting source material but no manifest-backed production report.
2205	spare	sparian	*spárōjaną	early_analogy	yes	none	source_material_available	dev_notes_slices/2205-spare-sparian.md, packets/2205-spare-sparian.md, research_memos/2205-spare-sparian.md	P1_nonregular_missing_production	no	no	no	Non-regular early_analogy row with supporting source material but no manifest-backed production report.
2206	spear	speoru	*spéru	regular	no	none	source_material_available	dev_notes_slices/2206-spear-speoru.md, packets/2102-light-līehtan.md	P4_no_report_required	no	no	no	Regular row has no NOTE and is outside the selective-report backlog.
2207	spin	spinnan	*spínnaną	regular	no	none	source_material_available	dev_notes_slices/2207-spin-spinnan.md	P4_no_report_required	no	no	no	Regular row has no NOTE and is outside the selective-report backlog.
2208	spindle	spinl	*spénnilō	regular	no	none	source_material_available	dev_notes_slices/2208-spindle-spinl.md	P4_no_report_required	no	no	no	Regular row has no NOTE and is outside the selective-report backlog.
2209	spoon	spōn	*spḗnuz	regular	no	none	source_material_available	dev_notes_slices/2209-spoon-spōn.md	P4_no_report_required	no	no	no	Regular row has no NOTE and is outside the selective-report backlog.
2210	spread	sprǣdan	*spráidijaną	regular	no	none	source_material_available	dev_notes_slices/2210-spread-sprǣdan.md	P4_no_report_required	no	no	no	Regular row has no NOTE and is outside the selective-report backlog.
2211	spur	spora	*spúrô	regular	no	none	source_material_available	dev_notes_slices/2211-spur-spora.md	P4_no_report_required	no	no	no	Regular row has no NOTE and is outside the selective-report backlog.
2212	staff	stæf	*stábaz	early_analogy	yes	none	source_material_available	dev_notes_slices/2212-staff-stæf.md, packets/2212-staff-stæf.md, research_memos/2212-staff-stæf.md	P1_nonregular_missing_production	no	no	no	Non-regular early_analogy row with supporting source material but no manifest-backed production report.
2213	start	styrtan	*stúrtijaną	regular	no	none	source_material_available	dev_notes_slices/2213-start-styrtan.md	P4_no_report_required	no	no	no	Regular row has no NOTE and is outside the selective-report backlog.
2214	starve	steorfan	*stérbaną	regular	no	none	source_material_available	dev_notes_slices/2214-starve-steorfan.md	P4_no_report_required	no	no	no	Regular row has no NOTE and is outside the selective-report backlog.
2215	steal	stelan	*stélaną	regular	no	none	source_material_available	dev_notes_slices/2215-steal-stelan.md	P4_no_report_required	no	no	no	Regular row has no NOTE and is outside the selective-report backlog.
2216	stem	stefn	*stébnō	early_analogy	yes	none	source_material_available	dev_notes_slices/2216-stem-stefn.md, packets/2216-stem-stefn.md, research_memos/2216-stem-stefn.md, research_memos/batch_29_summary.md	P1_nonregular_missing_production	no	no	no	Non-regular early_analogy row with supporting source material but no manifest-backed production report.
2217	still	stillan	*stéllijaną	regular	yes	none	source_material_available	dev_notes_slices/2217-still-stillan.md, packets/2217-still-stillan.md, research_memos/2217-still-stillan.md	P2_regular_with_note_missing_production	no	no	no	Regular row has a NOTE and supporting source material but no manifest-backed production report.
2219	stock	stocc	*stúkkaz	regular	no	none	source_material_available	dev_notes_slices/2219-stock-stocc.md	P4_no_report_required	no	no	no	Regular row has no NOTE and is outside the selective-report backlog.
2220	stone	stān	*stáinaz	regular	no	none	source_material_available	dev_notes_slices/2220-stone-stān.md	P4_no_report_required	no	no	no	Regular row has no NOTE and is outside the selective-report backlog.
2221	stool	stōl	*stōlaz	regular	no	none	source_material_available	dev_notes_slices/2221-stool-stōl.md	P4_no_report_required	no	no	no	Regular row has no NOTE and is outside the selective-report backlog.
2222	stork	storc	*stúrkaz	regular	no	none	source_material_available	dev_notes_slices/2222-stork-storc.md	P4_no_report_required	no	no	no	Regular row has no NOTE and is outside the selective-report backlog.
2223	storm	storm	*stúrmaz	regular	no	none	source_material_available	dev_notes_slices/2223-storm-storm.md	P4_no_report_required	no	no	no	Regular row has no NOTE and is outside the selective-report backlog.
2224	straw	strēaw	*stráwą	regular	no	none	source_material_available	dev_notes_slices/2224-straw-strēaw.md	P4_no_report_required	no	no	no	Regular row has no NOTE and is outside the selective-report backlog.
2225	stream	strēam	*stráumaz	regular	no	none	source_material_available	dev_notes_slices/2225-stream-strēam.md	P4_no_report_required	no	no	no	Regular row has no NOTE and is outside the selective-report backlog.
2226	stretch	streċċan	*strákkijaną	regular	no	none	source_material_available	dev_notes_slices/2226-stretch-streċċan.md	P4_no_report_required	no	no	no	Regular row has no NOTE and is outside the selective-report backlog.
2227	strew	strīeġan	*stráwjaną	reconstructed_oe	yes	none	source_material_available	dev_notes_slices/2227-strew-strīeġan.md, research_memos/2227-strew-strīeġan.md	P1_nonregular_missing_production	no	no	maybe	Non-regular reconstructed_oe row with supporting source material but no manifest-backed production report.
2228	string	strenġ	*strángiz	regular	no	none	source_material_available	dev_notes_slices/2228-string-strenġ.md	P4_no_report_required	no	no	no	Regular row has no NOTE and is outside the selective-report backlog.
2229	stud	stōd	*stōdą	regular	no	none	source_material_available	dev_notes_slices/2229-stud-stōd.md	P4_no_report_required	no	no	no	Regular row has no NOTE and is outside the selective-report backlog.
2230	summer	sumer	*súmaraz	regular	yes	none	source_material_available	dev_notes_slices/2230-summer-sumer.md, packets/2230-summer-sumer.md, research_memos/2230-summer-sumer.md	P2_regular_with_note_missing_production	no	no	no	Regular row has a NOTE and supporting source material but no manifest-backed production report.
2231	sun	sunne	*súnnōn	regular	no	none	source_material_available	dev_notes_slices/2231-sun-sunne.md	P4_no_report_required	no	no	no	Regular row has no NOTE and is outside the selective-report backlog.
2232	sunder	sundrian	*súndrōjaną	regular	yes	none	source_material_available	dev_notes_slices/2232-sunder-sundrian.md, packets/2232-sunder-sundrian.md, research_memos/2232-sunder-sundrian.md	P2_regular_with_note_missing_production	no	no	no	Regular row has a NOTE and supporting source material but no manifest-backed production report.
2233	sup	sūpan	*sūpaną	regular	no	none	source_material_available	dev_notes_slices/2233-sup-sūpan.md	P4_no_report_required	no	no	no	Regular row has no NOTE and is outside the selective-report backlog.
2234	swallow	swealwe	*swálwōn	regular	yes	none	source_material_available	dev_notes_slices/2234-swallow-swealwe.md, packets/2234-swallow-swealwe.md, research_memos/2234-swallow-swealwe.md	P2_regular_with_note_missing_production	no	no	no	Regular row has a NOTE and supporting source material but no manifest-backed production report.
2235	swan	swanes	*swánas	early_analogy	no	none	source_material_available	dev_notes_slices/2235-swan-swanes.md, packets/2235-swan-swanes.md, research_memos/2235-swan-swanes.md, research_memos/batch_30_summary.md	P1_nonregular_missing_production	no	no	no	Non-regular early_analogy row with supporting source material but no manifest-backed production report.
2236	swell	swellan	*swéllaną	regular	no	none	source_material_available	dev_notes_slices/2236-swell-swellan.md	P4_no_report_required	no	no	no	Regular row has no NOTE and is outside the selective-report backlog.
2237	swim	swimman	*swímmaną	regular	no	none	source_material_available	dev_notes_slices/2237-swim-swimman.md	P4_no_report_required	no	no	no	Regular row has no NOTE and is outside the selective-report backlog.
2238	swine	swīn	*swḯną	regular	yes	none	source_material_available	dev_notes_slices/2238-swine-swīn.md, packets/2238-swine-swīn.md, research_memos/2238-swine-swīn.md	P2_regular_with_note_missing_production	no	no	no	Regular row has a NOTE and supporting source material but no manifest-backed production report.
2239	sword	sweord	*swérdą	regular	no	none	source_material_available	dev_notes_slices/2239-sword-sweord.md	P4_no_report_required	no	no	no	Regular row has no NOTE and is outside the selective-report backlog.
2240	tap	tæppa	*táppô	known_unmodelled	yes	manifest_pilot	manifest_backed	pilot/tap.md	P3_manifest_pilot_review_or_upgrade	no	no	maybe	Existing manifest-backed pilot report; review before any promotion to full.
2241	team	tēam	*táugmaz	regular	no	none	source_material_available	dev_notes_slices/2241-team-tēam.md	P4_no_report_required	no	no	no	Regular row has no NOTE and is outside the selective-report backlog.
2242	ten	tēon	*téxun	attested_variant	yes	none	source_material_available	dev_notes_slices/2242-ten-tēon.md, research_memos/2242-ten-tēon.md	P1_nonregular_missing_production	no	no	maybe	Non-regular attested_variant row with supporting source material but no manifest-backed production report.
2243	thane	þeġn	*θégnaz	regular	no	none	source_material_available	dev_notes_slices/2243-thane-þeġn.md	P4_no_report_required	no	no	no	Regular row has no NOTE and is outside the selective-report backlog.
2244	thanks	þanc	*θánkaz	regular	no	none	source_material_available	dev_notes_slices/2244-thanks-þanc.md	P4_no_report_required	no	no	no	Regular row has no NOTE and is outside the selective-report backlog.
2245	thatch	þæc	*θáką	regular	no	none	source_material_available	dev_notes_slices/2245-thatch-þæc.md	P4_no_report_required	no	no	no	Regular row has no NOTE and is outside the selective-report backlog.
2246	thief	þēof	*θéubaz	regular	no	none	source_material_available	dev_notes_slices/2246-thief-þēof.md	P4_no_report_required	no	no	no	Regular row has no NOTE and is outside the selective-report backlog.
2247	thing	þing	*θíngą	regular	no	none	source_material_available	dev_notes_slices/2247-thing-þing.md	P4_no_report_required	no	no	no	Regular row has no NOTE and is outside the selective-report backlog.
2248	think	þenċan	*θánkijaną	regular	yes	none	source_material_available	dev_notes_slices/2248-think-þenċan.md, packets/2248-think-þenċan.md, research_memos/2248-think-þenċan.md	P2_regular_with_note_missing_production	no	no	no	Regular row has a NOTE and supporting source material but no manifest-backed production report.
2249	thirst	þurst	*θúrstuz	regular	no	none	source_material_available	dev_notes_slices/2249-thirst-þurst.md	P4_no_report_required	no	no	no	Regular row has no NOTE and is outside the selective-report backlog.
2250	thistle	þistles	*θístilas	late_analogy	yes	manifest_pilot	manifest_backed	pilot/thistle.md	P3_manifest_pilot_review_or_upgrade	no	no	maybe	Existing manifest-backed pilot report; review before any promotion to full.
2251	thorn	þorn	*θúrnaz	regular	yes	none	source_material_available	dev_notes_slices/2251-thorn-þorn.md, research_memos/2251-thorn-þorn.md	P2_regular_with_note_missing_production	no	no	no	Regular row has a NOTE and supporting source material but no manifest-backed production report.
2252	thousand	þūsend	*θūs-èndi	early_analogy	yes	none	source_material_available	dev_notes_slices/2252-thousand-þūsend.md, packets/2252-thousand-þūsend.md, research_memos/2252-thousand-þūsend.md	P1_nonregular_missing_production	no	no	no	Non-regular early_analogy row with supporting source material but no manifest-backed production report.
2253	thrash	þresċan	*θréskaną	regular	no	none	source_material_available	dev_notes_slices/2253-thrash-þresċan.md	P4_no_report_required	no	no	no	Regular row has no NOTE and is outside the selective-report backlog.
2254	three	þrīe	*θréjez	attested_variant	yes	none	source_material_available	dev_notes_slices/2254-three-þrīe.md, packets/2254-three-þrīe.md, research_memos/2254-three-þrīe.md, research_memos/batch_06_summary.md	P1_nonregular_missing_production	no	no	maybe	Non-regular attested_variant row with supporting source material but no manifest-backed production report.
2255	thunder	þunor	*θúnraz	regular	no	none	source_material_available	dev_notes_slices/2255-thunder-þunor.md	P4_no_report_required	no	no	no	Regular row has no NOTE and is outside the selective-report backlog.
2256	tick	ticca	*tíkkô	regular	no	none	source_material_available	dev_notes_slices/2256-tick-ticca.md	P4_no_report_required	no	no	no	Regular row has no NOTE and is outside the selective-report backlog.
2257	tide	tīd	*tḯdiz	regular	yes	none	source_material_available	dev_notes_slices/2257-tide-tīd.md, packets/2257-tide-tīd.md, research_memos/2257-tide-tīd.md	P2_regular_with_note_missing_production	no	no	no	Regular row has a NOTE and supporting source material but no manifest-backed production report.
2258	timber	timber	*tímbrą	early_analogy	yes	none	source_material_available	dev_notes_slices/2258-timber-timber.md, packets/2258-timber-timber.md, research_memos/2258-timber-timber.md, research_memos/batch_32_summary.md	P1_nonregular_missing_production	no	no	no	Non-regular early_analogy row with supporting source material but no manifest-backed production report.
2259	toe	tā	*táixōn	regular	no	none	source_material_available	dev_notes_slices/2259-toe-tā.md, packets/2260-token-tācn.md	P4_no_report_required	no	no	no	Regular row has no NOTE and is outside the selective-report backlog.
2260	token	tācn	*táikną	regular	yes	none	source_material_available	dev_notes_slices/2260-token-tācn.md, research_memos/2260-token-tācn.md	P2_regular_with_note_missing_production	no	no	no	Regular row has a NOTE and supporting source material but no manifest-backed production report.
2261	tongs	tang	*tángō	regular	no	none	source_material_available	dev_notes_slices/2261-tongs-tang.md	P4_no_report_required	no	no	no	Regular row has no NOTE and is outside the selective-report backlog.
2262	tongue	tunge	*túngōn	regular	no	none	source_material_available	dev_notes_slices/2262-tongue-tunge.md	P4_no_report_required	no	no	no	Regular row has no NOTE and is outside the selective-report backlog.
2263	town	tūn	*tūną	regular	yes	none	source_material_available	dev_notes_slices/2263-town-tūn.md, packets/2263-town-tūn.md, research_memos/2263-town-tūn.md	P2_regular_with_note_missing_production	no	no	no	Regular row has a NOTE and supporting source material but no manifest-backed production report.
2264	tread	tredan	*trédaną	regular	no	none	source_material_available	dev_notes_slices/2264-tread-tredan.md	P4_no_report_required	no	no	no	Regular row has no NOTE and is outside the selective-report backlog.
2265	trough	trog	*trúgą	regular	no	none	source_material_available	dev_notes_slices/2265-trough-trog.md	P4_no_report_required	no	no	no	Regular row has no NOTE and is outside the selective-report backlog.
2266	wade	wadan	*wádaną	regular	yes	none	source_material_available	dev_notes_slices/2266-wade-wadan.md, packets/2266-wade-wadan.md, research_memos/2266-wade-wadan.md	P2_regular_with_note_missing_production	no	no	no	Regular row has a NOTE and supporting source material but no manifest-backed production report.
2267	wain	wæġn	*wágnaz	regular	no	none	source_material_available	dev_notes_slices/2267-wain-wæġn.md	P4_no_report_required	no	no	no	Regular row has no NOTE and is outside the selective-report backlog.
2268	wake	wacan	*wákaną	early_analogy	yes	none	source_material_available	dev_notes_slices/2268-wake-wacan.md, packets/2268-wake-wacan.md, research_memos/2268-wake-wacan.md, research_memos/batch_33_summary.md	P1_nonregular_missing_production	no	no	no	Non-regular early_analogy row with supporting source material but no manifest-backed production report.
2269	warp	wearp	*wárpą	regular	no	none	source_material_available	dev_notes_slices/2269-warp-wearp.md	P4_no_report_required	no	no	no	Regular row has no NOTE and is outside the selective-report backlog.
2270	warp	weorpan	*wérpaną	regular	yes	none	source_material_available	dev_notes_slices/2270-warp-weorpan.md, packets/2270-warp-weorpan.md, research_memos/2270-warp-weorpan.md	P2_regular_with_note_missing_production	no	no	no	Regular row has a NOTE and supporting source material but no manifest-backed production report.
2271	wart	wearte	*wártōn	regular	no	none	source_material_available	dev_notes_slices/2271-wart-wearte.md	P4_no_report_required	no	no	no	Regular row has no NOTE and is outside the selective-report backlog.
2272	wash	wascan	*wáskaną	regular	yes	none	source_material_available	dev_notes_slices/2272-wash-wascan.md, packets/2272-wash-wascan.md, research_memos/2272-wash-wascan.md	P2_regular_with_note_missing_production	no	no	no	Regular row has a NOTE and supporting source material but no manifest-backed production report.
2273	wasp	wæfs	*wábsaz	attested_variant	yes	none	source_material_available	dev_notes_slices/2273-wasp-wæfs.md, packets/2273-wasp-wæfs.md, research_memos/2273-wasp-wæfs.md	P1_nonregular_missing_production	yes	no	no	Non-regular attested_variant row with supporting source material but no manifest-backed production report.
2274	water	wæter	*wátōr	early_analogy	yes	none	source_material_available	dev_notes_slices/2274-water-wæter.md, packets/2274-water-wæter.md, research_memos/2274-water-wæter.md	P1_nonregular_missing_production	no	no	no	Non-regular early_analogy row with supporting source material but no manifest-backed production report.
2275	wax	weax	*wáxsą	regular	no	none	source_material_available	dev_notes_slices/2275-wax-weax.md, packets/2276-wax-weaxan.md	P4_no_report_required	no	no	no	Regular row has no NOTE and is outside the selective-report backlog.
2276	wax	weaxan	*wáxsaną	regular	yes	none	source_material_available	dev_notes_slices/2276-wax-weaxan.md, research_memos/2276-wax-weaxan.md	P2_regular_with_note_missing_production	no	no	no	Regular row has a NOTE and supporting source material but no manifest-backed production report.
2277	way	weġ	*wégaz	regular	yes	none	source_material_available	dev_notes_slices/2277-way-weġ.md, packets/2277-way-weġ.md, research_memos/2277-way-weġ.md	P2_regular_with_note_missing_production	no	no	no	Regular row has a NOTE and supporting source material but no manifest-backed production report.
2278	weapon	wǣpn	*wḗpną	regular	yes	none	source_material_available	dev_notes_slices/2278-weapon-wǣpn.md, packets/2278-weapon-wǣpn.md, research_memos/2278-weapon-wǣpn.md	P2_regular_with_note_missing_production	no	no	no	Regular row has a NOTE and supporting source material but no manifest-backed production report.
2279	weasel	wesle	*wéslōn	regular	no	none	source_material_available	dev_notes_slices/2279-weasel-wesle.md	P4_no_report_required	no	no	no	Regular row has no NOTE and is outside the selective-report backlog.
2280	weather	weder	*wédrą	regular	no	none	source_material_available	dev_notes_slices/2280-weather-weder.md	P4_no_report_required	no	no	no	Regular row has no NOTE and is outside the selective-report backlog.
2281	weave	wefan	*wébaną	regular	no	none	source_material_available	dev_notes_slices/2281-weave-wefan.md	P4_no_report_required	no	no	no	Regular row has no NOTE and is outside the selective-report backlog.
2282	west	westene	*wéstanē	regular	no	none	source_material_available	dev_notes_slices/2282-west-westene.md	P4_no_report_required	no	no	no	Regular row has no NOTE and is outside the selective-report backlog.
2283	wether	weþer	*wíθrą	regular	no	none	source_material_available	dev_notes_slices/2283-wether-weþer.md	P4_no_report_required	no	no	no	Regular row has no NOTE and is outside the selective-report backlog.
2284	whale	hwæl	*xwálaz	early_analogy	yes	none	source_material_available	dev_notes_slices/2284-whale-hwæl.md, packets/2284-whale-hwæl.md, research_memos/2284-whale-hwæl.md	P1_nonregular_missing_production	no	no	no	Non-regular early_analogy row with supporting source material but no manifest-backed production report.
2285	while	hwīl	*xwḯlō	regular	no	none	source_material_available	dev_notes_slices/2285-while-hwīl.md	P4_no_report_required	no	no	no	Regular row has no NOTE and is outside the selective-report backlog.
2286	whine	hwīnan	*xwḯnaną	early_analogy	no	none	source_material_available	dev_notes_slices/2286-whine-hwīnan.md, packets/2286-whine-hwīnan.md, research_memos/2286-whine-hwīnan.md	P1_nonregular_missing_production	no	no	no	Non-regular early_analogy row with supporting source material but no manifest-backed production report.
2287	whore	hōre	*xōrōn	regular	no	none	source_material_available	dev_notes_slices/2287-whore-hōre.md	P4_no_report_required	no	no	no	Regular row has no NOTE and is outside the selective-report backlog.
2288	widow	wuduwe	*wíduwōn	regular	no	none	source_material_available	dev_notes_slices/2288-widow-wuduwe.md	P4_no_report_required	no	no	no	Regular row has no NOTE and is outside the selective-report backlog.
2289	wield	wealdan	*wáldaną	regular	no	none	source_material_available	dev_notes_slices/2289-wield-wealdan.md	P4_no_report_required	no	no	no	Regular row has no NOTE and is outside the selective-report backlog.
2290	wife	wīf	*wḯbą	regular	no	none	source_material_available	dev_notes_slices/2290-wife-wīf.md	P4_no_report_required	no	no	no	Regular row has no NOTE and is outside the selective-report backlog.
2291	wight	wiht	*wéxtiz	regular	no	none	source_material_available	dev_notes_slices/2291-wight-wiht.md	P4_no_report_required	no	no	no	Regular row has no NOTE and is outside the selective-report backlog.
2292	will	willan	*wéljaną	regular	no	none	source_material_available	dev_notes_slices/2292-will-willan.md	P4_no_report_required	no	no	no	Regular row has no NOTE and is outside the selective-report backlog.
2293	will	willa	*wéljô	regular	yes	none	source_material_available	dev_notes_slices/2293-will-willa.md, packets/2293-will-willa.md, research_memos/2293-will-willa.md	P2_regular_with_note_missing_production	no	no	no	Regular row has a NOTE and supporting source material but no manifest-backed production report.
2294	wind	windan	*wíndaną	regular	yes	none	source_material_available	dev_notes_slices/2294-wind-windan.md, packets/2294-wind-windan.md, research_memos/2294-wind-windan.md	P2_regular_with_note_missing_production	no	no	no	Regular row has a NOTE and supporting source material but no manifest-backed production report.
2295	winter	winter	*wíntruz	regular	no	none	source_material_available	dev_notes_slices/2295-winter-winter.md	P4_no_report_required	no	no	no	Regular row has no NOTE and is outside the selective-report backlog.
2296	withy	wīþiġ	*wḯθagą	early_analogy	yes	none	source_material_available	dev_notes_slices/2296-withy-wīþiġ.md, packets/2296-withy-wīþiġ.md, research_memos/2296-withy-wīþiġ.md	P1_nonregular_missing_production	yes	no	no	Non-regular early_analogy row with supporting source material but no manifest-backed production report.
2297	wold	weald	*wálθuz	regular	yes	none	source_material_available	dev_notes_slices/2297-wold-weald.md, research_memos/2297-wold-weald.md	P2_regular_with_note_missing_production	no	no	no	Regular row has a NOTE and supporting source material but no manifest-backed production report.
2298	wolf	wulf	*wúlfaz	unexplained_unmodelled	yes	none	source_material_available	dev_notes_slices/2298-wolf-wulf.md, packets/2298-wolf-wulf.md, research_memos/2298-wolf-wulf.md	P1_nonregular_missing_production	no	no	maybe	Non-regular unexplained_unmodelled row with supporting source material but no manifest-backed production report.
2299	wonder	wundor	*wúndrą	regular	no	none	source_material_available	dev_notes_slices/2299-wonder-wundor.md	P4_no_report_required	no	no	no	Regular row has no NOTE and is outside the selective-report backlog.
2300	wool	wull	*wúllō	unexplained_unmodelled	yes	none	source_material_available	dev_notes_slices/2300-wool-wull.md, packets/2300-wool-wull.md, research_memos/2300-wool-wull.md	P1_nonregular_missing_production	yes	no	maybe	Non-regular unexplained_unmodelled row with supporting source material but no manifest-backed production report.
2301	word	word	*wúrdą	regular	no	none	source_material_available	dev_notes_slices/2301-word-word.md, packets/1936-ban-bannes.md, packets/1946-berry-berġes.md, packets/1969-breeches-brēċ.md, packets/1973-buck-bucc.md, packets/1981-craft-cræft.md, packets/1987-deed-dǣd.md, packets/2030-fowl-fugol.md, packets/2057-harvest-hierfest.md, packets/2077-hold-healdan.md, packets/2119-man-mannes.md, packets/2124-meed-meorde.md, packets/2140-night-niht.md, packets/2151-reek-rēac.md, packets/2162-rust-rust.md, packets/2198-smear-smierwan.md, packets/2227-strew-strīeġan.md, packets/2242-ten-tēon.md, packets/2250-thistle-þistles.md, packets/2297-wold-weald.md, packets/2312-bore-(3sg)-boraþ.md, packets/2313-learn-(iptv.2sg)-liorna.md, packets/2314-learn-(3sg)-liornaþ.md, packets/2316-lick-(3sg)-liccaþ.md, packets/2318-show-(3sg)-sċēawaþ.md	P4_no_report_required	no	no	no	Regular row has no NOTE and is outside the selective-report backlog.
2302	world	weorold	*wír-àldu	early_analogy	yes	none	source_material_available	dev_notes_slices/2302-world-weorold.md, packets/2302-world-weorold.md, research_memos/2302-world-weorold.md	P1_nonregular_missing_production	no	yes	no	Non-regular early_analogy row with supporting source material but no manifest-backed production report.
2303	worm	wyrm	*wúrmiz	regular	no	none	source_material_available	dev_notes_slices/2303-worm-wyrm.md	P4_no_report_required	no	no	no	Regular row has no NOTE and is outside the selective-report backlog.
2304	wring	wringan	*wrínganą	regular	no	none	source_material_available	dev_notes_slices/2304-wring-wringan.md	P4_no_report_required	no	no	no	Regular row has no NOTE and is outside the selective-report backlog.
2305	yarn	ġearn	*gárną	regular	yes	none	source_material_available	dev_notes_slices/2305-yarn-ġearn.md, packets/2305-yarn-ġearn.md, research_memos/2305-yarn-ġearn.md	P2_regular_with_note_missing_production	no	no	no	Regular row has a NOTE and supporting source material but no manifest-backed production report.
2306	year	ġēar	*jḗrą	regular	no	none	source_material_available	dev_notes_slices/2306-year-ġēar.md	P4_no_report_required	no	no	no	Regular row has no NOTE and is outside the selective-report backlog.
2307	yoke	ġeoc	*júką	regular	no	none	source_material_available	dev_notes_slices/2307-yoke-ġeoc.md	P4_no_report_required	no	no	no	Regular row has no NOTE and is outside the selective-report backlog.
2308	youth	ġeoguþ	*júgunθ	early_analogy	yes	none	source_material_available	dev_notes_slices/2308-youth-ġeoguþ.md, packets/2308-youth-ġeoguþ.md, research_memos/2308-youth-ġeoguþ.md, research_memos/batch_37_summary.md	P1_nonregular_missing_production	no	no	no	Non-regular early_analogy row with supporting source material but no manifest-backed production report.
2309	make (iptv.2sg)	maca	*mákô	late_analogy	yes	none	source_material_available	dev_notes_slices/2309-make-iptv-2sg-maca.md, packets/2309-make-(iptv.2sg)-maca.md, research_memos/2309-make-(iptv.2sg)-maca.md, research_memos/batch_11_summary.md	P1_nonregular_missing_production	no	no	maybe	Non-regular late_analogy row with supporting source material but no manifest-backed production report.
2310	make (3sg)	macaþ	*mákōθi	late_analogy	yes	none	source_material_available	dev_notes_slices/2310-make-(3sg)-macaþ.md, packets/2310-make-(3sg)-macaþ.md, research_memos/2310-make-(3sg)-macaþ.md	P1_nonregular_missing_production	no	no	maybe	Non-regular late_analogy row with supporting source material but no manifest-backed production report.
2311	bore (iptv.2sg)	bora	*búrô	late_analogy	yes	none	source_material_available	dev_notes_slices/2311-bore-(iptv.2sg)-bora.md, packets/2311-bore-(iptv.2sg)-bora.md, research_memos/2311-bore-(iptv.2sg)-bora.md	P1_nonregular_missing_production	no	no	maybe	Non-regular late_analogy row with supporting source material but no manifest-backed production report.
2312	bore (3sg)	boraþ	*búrōθi	late_analogy	yes	none	source_material_available	dev_notes_slices/2312-bore-(3sg)-boraþ.md, research_memos/2312-bore-(3sg)-boraþ.md	P1_nonregular_missing_production	no	no	maybe	Non-regular late_analogy row with supporting source material but no manifest-backed production report.
2313	learn (iptv.2sg)	liorna	*líznô	late_analogy	yes	none	source_material_available	dev_notes_slices/2313-learn-iptv-2sg-liorna.md, research_memos/2313-learn-(iptv.2sg)-liorna.md, research_memos/batch_12_summary.md	P1_nonregular_missing_production	no	no	maybe	Non-regular late_analogy row with supporting source material but no manifest-backed production report.
2314	learn (3sg)	liornaþ	*líznōθi	late_analogy	yes	none	source_material_available	dev_notes_slices/2314-learn-(3sg)-liornaþ.md, research_memos/2314-learn-(3sg)-liornaþ.md	P1_nonregular_missing_production	no	no	maybe	Non-regular late_analogy row with supporting source material but no manifest-backed production report.
2315	lick (iptv.2sg)	licca	*líkkô	late_analogy	yes	none	source_material_available	dev_notes_slices/2315-lick-iptv-2sg-licca.md, packets/2315-lick-(iptv.2sg)-licca.md, research_memos/2315-lick-(iptv.2sg)-licca.md, research_memos/batch_13_summary.md	P1_nonregular_missing_production	no	no	maybe	Non-regular late_analogy row with supporting source material but no manifest-backed production report.
2316	lick (3sg)	liccaþ	*líkkōθi	late_analogy	yes	none	source_material_available	dev_notes_slices/2316-lick-(3sg)-liccaþ.md, research_memos/2316-lick-(3sg)-liccaþ.md	P1_nonregular_missing_production	no	no	maybe	Non-regular late_analogy row with supporting source material but no manifest-backed production report.
2317	show (iptv.2sg)	sċēawa	*skáwô	late_analogy	yes	none	source_material_available	dev_notes_slices/2317-show-(iptv.2sg)-sċēawa.md, packets/2317-show-(iptv.2sg)-sċēawa.md, research_memos/2317-show-(iptv.2sg)-sċēawa.md	P1_nonregular_missing_production	no	no	maybe	Non-regular late_analogy row with supporting source material but no manifest-backed production report.
2318	show (3sg)	sċēawaþ	*skáwōθi	late_analogy	yes	none	source_material_available	dev_notes_slices/2318-show-(3sg)-sċēawaþ.md, research_memos/2318-show-(3sg)-sċēawaþ.md, research_memos/batch_14_summary.md	P1_nonregular_missing_production	no	no	maybe	Non-regular late_analogy row with supporting source material but no manifest-backed production report.
