sc_id	former_foma_identifier	canonical_foma_identifier	former_display_name	canonical_display_name	former_hist_stage	canonical_hist_stage	former_hist_scope	canonical_hist_scope	migration_status	migration_commit	notes
SC003	PGmcRhotacism	EAFRhotacism	Rhotacism	West Germanic rhotacism	wgmc	eaf	pan_wgmc	pan_wgmc	completed	d606d6dd	Former identifier PGmcRhotacism. Scope kept pan_wgmc; medial-*z* rhotacism scoped to non-final (order unchanged).
SC004	PWGmcAiMonophthongization	PWGmcAiMonophthongization	PWGmc Ai Monophthongization	PWGmc Ai Monophthongization	pnwgmc_pwgmc_transition	pnwgmc_pwgmc_transition	pan_wgmc	pan_wgmc	deferred		Conflates distinguishable developments; split decision pending (do not rename).
SC005	NWGmcAToUBeforeM	PNWGmcAToUBeforeM	NWGmc A To U Before M	Proto-Northwest Germanic A To U Before M	nwgmc	pnwgmc	pan_nwgmc	pan_pnwgmc	completed	52f3fdd7	PNWGmc convention: make Proto-Northwest Germanic explicit; body/order unchanged
SC012	PWGmcLThVoicing	EAFLThVoicing	PWGmc L Th Voicing	Northern West Germanic *lþ*-voicing	pwgmc	eaf	pan_wgmc	north_wgmc	completed	2910f28a	Former identifier PWGmcLThVoicing. Confidence A->B; pan-PWGmc attribution must not survive (R/T pp.170-171).
SC014	NWGmcUnstressedAiMonophthongization	PNWGmcUnstressedAiMonophthongization	NWGmc Unstressed Ai Monophthongization	Proto-Northwest Germanic Unstressed Ai Monophthongization	nwgmc	pnwgmc	pan_nwgmc	pan_pnwgmc	completed	83ecd998	PNWGmc convention: make Proto-Northwest Germanic explicit; body/order unchanged
SC015	NWGmcILowering	PNWGmcILowering	NWGmc I Lowering	Proto-Northwest Germanic I Lowering	nwgmc	pnwgmc	pan_nwgmc	pan_pnwgmc	completed	3d5b8e16	PNWGmc convention: make Proto-Northwest Germanic explicit; body/order unchanged
SC016	OEWsPalatalGlide	OEWsPalatalGlide	OE Ws Palatal Glide	OE Ws Palatal Glide	oe_ws	oe_ws	west_saxon	west_saxon	not_required		OE West Saxon; early position is a documented FST dependency, not a stage claim.
SC017	NWGmcULowering	PNWGmcULowering	NWGmc U Lowering	Proto-Northwest Germanic U Lowering	nwgmc	pnwgmc	pan_nwgmc	pan_pnwgmc	completed	7013010d	PNWGmc convention: make Proto-Northwest Germanic explicit; body/order unchanged
SC018	NWGmcStressedMonosyllableORaising	PNWGmcStressedMonosyllableORaising	NWGmc Stressed Monosyllable O Raising	Proto-Northwest Germanic Stressed Monosyllable O Raising	nwgmc	pnwgmc	pan_nwgmc	pan_pnwgmc	completed	c94fb4a3	PNWGmc convention: make Proto-Northwest Germanic explicit; body/order unchanged
SC019	NWGmcFinalLongORaising	PNWGmcFinalLongORaising	NWGmc Final Long O Raising	Proto-Northwest Germanic Final Long O Raising	nwgmc	pnwgmc	pan_nwgmc	pan_pnwgmc	completed	337d31b6	PNWGmc convention: make Proto-Northwest Germanic explicit; body/order unchanged
SC020	PGmcFinalZDeletion	EAFFinalZDeletion	PGmc Final Z Deletion	West Germanic final *z*-deletion	wgmc	eaf	pan_wgmc	pan_wgmc	completed	e71a5af3	Former identifier PGmcFinalZDeletion. Scope provisional: pan-WGmc vs narrower (Ingvaeonic) UNRESOLVED; not settled by this rename.
SC021	NWGmcUnstressedORaising		NWGmc Unstressed O Raising		nwgmc	retired	pan_nwgmc	retired	retired		SC021 is retired; former PNWGmcUnstressedORaising has no live canonical rule. Successors are SC071, SC099, and SC100.
SC022	NWGmcMnDissimilation	PNWGmcMnDissimilation	NWGmc Mn Dissimilation	Common Germanic Mn Dissimilation	nwgmc	pgmc	pan_nwgmc	pan_germanic	completed	10e55b8c	Foma identifier remains stable; Fulk 2018 p.121 §6.11 and Polomé 1967 pp.818-819 correct the historical scope from PNWGmc to Common Germanic.
SC023	NWGmcNStemNLoss	PNWGmcNStemNLoss	NWGmc N Stem N Loss	Proto-Germanic Word-Final N Loss	nwgmc	pgmc	pan_nwgmc	pan_germanic	completed	aeea523b	Foma identifier remains stable; Ringe 2017 pp.101-103 correct the historical stage from PNWGmc to (pre-)Proto-Germanic general word-final *-n loss (sc023-adjudication.md); {*o-n}-only environment is a citation-form proxy.
SC024	NWGmcLongELowering	PNWGmcLongELowering	NWGmc Long E Lowering	Long E Lowering with Anglo-Frisian Fronting	nwgmc	eaf	pan_nwgmc	anglo_frisian	completed	851f7531	Foma identifier remains stable; R/T 2014 pp.11-14, 146-152 correct the scope: the rule telescopes pan-NWGmc *e1 > *a plus Anglo-Frisian fronting of non-nasalized *a (OS/OHG/ON keep a), so the fronted outcome is Anglo-Frisian, not pan-NWGmc (sc024-adjudication.md); one-step *e > *ae proxy keeps *e1 disjoint from a < *ai.
SC025	NWGmcLongENasalRounding	PNWGmcLongENasalRounding	NWGmc Long E Nasal Rounding	Proto-Northwest Germanic Long E Nasal Rounding	nwgmc	pnwgmc	pan_nwgmc	pan_pnwgmc	completed	0b4ffa59	PNWGmc convention: make Proto-Northwest Germanic explicit; body/order unchanged
SC026	NWGmcNasalSpirantLengthening	EAFNasalSpirantLengthening	NWGmc Nasal Spirant Lengthening	North Sea Germanic nasal-spirant lengthening	ingvaeonic	eaf	north_sea_germanic	north_sea_germanic	completed	76cbb304	Former identifier NWGmcNasalSpirantLengthening. Traditional scholarly label: Ingvaeonic. Keep SC026<SC027, two-rule split.
SC027	NWGmcNasalSpirantLoss	EAFNasalSpirantLoss	NWGmc Nasal Spirant Loss	North Sea Germanic nasal-spirant loss	ingvaeonic	eaf	north_sea_germanic	north_sea_germanic	completed	02e6f081	Former identifier NWGmcNasalSpirantLoss. Traditional scholarly label: Ingvaeonic.
SC028	NWGmcPreconsonantalXLoss	PNWGmcPreconsonantalXLoss	NWGmc Preconsonantal X Loss	Proto-Northwest Germanic Preconsonantal X Loss	nwgmc	pnwgmc	pan_nwgmc	pan_pnwgmc	completed	2f74516b	PNWGmc convention: make Proto-Northwest Germanic explicit; body/order unchanged
SC041	PWGmcFinalBareALoss	PWGmcFinalBareALoss	PWGmc Final Bare A Loss	PWGmc Final Bare A Loss	pwgmc	pwgmc	pan_wgmc	pan_wgmc	not_required		PWGmc name source-correct (R/T pp.60-61); no rename.
SC042	PWGmcSurvivingBimoricOUnrounding	PWGmcSurvivingBimoricOUnrounding	PWGmc Surviving Bimoric O Unrounding	PWGmc Surviving Bimoric O Unrounding	pwgmc	pwgmc	pan_wgmc	pan_wgmc	not_required		Model-shaped feeder; position-by-dependency; no rename.
SC043	AngloFrisianBrightening	EAFBrightening	Anglo Frisian Brightening	Anglo-Frisian brightening	af	eaf	anglo_frisian	anglo_frisian	completed	1043597a	Former identifier AngloFrisianBrightening. Aligns identifier to EAF stage; conventional name retained in book.
SC049	PGmcBAllophony	PGmcBAllophony	PGmc B Allophony	PGmc B Allophony	pgmc	pgmc	pan_germanic	pan_germanic	not_required		PGmc *b allophony correct; late position is an FST dependency.
SC050	SieversLawSyncope	SieversLawSyncope	Sievers Law Syncope	Sievers Law Syncope	pwgmc	pwgmc	pan_wgmc	pan_wgmc	not_required		Eponymous SieversLawSyncope may keep no stage prefix; late position is a feeder.
SC064	NWGmcInStemNLoss	NWGmcInStemNLoss	NWGmc In Stem N Loss	NWGmc In Stem N Loss	nwgmc	nwgmc	pan_nwgmc	pan_nwgmc	deferred		Stage unresolved (hist_stage nwgmc vs chapter 4/OE, confidence C); do not rename.
