manifest_id	entry	class_bucket	source_key	current_status	current_citation_span	surrounding_sentence	source_layer	local_sources_checked	external_or_alternate_sources_checked	search_terms_used	passage_found	page_or_section_verified	action_taken	locator_added	new_status	file_changed	notes
CLMM01-0023	fly / flēogan	regular	BosworthToller1898	retained_broad_general_background	[@BosworthToller1898]	Ringe and Taylor derive the verb as _\*fleugana_ > OE _fléogan_ and elsewhere contrast West Saxon _fléogan_ with Anglian _flégan_, alongside related forms _fléoge_ / _flége_ [@RingeTaylor2014, 189, 324]. The selected input _\*fléuganą_ represents that inherited strong verb in the notation used here. Bosworth-Toller records _flēogan_ as the ordinary Old English strong verb [@BosworthToller1898]. Clark Hall likewise records _flēogan_ [@ClarkHall1960, 106]. Bright gives the familiar paradigm _flēag_, flugon, flogen with present _fleogeð_ [@BrightCassidyRingler1971, 363]. From _\*fléuganą_, Old English diphthong leveling gives _\*flēoganą_; heavy-syllable nasal apocope and weak-tail reduction then yield _flēogan_ [@RingeTaylor2014, 189].	regular_book_prose	docs/references/legacy/anglosaxondictio00tolluoft.txt		fly	yes		retained_broad_general_background		retained_broad_general_background	Germanic/docs/assembly/citation_locator_remaining_master.tsv	Primary-source recheck verified the entry content in the available local witness; no safe page marker survives in the current witness, so the citation is now retained broad for honest dictionary/etymological background.
CLMM01-0052	hedge / heġġ	regular	ClarkHall1960	retained_broad_general_background	[@ClarkHall1960]	The selected input models a palatal _\*-gj-_ noun whose Old English development includes gemination, palatalization, and i-mutation. The current derivation therefore reaches a palatal-geminate outcome of the _heġġ_ type [@Campbell1959]. Bosworth-Toller records the noun under the standard spelling _hecg_ [@BosworthToller1898, 495], while Clark Hall preserves related lexicographic material under _heċġ_ / _hecg_ [@ClarkHall1960]. From _\*xágjaz_, West Germanic j-gemination first yields a geminate stop, and later Old English palatalization and loss of final _j_ produce _heġġ_.	regular_book_prose	docs/references/legacy/aconciseanglosa01hallgoog.txt		hedge	yes		retained_broad_general_background		retained_broad_general_background	Germanic/docs/assembly/citation_locator_remaining_master.tsv	Primary-source recheck verified the entry content in the available local witness; no safe page marker survives in the current witness, so the citation is now retained broad for honest dictionary/etymological background.
CLMM01-0054	hedge / heġġ	regular	ClarkHall1960	retained_broad_general_background	[@BosworthToller1898, 495; @ClarkHall1960]	Form note. Standard dictionary spelling is _heċġ_ or _hecg_. Normalized _heġġ_ is the selected target here, while the ordinary lexicographic forms remain the main Old English citation evidence [@BosworthToller1898, 495; @ClarkHall1960].	regular_book_prose	docs/references/legacy/aconciseanglosa01hallgoog.txt		hedge	yes		retained_broad_general_background		retained_broad_general_background	Germanic/docs/assembly/citation_locator_remaining_master.tsv	Primary-source recheck verified the entry content in the available local witness; no safe page marker survives in the current witness, so the citation is now retained broad for honest dictionary/etymological background.
CLMM01-0061	lead / lǣdan	regular	BosworthToller1898	retained_broad_general_background	[@ClarkHall1960, 194; @BosworthToller1898]	Ringe and Taylor derive Old English _lǣdan_ from Proto-Germanic _\*laidijaną_, and Kroonen likewise cites a weak verb of the _\*laidjan-_ type for 'lead' [@RingeTaylor2014, 249; @Kroonen2013, 363]. Clark Hall and Bosworth-Toller both record _lædan_ / _lǣdan_ as the ordinary Old English verb 'to lead, guide, conduct' [@ClarkHall1960, 194; @BosworthToller1898]. The selected form is the ordinary infinitive citation form. From _\*láidijaną_, monophthongization of _\*ai_ first gives a _\*lād-_ stage, and later syncope, i-mutation, weak-tail reduction, and loss of _j_ after a heavy stem yield _lǣdan_ [@RingeTaylor2014, 249].	regular_book_prose	docs/references/legacy/anglosaxondictio00tolluoft.txt		lead	yes		retained_broad_general_background		retained_broad_general_background	Germanic/docs/assembly/citation_locator_remaining_master.tsv	Primary-source recheck verified the entry content in the available local witness; no safe page marker survives in the current witness, so the citation is now retained broad for honest dictionary/etymological background.
CLMM01-0067	light / līehtan	regular	BosworthToller1898	retained_broad_general_background	[@ClarkHall1960, 204; @BosworthToller1898]	Fulk gives Proto-Germanic _\*liuxtijanan_ with Old English _līehtan_ 'illuminate', and Ringe and Taylor likewise derive West Saxon _liehtan_ from the same weak-verb formation [@Fulk2018, 81; @RingeTaylor2014, 264]. Clark Hall and Bosworth-Toller preserve the verb family under spellings such as _liehtan_, _lihtan_, and _līhtan_, distinct from the related noun _lēoht_ and adjective _leoht/liht_ [@ClarkHall1960, 204; @BosworthToller1898]. From _\*léuxtijaną_, the regular verbal line preserves _\*xt_, passes through a West Saxon _liehtan_ stage, and is represented here by normalized _līehtan_.	regular_book_prose	docs/references/legacy/anglosaxondictio00tolluoft.txt		light	yes		retained_broad_general_background		retained_broad_general_background	Germanic/docs/assembly/citation_locator_remaining_master.tsv	Primary-source recheck verified the entry content in the available local witness; no safe page marker survives in the current witness, so the citation is now retained broad for honest dictionary/etymological background.
CLMM01-0079	coat / rocc	regular	BosworthToller1898	retained_broad_general_background	[@ClarkHall1960, 259; @BosworthToller1898]	Orel cites a masculine _\*rukkaz_ for the garment word, while Kroonen gives _\*hrukka-_. Both treat this as the garment lexeme and not as the separate stone word [@Orel2003, 347; @Kroonen2013, 290]. Clark Hall and Bosworth-Toller record _rocc_ as an over-garment or tunic and preserve compounds such as _bisceoprocc_ and _breóstrocc_ [@ClarkHall1960, 259; @BosworthToller1898]. With _\*rúkkaz_ as the selected input, Northwest Germanic u-lowering and later loss of final _-a_ yield _rocc_ as a regular outcome.	regular_book_prose	docs/references/legacy/anglosaxondictio00tolluoft.txt		coat	yes		retained_broad_general_background		retained_broad_general_background	Germanic/docs/assembly/citation_locator_remaining_master.tsv	Primary-source recheck verified the entry content in the available local witness; no safe page marker survives in the current witness, so the citation is now retained broad for honest dictionary/etymological background.
CLMM01-0080	coat / rocc	regular	BosworthToller1898	retained_broad_general_background	[@ClarkHall1960, 259; @BosworthToller1898]	Source note. This entry concerns the garment noun only. The stone word seen in _stānrocc_ belongs to a different lexical history [@ClarkHall1960, 259; @BosworthToller1898].	regular_book_prose	docs/references/legacy/anglosaxondictio00tolluoft.txt		coat	yes		retained_broad_general_background		retained_broad_general_background	Germanic/docs/assembly/citation_locator_remaining_master.tsv	Primary-source recheck verified the entry content in the available local witness; no safe page marker survives in the current witness, so the citation is now retained broad for honest dictionary/etymological background.
CLMM01-0096	still / stillan	regular	KlugeSeebold2011	retained_broad_general_background	[@KlugeSeebold2011]	The wider West Germanic family includes adjective _still_ and verb _stillen_ [@KlugeSeebold2011]. The selected input _\*stéllijaną_ represents the verbal j-formation used for the OE row. Clark Hall gives _stillan_ as the verb and separately _stille_ as the adjective [@ClarkHall1960, 292]. As a heavy-stem Class I weak verb, _\*stéllijaną_ undergoes the expected syncope and i-umlaut, and later loss of _j_ after a heavy stem yields _stillan_.	regular_book_prose	docs/references/kluge_seebold_etymologisches_woerterbuch.txt		still	yes		retained_broad_general_background		retained_broad_general_background	Germanic/docs/assembly/citation_locator_remaining_master.tsv	Primary-source recheck verified the entry content in the available local witness; no safe page marker survives in the current witness, so the citation is now retained broad for honest dictionary/etymological background.
CLMM01-0097	still / stillan	regular	KlugeSeebold2011	retained_broad_general_background	[@ClarkHall1960, 292; @KlugeSeebold2011]	Form note. The note concerns lexical framing rather than sound law: _stillan_ is the verb represented here, while _stille_ belongs to the related adjectival branch of the family [@ClarkHall1960, 292; @KlugeSeebold2011].	regular_book_prose	docs/references/kluge_seebold_etymologisches_woerterbuch.txt		still	yes		retained_broad_general_background		retained_broad_general_background	Germanic/docs/assembly/citation_locator_remaining_master.tsv	Primary-source recheck verified the entry content in the available local witness; no safe page marker survives in the current witness, so the citation is now retained broad for honest dictionary/etymological background.
CLMM01-0103	sunder / sundrian	regular	KlugeSeebold2011	retained_broad_general_background	[@KlugeSeebold2011]	Orel distinguishes three related formations: adverbial _\*sunþraz_ > sundor, Class I verbal _\*sunþrjanan_ > syndrian, and Class II verbal _\*sunþrōjanan_ > sundrian [@Orel2003, 426]. Kluge-Seebold aligns the cognate set with German _sondern_ and OE _gesundrian_, so this entry belongs with the Class II verb, not the adverb [@KlugeSeebold2011]. Clark Hall and Bosworth-Toller keep _sundrian_ and _syndrian_ separate from adverbial _sundor_, and both preserve the prefixed verbal family _ā-sundrian_ [@ClarkHall1960, 296; @BosworthToller1898]. From _\*súndrōjaną_, the Class II weak-verb suffix yields regular OE _-ian_, producing _sundrian_.	regular_book_prose	docs/references/kluge_seebold_etymologisches_woerterbuch.txt		sunder	yes		retained_broad_general_background		retained_broad_general_background	Germanic/docs/assembly/citation_locator_remaining_master.tsv	Primary-source recheck verified the entry content in the available local witness; no safe page marker survives in the current witness, so the citation is now retained broad for honest dictionary/etymological background.
CLMM01-0104	sunder / sundrian	regular	BosworthToller1898	retained_broad_general_background	[@ClarkHall1960, 296; @BosworthToller1898]	Orel distinguishes three related formations: adverbial _\*sunþraz_ > sundor, Class I verbal _\*sunþrjanan_ > syndrian, and Class II verbal _\*sunþrōjanan_ > sundrian [@Orel2003, 426]. Kluge-Seebold aligns the cognate set with German _sondern_ and OE _gesundrian_, so this entry belongs with the Class II verb, not the adverb [@KlugeSeebold2011]. Clark Hall and Bosworth-Toller keep _sundrian_ and _syndrian_ separate from adverbial _sundor_, and both preserve the prefixed verbal family _ā-sundrian_ [@ClarkHall1960, 296; @BosworthToller1898]. From _\*súndrōjaną_, the Class II weak-verb suffix yields regular OE _-ian_, producing _sundrian_.	regular_book_prose	docs/references/legacy/anglosaxondictio00tolluoft.txt		sunder	yes		retained_broad_general_background		retained_broad_general_background	Germanic/docs/assembly/citation_locator_remaining_master.tsv	Primary-source recheck verified the entry content in the available local witness; no safe page marker survives in the current witness, so the citation is now retained broad for honest dictionary/etymological background.
CLMM01-0109	think / þenċan	regular	BosworthToller1898	retained_broad_general_background	[@BosworthToller1898]	Kroonen gives the verb as _\*þankjan-_ 'to think', and Ringe and Taylor cite fully inflected _\*þankijaną_ beside OE _þenċan_ [@Kroonen2013; @RingeTaylor2014]. The noun _\*þankaz_ belongs only to the wider derivational background. Bosworth-Toller preserves the verb under _þencan_/_geþencan_, and the citation form here is the ordinary infinitive _þenċan_ [@BosworthToller1898]. From _\*θánkijaną_, palatalization before _\*j_ and i-umlaut produce _þenċan_. Campbell's assibilation discussion uses the same verb _þencan_; the class-III relic _hycgan_ is a different lexeme [@Campbell1959, §438; @Hogg1992, §3.4.2.4].	regular_book_prose	docs/references/legacy/anglosaxondictio00tolluoft.txt		think	yes		retained_broad_general_background		retained_broad_general_background	Germanic/docs/assembly/citation_locator_remaining_master.tsv	Primary-source recheck verified the entry content in the available local witness; no safe page marker survives in the current witness, so the citation is now retained broad for honest dictionary/etymological background.
CLMM01-0135	will / willa	regular	KlugeSeebold2011	retained_broad_general_background	[@Kroonen2013, 618; @Orel2003, 492; @KlugeSeebold2011]	Kroonen separates noun _\*weljan-_ 2 'will, wish' from verb _\*weljan-_ 1 'to want', while Orel and Kluge represent the noun as _\*weljōn_ [@Kroonen2013, 618; @Orel2003, 492; @KlugeSeebold2011]. The selected derivational form _\*wéljô_ is the noun-side input used for this row. Clark Hall lemmatizes noun _willa m._ separately from verb _willan_ [@ClarkHall1960, 368]. From _\*wéljô_, j-gemination yields a heavy stem, i-umlaut gives _will-_, and later shortening plus j-loss produce _willa_. The selected form is the noun _willa_ 'will, wish'. Related verb _willan_ belongs to a separate lexeme and should not be substituted for the noun row [@Kroonen2013, 618; @ClarkHall1960, 368].	regular_book_prose	docs/references/kluge_seebold_etymologisches_woerterbuch.txt		will	yes		retained_broad_general_background		retained_broad_general_background	Germanic/docs/assembly/citation_locator_remaining_master.tsv	Primary-source recheck verified the entry content in the available local witness; no safe page marker survives in the current witness, so the citation is now retained broad for honest dictionary/etymological background.
CLMM01-0147	yarn / ġearn	regular	BosworthToller1898	retained_broad_general_background	[@ClarkHall1960, 145; @BosworthToller1898]	Kroonen cites the noun as _\*garna-_, and Ringe and Taylor give the early chain _\*garna_ > _\*geern_ > _\*gearn_ > OE _gearn_ [@Kroonen2013, 209; @RingeTaylor2014, 220]. Clark Hall records _gearn (e) n._ 'yarn, spun wool', and Bosworth-Toller glosses _gearn_ as _filatum_ [@ClarkHall1960, 145; @BosworthToller1898]. From _\*gárną_, brightening and breaking before _rn_ yield _gearn_; palatalization of initial _g_ before the resulting front-vocalic sequence gives normalized _ġearn_.	regular_book_prose	docs/references/legacy/anglosaxondictio00tolluoft.txt		yarn	yes		retained_broad_general_background		retained_broad_general_background	Germanic/docs/assembly/citation_locator_remaining_master.tsv	Primary-source recheck verified the entry content in the available local witness; no safe page marker survives in the current witness, so the citation is now retained broad for honest dictionary/etymological background.
CLMM01-0158	dill / dile	early_analogy	ClarkHall1960	retained_broad_general_background	[@BosworthToller1898, 164; @ClarkHall1960]	Old English dictionaries record the plant name as _dile_, alongside the variant _dili_ [@BosworthToller1898, 164; @ClarkHall1960]. The form discussed here is therefore an attested Old English noun with single _l_.	nonregular_model_entry	docs/references/legacy/aconciseanglosa01hallgoog.txt		dill	yes		retained_broad_general_background		retained_broad_general_background	Germanic/docs/assembly/citation_locator_remaining_master.tsv	Primary-source recheck verified the entry content in the available local witness; no safe page marker survives in the current witness, so the citation is now retained broad for honest dictionary/etymological background.
CLMM01-0161	fast / festan	early_analogy	ClarkHall1960	retained_broad_general_background	[@BosworthToller1898, 213; @ClarkHall1960]	Old English dictionaries record forms such as _festan_, alongside related _fæstan_ / _fǣstan_ spellings and meanings [@BosworthToller1898, 213; @ClarkHall1960]. The form selected here is _festan_, which fits the regular class-I phonological development.	nonregular_model_entry	docs/references/legacy/aconciseanglosa01hallgoog.txt		fast	yes		retained_broad_general_background		retained_broad_general_background	Germanic/docs/assembly/citation_locator_remaining_master.tsv	Primary-source recheck verified the entry content in the available local witness; no safe page marker survives in the current witness, so the citation is now retained broad for honest dictionary/etymological background.
CLMM01-0174	knight / cniht	early_analogy	KlugeSeebold2011	retained_broad_general_background	[@KlugeSeebold2011]	The comparative sources align on an _e_-grade reconstruction for this noun. Ringe and Taylor cite _\*kneht_, and Orel gives _\*knextaz_ [@RingeTaylor2014, 142; @Orel2003, 256]. Kluge-Seebold likewise points to _\*knehta-_ [@KlugeSeebold2011]. The selected input _\*knéxtaz_ follows that comparative evidence.	nonregular_model_entry	docs/references/kluge_seebold_etymologisches_woerterbuch.txt		knight	yes		retained_broad_general_background		retained_broad_general_background	Germanic/docs/assembly/citation_locator_remaining_master.tsv	Primary-source recheck verified the entry content in the available local witness; no safe page marker survives in the current witness, so the citation is now retained broad for honest dictionary/etymological background.
CLMM01-0186	lap / lappa	early_analogy	KlugeSeebold2011	retained_broad_general_background	[@Orel2003; @Kroonen2013; @KlugeSeebold2011]	The comparative sources point to a weak noun with _pp_: Orel gives _\*lappōn_, Kroonen places the word in a weak _\*lappan-_ family, and Kluge-Seebold cites West Germanic _lappa_ forms alongside Old English _læppa_ [@Orel2003; @Kroonen2013; @KlugeSeebold2011]. The selected input _\*láppô_ follows that evidence.	nonregular_model_entry	docs/references/kluge_seebold_etymologisches_woerterbuch.txt		lap	yes		retained_broad_general_background		retained_broad_general_background	Germanic/docs/assembly/citation_locator_remaining_master.tsv	Primary-source recheck verified the entry content in the available local witness; no safe page marker survives in the current witness, so the citation is now retained broad for honest dictionary/etymological background.
CLMM01-0201	loam / lām	early_analogy	BosworthToller1898	retained_broad_general_background	[@BosworthToller1898; @ClarkHall1960, 196]	Old English dictionaries record the noun as _lām_, a neuter word for 'loam, clay, mud' [@BosworthToller1898; @ClarkHall1960, 196]. The target is an attested citation form rather than a reconstructed comparator.	nonregular_model_entry	docs/references/legacy/anglosaxondictio00tolluoft.txt		loam	yes		retained_broad_general_background		retained_broad_general_background	Germanic/docs/assembly/citation_locator_remaining_master.tsv	Primary-source recheck verified the entry content in the available local witness; no safe page marker survives in the current witness, so the citation is now retained broad for honest dictionary/etymological background.
CLMM01-0214	neck / hnecca	early_analogy	KlugeSeebold2011	retained_broad_general_background	[@KlugeSeebold2011]	The noun belongs to an ablauting n-stem family. Kroonen reconstructs a paradigm with nominative _\*hnekkō_, genitive _\*hnukkaz_, and accusative plural _\*hnakkuns_, and he places Old English _hnecca_ among the e-grade descendants [@Kroonen2011, 167]. Kluge-Seebold likewise identifies _ae. hnecca_ as an ablaut partner of the a-grade _Nacken_ family [@KlugeSeebold2011].	nonregular_model_entry	docs/references/kluge_seebold_etymologisches_woerterbuch.txt		neck	yes		retained_broad_general_background		retained_broad_general_background	Germanic/docs/assembly/citation_locator_remaining_master.tsv	Primary-source recheck verified the entry content in the available local witness; no safe page marker survives in the current witness, so the citation is now retained broad for honest dictionary/etymological background.
CLMM01-0233	sap / sæp	early_analogy	KlugeSeebold2011	retained_broad_general_background	[@KlugeSeebold2011]	The comparative sources do not give one uniform inherited stem. Kroonen preserves the word family as _\*saf_/ppan-, with Old English _sæp_ m. [@Kroonen2013, 420]. Orel preserves the comparative notation _\*sapōn_ ~ _\*sapan_ [@Orel2003, 319], while Kluge-Seebold instead gives West Germanic _\*sapi-_ and still cites Old English _sæp_ n. [@KlugeSeebold2011].	nonregular_model_entry	docs/references/kluge_seebold_etymologisches_woerterbuch.txt		sap	yes		retained_broad_general_background		retained_broad_general_background	Germanic/docs/assembly/citation_locator_remaining_master.tsv	Primary-source recheck verified the entry content in the available local witness; no safe page marker survives in the current witness, so the citation is now retained broad for honest dictionary/etymological background.
CLMM01-0235	sap / sæp	early_analogy	KlugeSeebold2011	retained_broad_general_background	[@KlugeSeebold2011]	Clark Hall records _sæp_ (e) n. [@ClarkHall1960, 247], and Kluge-Seebold likewise cites ae. _sæp_ n. [@KlugeSeebold2011]. The target is therefore an attested neuter Old English noun. Orel's plain _sap_ notation belongs to comparative normalization, not to the spelling adopted here for the Old English form [@Orel2003, 319].	nonregular_model_entry	docs/references/kluge_seebold_etymologisches_woerterbuch.txt		sap	yes		retained_broad_general_background		retained_broad_general_background	Germanic/docs/assembly/citation_locator_remaining_master.tsv	Primary-source recheck verified the entry content in the available local witness; no safe page marker survives in the current witness, so the citation is now retained broad for honest dictionary/etymological background.
CLMM01-0239	sieve / sife	early_analogy	KlugeSeebold2011	retained_broad_general_background	[@KlugeSeebold2011; @Campbell1959, §609]	Kluge-Seebold gives wg. _\*sibi-_ n. ... ae. sife, and Campbell groups _sife_ with short neuter i-stems such as _spere_ [@KlugeSeebold2011; @Campbell1959, §609]. The older morphological background is the s-stem _\*sib-iz_, but the selected input is the normalized i-stem form _\*síbi_.	nonregular_model_entry	docs/references/kluge_seebold_etymologisches_woerterbuch.txt		sieve	yes		retained_broad_general_background		retained_broad_general_background	Germanic/docs/assembly/citation_locator_remaining_master.tsv	Primary-source recheck verified the entry content in the available local witness; no safe page marker survives in the current witness, so the citation is now retained broad for honest dictionary/etymological background.
CLMM01-0247	staff / stæf	early_analogy	KlugeSeebold2011	retained_broad_general_background	[@KlugeSeebold2011]	The comparative dictionaries do not give one uniform stem class. Kroonen reconstructs an a-stem _\*staba-_ [@Kroonen2013, 471]. Orel writes _\*stabiz_ ~ _\*stabaz_ [@Orel2003, 368], and Kluge-Seebold explicitly marks g. _\*stabi-_/a- [@KlugeSeebold2011]. That disagreement matters because a direct i-stem input in _\*-iz_ would predict i-mutation in Old English, whereas the attested noun keeps _æ_.	nonregular_model_entry	docs/references/kluge_seebold_etymologisches_woerterbuch.txt		staff	yes		retained_broad_general_background		retained_broad_general_background	Germanic/docs/assembly/citation_locator_remaining_master.tsv	Primary-source recheck verified the entry content in the available local witness; no safe page marker survives in the current witness, so the citation is now retained broad for honest dictionary/etymological background.
CLMM01-0250	swan / swanes	early_analogy	ClarkHall1960	retained_broad_general_background	[@ClarkHall1960]	Old English dictionaries give the ordinary headword as _swan_ [@ClarkHall1960]. Bright's glossary, however, also records the exact inflected form _swanes_; it glosses the noun as _swan, m._ with genitive singular _swanes_ and cites the phrase _swanes feðre_ [@BrightCassidyRingler1971, 441].	nonregular_model_entry	docs/references/legacy/aconciseanglosa01hallgoog.txt		swan	yes		retained_broad_general_background		retained_broad_general_background	Germanic/docs/assembly/citation_locator_remaining_master.tsv	Primary-source recheck verified the entry content in the available local witness; no safe page marker survives in the current witness, so the citation is now retained broad for honest dictionary/etymological background.
CLMM01-0268	withy / wīþiġ	early_analogy	KlugeSeebold2011	retained_broad_general_background	[@KlugeSeebold2011; @Orel2003]	The comparative evidence groups the word with Germanic forms of the _\*wīþja_/_ō-_ or _\*wiþ-_ type [@KlugeSeebold2011; @Orel2003]. That material is useful for the cognate set, but it does not by itself explain the Old English suffix of _wīþiġ_.	nonregular_model_entry	docs/references/kluge_seebold_etymologisches_woerterbuch.txt		withy	yes		retained_broad_general_background		retained_broad_general_background	Germanic/docs/assembly/citation_locator_remaining_master.tsv	Primary-source recheck verified the entry content in the available local witness; no safe page marker survives in the current witness, so the citation is now retained broad for honest dictionary/etymological background.
CLMM01-0274	world / weorold	early_analogy	KlugeSeebold2011	retained_broad_general_background	[@KlugeSeebold2011]	The word is the old compound 'age of men'. Comparative sources preserve two slightly different views of its first element. Orel and the _\*wira-_ tradition keep the older _i_-vocalism, while Ringe and Taylor discuss the lowered form _\*weraldiz_ and its pre-Old-English chain _\*weraldu_ > _\*weruld_ [@Orel2003; @RingeTaylor2014, 341]. Kluge-Seebold preserves both tendencies by giving compound _\*wira-aldō_ beside simplex _\*wera-_ [@KlugeSeebold2011].	nonregular_model_entry	docs/references/kluge_seebold_etymologisches_woerterbuch.txt		world	yes		retained_broad_general_background		retained_broad_general_background	Germanic/docs/assembly/citation_locator_remaining_master.tsv	Primary-source recheck verified the entry content in the available local witness; no safe page marker survives in the current witness, so the citation is now retained broad for honest dictionary/etymological background.
CLMM01-0287	ban / bannes	late_analogy	ClarkHall1960	retained_broad_general_background	[@ClarkHall1960; @BosworthToller1898, 303]	Old English lexicographic evidence securely supports the noun itself. Clark Hall gives _+bann_, and Bosworth-Toller records _ge-bann_ with oblique usage such as _gebanne_ [@ClarkHall1960; @BosworthToller1898, 303]. The exact unprefixed genitive _bannes_ is less directly cited in the reviewed material, so it is best treated here as the selected regular genitive comparison form rather than as a dictionary headword.	nonregular_model_entry	docs/references/legacy/aconciseanglosa01hallgoog.txt		ban	yes		retained_broad_general_background		retained_broad_general_background	Germanic/docs/assembly/citation_locator_remaining_master.tsv	Primary-source recheck verified the entry content in the available local witness; no safe page marker survives in the current witness, so the citation is now retained broad for honest dictionary/etymological background.
CLMM01-0301	fright / fyrhte	late_analogy	BosworthToller1898	retained_broad_general_background	[@BosworthToller1898]	Bosworth-Toller records _fyrhte_ with multiple textual attestations, and it also records nominative forms such as _fyrhtu_ and _fyrhto_ [@BosworthToller1898]. The noun must be kept distinct from the adjective _forht_, a distinction also reflected in Clark Hall [@ClarkHall1960].	nonregular_model_entry	docs/references/legacy/anglosaxondictio00tolluoft.txt		fright	yes		retained_broad_general_background		retained_broad_general_background	Germanic/docs/assembly/citation_locator_remaining_master.tsv	Primary-source recheck verified the entry content in the available local witness; no safe page marker survives in the current witness, so the citation is now retained broad for honest dictionary/etymological background.
CLMM01-0302	fright / fyrhte	late_analogy	ClarkHall1960	retained_broad_general_background	[@ClarkHall1960]	Bosworth-Toller records _fyrhte_ with multiple textual attestations, and it also records nominative forms such as _fyrhtu_ and _fyrhto_ [@BosworthToller1898]. The noun must be kept distinct from the adjective _forht_, a distinction also reflected in Clark Hall [@ClarkHall1960].	nonregular_model_entry	docs/references/legacy/aconciseanglosa01hallgoog.txt		fright	yes		retained_broad_general_background		retained_broad_general_background	Germanic/docs/assembly/citation_locator_remaining_master.tsv	Primary-source recheck verified the entry content in the available local witness; no safe page marker survives in the current witness, so the citation is now retained broad for honest dictionary/etymological background.
CLMM01-0305	hammer / hameres	late_analogy	BosworthToller1898	retained_broad_general_background	[@BosworthToller1898]	Bosworth-Toller directly records _hameres_ in an Old English genitival phrase [@BosworthToller1898]. The same dictionary tradition and Clark Hall also preserve the simplex headword as _hamor_ or _hamer_ [@BosworthToller1898; @ClarkHall1960, 160].	nonregular_model_entry	docs/references/legacy/anglosaxondictio00tolluoft.txt		hammer	yes		retained_broad_general_background		retained_broad_general_background	Germanic/docs/assembly/citation_locator_remaining_master.tsv	Primary-source recheck verified the entry content in the available local witness; no safe page marker survives in the current witness, so the citation is now retained broad for honest dictionary/etymological background.
CLMM01-0306	hammer / hameres	late_analogy	BosworthToller1898	retained_broad_general_background	[@BosworthToller1898; @ClarkHall1960, 160]	Bosworth-Toller directly records _hameres_ in an Old English genitival phrase [@BosworthToller1898]. The same dictionary tradition and Clark Hall also preserve the simplex headword as _hamor_ or _hamer_ [@BosworthToller1898; @ClarkHall1960, 160].	nonregular_model_entry	docs/references/legacy/anglosaxondictio00tolluoft.txt		hammer	yes		retained_broad_general_background		retained_broad_general_background	Germanic/docs/assembly/citation_locator_remaining_master.tsv	Primary-source recheck verified the entry content in the available local witness; no safe page marker survives in the current witness, so the citation is now retained broad for honest dictionary/etymological background.
CLMM01-0325	live / lifeþ	late_analogy	BosworthToller1898	retained_broad_general_background	[@BosworthToller1898; @ClarkHall1960]	The ordinary dictionary headwords are _libban_ and, in later remodeling, _lifian_ [@BosworthToller1898; @ClarkHall1960]. For this entry, however, the relevant comparison form is the archaic 3sg present attested as _lifed_, here normalized as _lifeþ_ [@RingeTaylor2014, 364; @Campbell1959, §762].	nonregular_model_entry	docs/references/legacy/anglosaxondictio00tolluoft.txt		live	yes		retained_broad_general_background		retained_broad_general_background	Germanic/docs/assembly/citation_locator_remaining_master.tsv	Primary-source recheck verified the entry content in the available local witness; no safe page marker survives in the current witness, so the citation is now retained broad for honest dictionary/etymological background.
CLMM01-0326	live / lifeþ	late_analogy	ClarkHall1960	retained_broad_general_background	[@BosworthToller1898; @ClarkHall1960]	The ordinary dictionary headwords are _libban_ and, in later remodeling, _lifian_ [@BosworthToller1898; @ClarkHall1960]. For this entry, however, the relevant comparison form is the archaic 3sg present attested as _lifed_, here normalized as _lifeþ_ [@RingeTaylor2014, 364; @Campbell1959, §762].	nonregular_model_entry	docs/references/legacy/aconciseanglosa01hallgoog.txt		live	yes		retained_broad_general_background		retained_broad_general_background	Germanic/docs/assembly/citation_locator_remaining_master.tsv	Primary-source recheck verified the entry content in the available local witness; no safe page marker survives in the current witness, so the citation is now retained broad for honest dictionary/etymological background.
CLMM01-0345	meed / meorde	late_analogy	BosworthToller1898	retained_broad_general_background	[@BrightCassidyRingler1971, 328; @BosworthToller1898]	The directly attested forms are obliques: _meorde_ as a dative singular and _meorda_ as a genitive plural [@BrightCassidyRingler1971, 328; @BosworthToller1898]. Lexicographers reconstruct a bare nominative _meord_ from those obliques, while West Saxon prose more commonly shows the competing doublet _mēd_ [@ClarkHall1960; @BosworthToller1898].	nonregular_model_entry	docs/references/legacy/anglosaxondictio00tolluoft.txt		meed	yes		retained_broad_general_background		retained_broad_general_background	Germanic/docs/assembly/citation_locator_remaining_master.tsv	Primary-source recheck verified the entry content in the available local witness; no safe page marker survives in the current witness, so the citation is now retained broad for honest dictionary/etymological background.
CLMM01-0346	meed / meorde	late_analogy	ClarkHall1960	retained_broad_general_background	[@ClarkHall1960; @BosworthToller1898]	The directly attested forms are obliques: _meorde_ as a dative singular and _meorda_ as a genitive plural [@BrightCassidyRingler1971, 328; @BosworthToller1898]. Lexicographers reconstruct a bare nominative _meord_ from those obliques, while West Saxon prose more commonly shows the competing doublet _mēd_ [@ClarkHall1960; @BosworthToller1898].	nonregular_model_entry	docs/references/legacy/aconciseanglosa01hallgoog.txt		meed	yes		retained_broad_general_background		retained_broad_general_background	Germanic/docs/assembly/citation_locator_remaining_master.tsv	Primary-source recheck verified the entry content in the available local witness; no safe page marker survives in the current witness, so the citation is now retained broad for honest dictionary/etymological background.
CLMM01-0347	meed / meorde	late_analogy	BosworthToller1898	retained_broad_general_background	[@ClarkHall1960; @BosworthToller1898]	The directly attested forms are obliques: _meorde_ as a dative singular and _meorda_ as a genitive plural [@BrightCassidyRingler1971, 328; @BosworthToller1898]. Lexicographers reconstruct a bare nominative _meord_ from those obliques, while West Saxon prose more commonly shows the competing doublet _mēd_ [@ClarkHall1960; @BosworthToller1898].	nonregular_model_entry	docs/references/legacy/anglosaxondictio00tolluoft.txt		meed	yes		retained_broad_general_background		retained_broad_general_background	Germanic/docs/assembly/citation_locator_remaining_master.tsv	Primary-source recheck verified the entry content in the available local witness; no safe page marker survives in the current witness, so the citation is now retained broad for honest dictionary/etymological background.
CLMM01-0370	thistle / þistles	late_analogy	KlugeSeebold2011	retained_broad_general_background	[@Orel2003, 458; @KlugeSeebold2011]	The comparative tradition is divided. Orel prints _\*þe(x)stilaz_, while Kluge-Seebold gives _\*þistila-_ [@Orel2003, 458; @KlugeSeebold2011]. The comparative label _\*θéstilaz_ therefore remains in view as the lexeme-level headword, while the selected input _\*θístilas_ is a specific genitive singular cell.	nonregular_model_entry	docs/references/kluge_seebold_etymologisches_woerterbuch.txt		thistle	yes		retained_broad_general_background		retained_broad_general_background	Germanic/docs/assembly/citation_locator_remaining_master.tsv	Primary-source recheck verified the entry content in the available local witness; no safe page marker survives in the current witness, so the citation is now retained broad for honest dictionary/etymological background.
CLMM01-0429	knob / cnobba	reconstructed_oe	Kroonen2011	retained_broad_general_background	[@Kroonen2011]	The wider knob-family is not uniform. Kroonen's discussion of the Germanic n-stems points to related voiced and voiceless branches within this group [@Kroonen2011]. The citation reconstruction _\*knúppaz_ represents the broader cognate-set headword, while the selected input _\*knúbbô_ represents the voiced weak-noun branch treated here.	nonregular_model_entry	docs/references/kroonen_2011_n_stems.txt		knob	yes		retained_broad_general_background		retained_broad_general_background	Germanic/docs/assembly/citation_locator_remaining_master.tsv	Primary-source recheck verified the entry content in the available local witness; no safe page marker survives in the current witness, so the citation is now retained broad for honest dictionary/etymological background.
CLMM01-0007	breeches / brēċ	regular	Kroonen2013	verified_page_candidate	[@Kroonen2013]	Kroonen cites the noun under _\*brōk-_, with Old English _brōc_ and plural 'breeches' among its reflexes [@Kroonen2013]. Ringe and Taylor give the plural development directly as PNWGmc _\*brokiz_ > _\*breeci_ > OE _bréc_ [@RingeTaylor2014, 223]. Bright notes _brōc_ with plural _brēc_, and Clark Hall gives _bréc_ fp. breeches while also listing _broc_ as a feminine noun probably represented chiefly in the plural [@BrightCassidyRingler1971, 38; @ClarkHall1960, 64]. After loss of final _-z_, the stem ends in _-ki_, so the velar palatalizes and _ō_ undergoes i-umlaut to _ē_; final high-vowel apocope then yields _brēċ_ [@RingeTaylor2014, 223].	regular_book_prose	docs/references/kroonen_etymological_dictionary_pgmc.vision.txt		breeches	yes	112	verified_page_candidate_deferred		verified_page_candidate	Germanic/docs/assembly/citation_locator_remaining_master.tsv	Primary-source review recovered a printed page candidate (112) in the source structure, but this pass did not yet apply the locator in prose.
CLMM01-0010	deed / dǣd	regular	Orel2003	verified_page_candidate	[@Orel2003; @RingeTaylor2014, 27]	Orel reconstructs the noun as _\*dēdiz_, and Ringe and Taylor derive the same inherited i-stem from Proto-Germanic _\*dédiz_ through northwest Germanic _\*dadiz_ [@Orel2003; @RingeTaylor2014, 27]. The stress-marked form _\*dḗdiz_ represents that same inherited noun in a notation that keeps the stressed long vowel explicit. Campbell states that Primitive Germanic long _ē_ appears as West Saxon _ǣ_ but in other Old English dialects mostly as _ē_ [@Campbell1959, §128]. Brunner gives the contrast explicitly as West Saxon _dǣd_ beside non-West-Saxon _dēd_ [@SieversBrunner1965, §98]. From inherited _\*dēdiz_, loss of final _-z_ and the West Saxon lowering of stressed long _ē_ yield _dǣd_ [@Campbell1959, §128]; Anglian _dēd_ preserves the non-West-Saxon outcome [@SieversBrunner1965, §98].	regular_book_prose	docs/references/orel_handbook_germanic_etymology.vision.txt		deed	yes	111	verified_page_candidate_deferred		verified_page_candidate	Germanic/docs/assembly/citation_locator_remaining_master.tsv	Primary-source review recovered a printed page candidate (111) in the source structure, but this pass did not yet apply the locator in prose.
CLMM01-0016	fell / fell	regular	Kroonen2013	verified_page_candidate	[@Kroonen2013]	Kroonen reconstructs the noun as _\*fella-_ 'membrane, skin, hide' and cites Old English _fell_ beside Dutch _vel_ and German _Fell_ [@Kroonen2013]. The selected input _\*féllą_ is the derivable singular form of that same inherited noun. Clark Hall records _fell_ as the noun 'fell, skin, hide' [@ClarkHall1960, 115]. Bright's glossary likewise gives _fell, n._, with inflected forms such as accusative singular _fel_ and dative plural _fellum_ [@BrightCassidyRingler1971, 277]. With _\*féllą_, no special earlier reshaping is needed: heavy-syllable nasal apocope yields _\*féll_, surfacing as _fell_.	regular_book_prose	docs/references/kroonen_etymological_dictionary_pgmc.vision.txt		fell	yes	32	verified_page_candidate_deferred		verified_page_candidate	Germanic/docs/assembly/citation_locator_remaining_master.tsv	Primary-source review recovered a printed page candidate (32) in the source structure, but this pass did not yet apply the locator in prose.
CLMM01-0090	smear / smierwan	regular	Kroonen2013	verified_page_candidate	[@Kroonen2013]	Kroonen gives the comparative headword as _\*smerwjan-_ [@Kroonen2013]. Ringe and Taylor instead cite a later-stage _\*smirwijana_, from which they derive West Saxon _smierwan_, Mercian _smirwan_, and Northumbrian _smiriga_ [@RingeTaylor2014, 198, 263]. The selected form is the West Saxon citation form _smierwan_. From _\*smérwijaną_, breaking before _r + consonant_ yields _eo_, and later i-umlaut produces _ie_.	regular_book_prose	docs/references/kroonen_etymological_dictionary_pgmc.vision.txt		smear	yes	405	verified_page_candidate_deferred		verified_page_candidate	Germanic/docs/assembly/citation_locator_remaining_master.tsv	Primary-source review recovered a printed page candidate (405) in the source structure, but this pass did not yet apply the locator in prose.
CLMM01-0113	token / tācn	regular	Kroonen2013	verified_page_candidate	[@Kroonen2013; @Orel2003, 438]	Kroonen cites _\*taikna-_ and Orel _\*taiknan_ for the noun 'sign, token' [@Kroonen2013; @Orel2003, 438]. The selected input _\*táikną_ is the simple citation-form noun used for the derivation. Campbell preserves unbroken _tācn_ and oblique _tācnes_ [@Campbell1959, §574], and also records the later broken form _tācen_ [@Campbell1959, §365]. Sievers-Brunner likewise preserves both unbroken and broken shapes [@SieversBrunner1965, §155]. Monophthongization of _ai_ yields _ā_, and loss of the final nasal vowel leaves _tācn_.	regular_book_prose	docs/references/kroonen_etymological_dictionary_pgmc.vision.txt		token	yes	506	verified_page_candidate_deferred		verified_page_candidate	Germanic/docs/assembly/citation_locator_remaining_master.tsv	Primary-source review recovered a printed page candidate (506) in the source structure, but this pass did not yet apply the locator in prose.
CLMM01-0130	way / weġ	regular	Kroonen2013	verified_page_candidate	[@Kroonen2013]	Kroonen cites the noun as _\*wega-_ 'way, road', while the selected derivational form here is nominative-singular _\*wégaz_ [@Kroonen2013]. Campbell, Hogg, and Ringe and Taylor use the same word as the standard contrast between singular palatal _weġ_ and inflected _wegas/wegum_ [@Campbell1959; @Hogg1992; @RingeTaylor2014, 341]. The Old English singular is the ordinary noun _weg_, here normalized as _weġ_ to show the palatal final. From _\*wégaz_, final _\*z_ is lost and the weak tail apocopates, leaving word-final _\*g_ after a front vowel.	regular_book_prose	docs/references/kroonen_etymological_dictionary_pgmc.vision.txt		way	yes	617	verified_page_candidate_deferred		verified_page_candidate	Germanic/docs/assembly/citation_locator_remaining_master.tsv	Primary-source review recovered a printed page candidate (617) in the source structure, but this pass did not yet apply the locator in prose.
CLMM01-0137	wind / windan	regular	Kroonen2013	verified_page_candidate	[@Kroonen2013]	Kroonen distinguishes noun _\*winda-_ from verb _\*windan-_, and the present row belongs to the verb [@Kroonen2013]. Later handbook discussion keeps the dental original from PIE _\*wendh-_, not a Verner alternant [@Fulk2018; @RingeTaylor2014]. Clark Hall and Bosworth-Toller record _windan_ as the verb headword [@ClarkHall1960, 335; @BosworthToller1898, 101]. The selected input _\*wíndaną_ yields the regular infinitive _windan_ by ordinary heavy-syllable apocope and weak-tail reduction. English *wind* also names the noun. This row targets the class-III verb, not the noun [@Kroonen2013; @ClarkHall1960, 335].	regular_book_prose	docs/references/kroonen_etymological_dictionary_pgmc.vision.txt		wind	yes	627	verified_page_candidate_deferred		verified_page_candidate	Germanic/docs/assembly/citation_locator_remaining_master.tsv	Primary-source review recovered a printed page candidate (627) in the source structure, but this pass did not yet apply the locator in prose.
CLMM01-0163	flask / flasce	early_analogy	Orel2003	verified_page_candidate	[@Orel2003; @Kroonen2013]	The wider Germanic family is often cited under a form such as _\*flaskō_, but the evidence relevant for Old English points instead to a weak feminine formation _\*fláskōn_ / _\*flaskǭ_ [@Orel2003; @Kroonen2013]. That distinction is crucial for the suffixal history of the noun.	nonregular_model_entry	docs/references/orel_handbook_germanic_etymology.vision.txt		flask	yes	144	verified_page_candidate_deferred		verified_page_candidate	Germanic/docs/assembly/citation_locator_remaining_master.tsv	Primary-source review recovered a printed page candidate (144) in the source structure, but this pass did not yet apply the locator in prose.
CLMM01-0285	ban / bannes	late_analogy	Orel2003	verified_page_candidate	[@Orel2003; @Seebold1970, 89]	Orel cites a bann-noun under _\*bannan_, while Seebold distinguishes bann-stems of both masculine and neuter type and gives Old English _gebann_ as the noun reflex [@Orel2003; @Seebold1970, 89]. The citation reconstruction _\*bánną_ therefore names the lexeme, but the selected input _\*bánnas_ is a specific genitive singular cell.	nonregular_model_entry	docs/references/orel_handbook_germanic_etymology.vision.txt		ban	yes	75	verified_page_candidate_deferred		verified_page_candidate	Germanic/docs/assembly/citation_locator_remaining_master.tsv	Primary-source review recovered a printed page candidate (75) in the source structure, but this pass did not yet apply the locator in prose.
CLMM01-0442	rust / rust	unexplained_unmodelled	Orel2003	verified_page_candidate	[@Orel2003]	The comparative dictionaries do not support a single citation reconstruction uniformly. Orel cites _\*rustaz_ sb.m./f. with Old English _rust_ and Old Saxon and Old High German _rost_ [@Orel2003]. The form _\*rústō_ therefore stands here as a competing citation reconstruction rather than as the best-supported inherited headword.	nonregular_model_entry	docs/references/orel_handbook_germanic_etymology.vision.txt		rust	yes	348	verified_page_candidate_deferred		verified_page_candidate	Germanic/docs/assembly/citation_locator_remaining_master.tsv	Primary-source review recovered a printed page candidate (348) in the source structure, but this pass did not yet apply the locator in prose.
CLMM01-0094	spar / spearra	regular	Orel2003	verified_page_candidate	[@Kroonen2013, 506; @Orel2003]	Kroonen and Orel place this noun in the beam or rafter set _\*spar(r)an-_, with cognates such as Old Saxon and Old High German _sparro_ [@Kroonen2013, 506; @Orel2003]. The selected input _\*spárrô_ is the OE-facing nominal form used here for that same lexeme. The noun represented here is _spearra_. From _\*spárrô_, Anglo-Frisian brightening gives _\*spærrô_, and OE breaking before geminate _rr_ yields _\*spearrô_, later _spearra_.	regular_book_prose	docs/references/orel_handbook_germanic_etymology.vision.txt		spar	yes		verified_page_candidate_deferred		verified_page_candidate	Germanic/docs/assembly/citation_locator_remaining_master.tsv	same Orel *sparra- entry as CLMM01-0095
CLMM01-0095	spar / spearra	regular	Orel2003	verified_page_candidate	[@Kroonen2013, 506; @Orel2003]	Form note. This entry concerns the noun _spearra_ only. It should be kept separate from verb _sperran_, even though the Modern English glosses overlap [@Kroonen2013, 506; @Orel2003].	regular_book_prose	docs/references/orel_handbook_germanic_etymology.vision.txt		spar	yes		verified_page_candidate_deferred		verified_page_candidate	Germanic/docs/assembly/citation_locator_remaining_master.tsv	same Orel *sparra- entry as CLMM01-0094
CLMM01-0141	wind / windan	regular	Kroonen2013	verified_page_candidate	[@Kroonen2013; @ClarkHall1960, 335]	Kroonen distinguishes noun _\*winda-_ from verb _\*windan-_, and the present row belongs to the verb [@Kroonen2013]. Later handbook discussion keeps the dental original from PIE _\*wendh-_, not a Verner alternant [@Fulk2018; @RingeTaylor2014]. Clark Hall and Bosworth-Toller record _windan_ as the verb headword [@ClarkHall1960, 335; @BosworthToller1898, 101]. The selected input _\*wíndaną_ yields the regular infinitive _windan_ by ordinary heavy-syllable apocope and weak-tail reduction. English *wind* also names the noun. This row targets the class-III verb, not the noun [@Kroonen2013; @ClarkHall1960, 335].	regular_book_prose	docs/references/kroonen_etymological_dictionary_pgmc.vision.txt		wind	yes		verified_page_candidate_deferred		verified_page_candidate	Germanic/docs/assembly/citation_locator_remaining_master.tsv	same Kroonen *windan- entry as CLMM01-0137 (p. 627)
CLMM01-0381	bore (iptv.2sg) / bora	late_analogy	Kroonen2013	verified_page_candidate	[@Kroonen2013]	Kroonen reconstructs the bore-family verb as _\*burojan-_ and cites Old English _borian_ among its continuants [@Kroonen2013]. Ringe and Taylor give the class-II weak imperative singular as -a < _\*-ō_ [@RingeTaylor2014, 314].	nonregular_model_entry	docs/references/kroonen_etymological_dictionary_pgmc.vision.txt		bore (iptv.2sg)	yes		verified_page_candidate_deferred		verified_page_candidate	Germanic/docs/assembly/citation_locator_remaining_master.tsv	same Kroonen *bōran entry as CLMM01-0385
CLMM01-0385	bore (3sg) / boraþ	late_analogy	Kroonen2013	verified_page_candidate	[@Kroonen2013]	Kroonen reconstructs the bore-family verb as _\*burojan-_ and cites Old English _borian_ among its reflexes [@Kroonen2013]. The selected form isolates the finite 3sg cell _\*búrōθi_ rather than the infinitive.	nonregular_model_entry	docs/references/kroonen_etymological_dictionary_pgmc.vision.txt		bore (3sg)	yes		verified_page_candidate_deferred		verified_page_candidate	Germanic/docs/assembly/citation_locator_remaining_master.tsv	same Kroonen *bōran entry as CLMM01-0381
CLMM01-0436	tap / tæppa	known_unmodelled	Orel2003	verified_page_candidate	[@Orel2003]	Orel gives the noun under _\*tappòn_ and already connects it with Old English _tæppa_ [@Orel2003]. The selected input is therefore the inherited noun itself; the entry does not depend on a different lexeme-level proto or a different inherited noun cell.	nonregular_model_entry	docs/references/orel_handbook_germanic_etymology.vision.txt		tap	yes		verified_page_candidate_deferred		verified_page_candidate	Germanic/docs/assembly/citation_locator_remaining_master.tsv	same Orel *tappan entry as CLMM01-0437
CLMM01-0437	tap / tæppa	known_unmodelled	Orel2003	verified_page_candidate	[@Orel2003; @ClarkHall1960, 305]	The Old English noun family is well attested. Orel gives _tæppa_, and Clark Hall records _tæppa_ together with derivatives _tæppere_ and _tæppestre_ [@Orel2003; @ClarkHall1960, 305]. The target is therefore a real Old English noun form, not a reconstructed convenience spelling.	nonregular_model_entry	docs/references/orel_handbook_germanic_etymology.vision.txt		tap	yes		verified_page_candidate_deferred		verified_page_candidate	Germanic/docs/assembly/citation_locator_remaining_master.tsv	same Orel *tappan entry as CLMM01-0436
CLMM01-0042	gold / gold	regular	Kroonen2013	retained_broad_multi_page_discussion	[@RingeTaylor2014, 42; @Kroonen2013]	Ringe and Taylor cite the noun as _\*gulþa-_ / _\*gulda-_, and Kroonen gives the same pair [@RingeTaylor2014, 42; @Kroonen2013]. The selected input _\*gúlθą_ preserves the older consonantal form while leaving open whether the medial stop reflects inherited alternation or regular West Germanic development. Bosworth-Toller and Clark Hall both record _gold_ as the ordinary Old English neuter noun [@BosworthToller1898, 121; @ClarkHall1960, 152]. From _\*gúlθą_, the regular consonant development gives _\*gúldą_; Northwest Germanic / Old English lowering then yields _\*góldą_, and apocope gives _gold_ [@Campbell1959, §414; @RingeTaylor2014, 42]. Ringe and Taylor note that the medial stop can be understood either as alternation _\*gulþa-_ / _\*gulda-_ or as the ordinary West Germanic change _\*lþ_ > ld; both routes lead to the same Old English consonantism [@RingeTaylor2014, 42].	regular_book_prose	docs/references/kroonen_etymological_dictionary_pgmc.vision.txt		gold	yes		retained_broad_multi_page_discussion		retained_broad_multi_page_discussion	Germanic/docs/assembly/citation_locator_remaining_master.tsv	Primary-source review confirmed that the current wording is best kept broad because it summarizes comparative background or a distributed discussion rather than one locator-safe claim.
CLMM01-0086	shilling / sċilling	regular	Kroonen2013	retained_broad_multi_page_discussion	[@Kroonen2013; @Orel2003, 377]	Kroonen treats the cognate set under _\*skellinga-_ ~ _\*skillinga-_ and connects it with _\*skeld-linga-_, while Orel likewise gives the coin word with OE _scilling_ among the reflexes [@Kroonen2013; @Orel2003, 377]. The selected input _\*skíllingaz_ is the nominative-style form used here to represent that inherited _\*-ing-_ derivative. Clark Hall records _scilling_, and Campbell cites _scilling_ among nouns whose derivational _-ing_ keeps _i_ in unstressed syllables [@ClarkHall1960, 269; @Campbell1959, §574.6]. From _\*skíllingaz_, loss of final _-az_ yields _\*skílling_.	regular_book_prose	docs/references/kroonen_etymological_dictionary_pgmc.vision.txt		shilling	yes		retained_broad_multi_page_discussion		retained_broad_multi_page_discussion	Germanic/docs/assembly/citation_locator_remaining_master.tsv	Primary-source review confirmed that the current wording is best kept broad because it summarizes comparative background or a distributed discussion rather than one locator-safe claim.
CLMM01-0088	shilling / sċilling	regular	Kroonen2013	retained_broad_general_background	[@Kroonen2013]	Form note. Kroonen's _\*skellinga-_ ~ _\*skillinga-_ and his internal analysis _\*skeld-linga-_ belong to the etymological background of the cognate set. The selected input _\*skíllingaz_ is the specific form used for the derivation represented here [@Kroonen2013].	regular_book_prose	docs/references/kroonen_etymological_dictionary_pgmc.vision.txt		shilling	yes		retained_broad_general_background		retained_broad_general_background	Germanic/docs/assembly/citation_locator_remaining_master.tsv	Primary-source review confirmed that the current wording is best kept broad because it summarizes comparative background or a distributed discussion rather than one locator-safe claim.
CLMM01-0148	three / þrīe	attested_variant	Kroonen2013	retained_broad_general_background	[@Kroonen2013]	Kroonen cites the numeral under a broader stem-style reconstruction rather than under one Old English-ready paradigm cell [@Kroonen2013]. The input _\*θréjez_ is therefore best understood as the inherited masculine nominative-accusative singular.	nonregular_model_entry	docs/references/kroonen_etymological_dictionary_pgmc.vision.txt		three	yes		retained_broad_general_background		retained_broad_general_background	Germanic/docs/assembly/citation_locator_remaining_master.tsv	Primary-source review confirmed that the current wording is best kept broad because it summarizes comparative background or a distributed discussion rather than one locator-safe claim.
CLMM01-0153	breast / brēost	early_analogy	Kroonen2013	retained_broad_multi_page_discussion	[@Kroonen2013; @Orel2003, 95; @RingeTaylor2014, 43]	The word family shows two related but distinct Proto-Germanic formations. The root noun _\*brust-_ lies behind forms such as Gothic _brusts_, whereas Old English _brēost_ belongs to a thematic formation _\*breusta-_, alongside Old Norse _brjóst_ and Old Saxon _briost_ [@Kroonen2013; @Orel2003, 95; @RingeTaylor2014, 43].	nonregular_model_entry	docs/references/kroonen_etymological_dictionary_pgmc.vision.txt		breast	yes		retained_broad_multi_page_discussion		retained_broad_multi_page_discussion	Germanic/docs/assembly/citation_locator_remaining_master.tsv	Primary-source review confirmed that the current wording is best kept broad because it summarizes comparative background or a distributed discussion rather than one locator-safe claim.
CLMM01-0156	dill / dile	early_analogy	Kroonen2013	retained_broad_general_background	[@Kroonen2013]	Kroonen treats the word as preserving evidence for both an i-stem and a ja-stem formation, with Old English _dile_ on one side and continental forms such as Old Saxon _dilli_ and Old High German _tilli_ on the other [@Kroonen2013]. The selected input _\*déliz_ therefore represents the i-stem side of the paradigm, whereas the citation label _\*déljaz_ is a broader comparative headword.	nonregular_model_entry	docs/references/kroonen_etymological_dictionary_pgmc.vision.txt		dill	yes		retained_broad_general_background		retained_broad_general_background	Germanic/docs/assembly/citation_locator_remaining_master.tsv	Primary-source review confirmed that the current wording is best kept broad because it summarizes comparative background or a distributed discussion rather than one locator-safe claim.
CLMM01-0159	fast / festan	early_analogy	Kroonen2013	retained_broad_general_background	[@Kroonen2013]	Kroonen places the verb under a comparative headword _\*fastēną_, the wider Germanic family behind meanings such as 'make firm' and, in Old English, 'fast' [@Kroonen2013]. Ringe and Taylor, however, distinguish the Old English verb more closely: they treat OE 'to fast' as originally a class-I weak verb that later acquired the stative meaning through lexical association with that wider family [@RingeTaylor2014].	nonregular_model_entry	docs/references/kroonen_etymological_dictionary_pgmc.vision.txt		fast	yes		retained_broad_general_background		retained_broad_general_background	Germanic/docs/assembly/citation_locator_remaining_master.tsv	Primary-source review confirmed that the current wording is best kept broad because it summarizes comparative background or a distributed discussion rather than one locator-safe claim.
CLMM01-0200	loam / lām	early_analogy	Orel2003	retained_broad_general_background	[@Orel2003; @Kroonen2013, 363]	The inherited comparative noun is given as _\*laimōn_ or _\*laiman-_, and both Orel and Kroonen identify Old English _lām_ as a neuter reflex of that family [@Orel2003; @Kroonen2013, 363]. The selected input _\*láimą_ differs from the comparative headword because it represents the stem class that matches the Old English noun most directly.	nonregular_model_entry	docs/references/orel_handbook_germanic_etymology.vision.txt		loam	yes		retained_broad_general_background		retained_broad_general_background	Germanic/docs/assembly/citation_locator_remaining_master.tsv	Primary-source review confirmed that the current wording is best kept broad because it summarizes comparative background or a distributed discussion rather than one locator-safe claim.
CLMM01-0220	needle / nǣdl	early_analogy	Orel2003	retained_broad_general_background	[@Kroonen2013; @Orel2003]	Kroonen and Orel preserve different comparative headwords for the family [@Kroonen2013; @Orel2003]. The development discussed here follows the Ringe-Taylor alternant framework.	nonregular_model_entry	docs/references/orel_handbook_germanic_etymology.vision.txt		needle	yes		retained_broad_general_background		retained_broad_general_background	Germanic/docs/assembly/citation_locator_remaining_master.tsv	Primary-source review confirmed that the current wording is best kept broad because it summarizes comparative background or a distributed discussion rather than one locator-safe claim.
CLMM01-0425	show (3sg) / sċēawaþ	late_analogy	BrightCassidyRingler1971	retained_broad_general_background	[@BrightCassidyRingler1971]	Bright lists the simplex headword _scēawian_ and the imperative _scēawa_, and under _geond-scēawian_ also records a third singular _-sceawað_ [@BrightCassidyRingler1971]. The evidence thus establishes the _scēaw-_ / _-awað_ finite-cell pattern directly.	nonregular_model_entry	docs/references/bright_anglo_saxon_reader.vision.txt		show (3sg)	yes		retained_broad_general_background		retained_broad_general_background	Germanic/docs/assembly/citation_locator_remaining_master.tsv	Direct Bright recheck confirmed the scēawian / -sceawað evidence; the row remains broad only because the locator was not applied in this tranche.
CLMM01-0050	hedge / heġġ	regular	Campbell1959	claim_not_isolated	[@Campbell1959]	The selected input models a palatal _\*-gj-_ noun whose Old English development includes gemination, palatalization, and i-mutation. The current derivation therefore reaches a palatal-geminate outcome of the _heġġ_ type [@Campbell1959]. Bosworth-Toller records the noun under the standard spelling _hecg_ [@BosworthToller1898, 495], while Clark Hall preserves related lexicographic material under _heċġ_ / _hecg_ [@ClarkHall1960]. From _\*xágjaz_, West Germanic j-gemination first yields a geminate stop, and later Old English palatalization and loss of final _j_ produce _heġġ_.	regular_book_prose	docs/references/campbell_old_english_grammar.txt		hedge	yes	§407	sentence_split_and_locator_added	§407	localized	Germanic/docs/assembly/book_prose/regular_all_01/2069-hedge-heġġ.book.md; Germanic/docs/assembly/citation_locator_primary_source_evidence.tsv; Germanic/docs/assembly/citation_locator_remaining_master.tsv; Germanic/docs/assembly/lexical_volume_regular_compact_alpha_01.{md,tex,pdf}	Campbell §407 isolates West Germanic j-gemination; the later palatal outcome remains in uncited prose rather than being overclaimed.
CLMM01-0083	sheep / sċēap	regular	Campbell1959	claim_not_isolated	[@ClarkHall1960, 266; @Campbell1959]	Ringe and Taylor cite a later West Germanic _\*skap_ > WS _scéap_, while Orel preserves a Proto-Germanic noun of the _\*skēp-_ type for the same lexeme [@RingeTaylor2014, 142; @Orel2003, 340]. Clark Hall records _scēap_ with spelling variation, and Campbell likewise lists West Saxon _scéap_ among the palatal-diphthongized forms [@ClarkHall1960, 266; @Campbell1959]. From _\*skḗpą_, Northwest Germanic lowering gives _\*skǣpą_; after apocope and palatalization the West Saxon branch diphthongizes to _sċēap_.	regular_book_prose	docs/references/campbell_old_english_grammar.txt		sheep	yes	§185	locator_added	§185	localized	Germanic/docs/assembly/book_prose/regular_all_01/2179-sheep-sċēap.book.md; Germanic/docs/assembly/citation_locator_primary_source_evidence.tsv; Germanic/docs/assembly/citation_locator_remaining_master.tsv; Germanic/docs/assembly/lexical_volume_regular_compact_alpha_01.{md,tex,pdf}	Campbell §185 directly lists West Saxon scéap among the palatal-diphthongized forms.
CLMM01-0190	lap / lappa	early_analogy	Campbell1959	claim_not_isolated	[@Campbell1959; @SieversBrunner1965]	From _\*láppô_, Anglo-Frisian brightening first yields _æ_, and later A-restoration returns the root vowel to _a_ before the back-vocalic ending, after which shortening of the final vowel gives _lappa_ [@Campbell1959; @SieversBrunner1965]. With the weak masculine input chosen, the OE development is regular.	nonregular_model_entry	docs/references/campbell_old_english_grammar.txt		lap	yes	§158	locator_added	§158	localized	Germanic/docs/lexeme_reports/model_entries/2090-lap-lappa.model.md; Germanic/docs/assembly/citation_locator_primary_source_evidence.tsv; Germanic/docs/assembly/citation_locator_remaining_master.tsv; Germanic/docs/assembly/lexical_volume_regular_compact_alpha_01.{md,tex,pdf}	Campbell §158 directly includes lappa among the restored-a forms.
CLMM01-0198	laugh / hliehhan	early_analogy	Campbell1959	claim_not_isolated	[@Fulk2018; @Campbell1959]	From _\*xláxjaną_, regular j-gemination yields the doubled fricative, and the subsequent Old English vowel developments lead to _hliehhan_ [@Fulk2018; @Campbell1959]. Ringe and Taylor discuss the broken vowel of the Old English form as part of this same history, with possible support from the related noun _hleahtor_ [@RingeTaylor2014].	nonregular_model_entry	docs/references/campbell_old_english_grammar.txt		laugh	yes	§407	sentence_split_and_locator_added	§407	localized	Germanic/docs/lexeme_reports/model_entries/2092-laugh-hliehhan.model.md; Germanic/docs/assembly/citation_locator_primary_source_evidence.tsv; Germanic/docs/assembly/citation_locator_remaining_master.tsv; Germanic/docs/assembly/lexical_volume_regular_compact_alpha_01.{md,tex,pdf}	The development sentence was split so Campbell supports only the j-gemination clause.
CLMM01-0444	rust / rust	unexplained_unmodelled	Campbell1959	claim_not_isolated	[@Campbell1959; @RingeTaylor2014]	Under the regular lowering of stressed _u_ before a following non-high vowel, the citation-form input gives _rost_, not _rust_ [@Campbell1959; @RingeTaylor2014]. The same regular result follows from the comparative citation-form reconstruction _\*rustaz_.	nonregular_model_entry	docs/references/campbell_old_english_grammar.txt		rust	yes	§115	locator_added	§115	localized	Germanic/docs/lexeme_reports/model_entries/2162-rust-rust.model.md; Germanic/docs/assembly/citation_locator_primary_source_evidence.tsv; Germanic/docs/assembly/citation_locator_remaining_master.tsv; Germanic/docs/assembly/lexical_volume_regular_compact_alpha_01.{md,tex,pdf}	Campbell §115 directly anchors the u > o before mid/low vowel rule used in the negative-control argument.
CLMM01-0240	sieve / sife	early_analogy	Kroonen2013	headword_not_found	[@Kroonen2013]	Kroonen's relevant nearby entry is not ‘sieve’ but _\*sebjō-_ ‘kinship’, the source of Old English _sibb_ [@Kroonen2013]. Orel's _\*sibaz_ ... OE _sife_ preserves a broader handbook notation, but that a-stem shape does not fit the Old English form treated here [@Orel2003, 328].	nonregular_model_entry	docs/references/kroonen_etymological_dictionary_pgmc.vision.txt		sieve	yes		citation_removed		removed	Germanic/docs/lexeme_reports/model_entries/2189-sieve-sife.model.md; Germanic/docs/assembly/citation_locator_remaining_master.tsv; Germanic/docs/assembly/lexical_volume_regular_compact_alpha_01.{md,tex,pdf}	Kroonen's nearby *sebjō- entry is a different lexeme (kinship/sibb), so the broad citation was removed.
CLMM01-0430	knob / cnobba	reconstructed_oe	BosworthToller1898	human_review_needed	[@BosworthToller1898; @ClarkHall1960, 79]	Bosworth-Toller and Clark Hall preserve Old English evidence of the _cnopp_ / _cnoppa_ type [@BosworthToller1898; @ClarkHall1960, 79]. Those forms are genuine Old English evidence, but they belong to the voiceless branch of the family.	nonregular_model_entry	docs/references/legacy/anglosaxondictio00tolluoft.txt		knob	yes		citation_removed		removed	Germanic/docs/lexeme_reports/model_entries/2087-knob-cnobba.model.md; Germanic/docs/assembly/citation_locator_remaining_master.tsv; Germanic/docs/assembly/lexical_volume_regular_compact_alpha_01.{md,tex,pdf}	Primary-source recheck did not verify the cited Bosworth-Toller cnopp/cnoppa evidence; Clark Hall remains the attested OE witness.
CLMM01-0044	grave / grafan	regular	RingeTaylor2014	claim_not_isolated	[@Campbell1959, 61; @RingeTaylor2014]	Campbell gives _grafan_ among the standard examples of Old English a-restoration before a single consonant and a following back vowel, and Ringe and Taylor describe the same development for Class VI infinitives [@Campbell1959, 61; @RingeTaylor2014]. Clark Hall records _grafan_ as the verb 'to dig, grave' and separately records noun _græf_ 'grave, trench' [@ClarkHall1960, 153]. From _\*grábaną_, Anglo-Frisian brightening first gives a fronted stem vowel.	regular_book_prose	docs/references/ringe_taylor_linguistic_history_vol2.txt		grave	yes		no_change_after_recheck		claim_not_isolated	Germanic/docs/assembly/citation_locator_remaining_master.tsv	Direct recheck confirmed the general Class VI a-restoration background, but the current mixed Campbell/Ringe-Taylor sentence still needs a cleaner split before a safe Ringe-Taylor locator can be added.
CLMM01-0435	fire / fȳre	known_unmodelled	Campbell1959	claim_not_isolated	[@RingeTaylor2014; @Hogg1992; @Campbell1959]	From _\*fūri_, i-umlaut changes _ū_ to _ȳ_, and subsequent loss of the final high vowel after a heavy syllable yields _fȳr_ [@RingeTaylor2014; @Hogg1992; @Campbell1959]. The inherited phonology is complete at that point.	nonregular_model_entry	docs/references/campbell_old_english_grammar.txt		fire	yes		no_change_after_recheck		claim_not_isolated	Germanic/docs/assembly/citation_locator_remaining_master.tsv	Direct recheck did not isolate one Campbell section that safely supports both the i-umlaut and final-vowel-loss claims in the current sentence.
