ID	TOKENS	PROTOFORM	ALIGNMENT	IPA	COUNTERPART	COGID	DOCULECT	NOTE	STRUCTURE	BORROWING	CONCEPT	PROTO	GLOSSID
510	ɑ d ə r	*utrăz	ɑ d ə r ( - - )	ɑdər	adder	139	Dutch				adder	*utrăz	1
509	æ d ə r	*utrăz	æ d ə r ( - - )	ædər	adder	139	English				adder	*utrăz	1
508	ɔ t ə r	*utrăz	ɔ t ə r ( - - )	ɔtər	Otter	139	German				adder	*utrăz	1
1431	b ɑ k ə	*bakanăn	b ɑ k ə - ( - - )	bɑkə	bakken	391	Dutch				bake	*bakanăn	2
1430	b eɪ k	*bakanăn	b eɪ k - - ( - - )	beɪk	bake	391	English				bake	*bakanăn	2
1429	b a k ə n	*bakanăn	b a k ə n ( - - )	bakən	backen	391	German	BOR	C V c v c		bake	*bakanăn	2
314	b ɑ l	*balluz	b ɑ l ( - - )	bɑl	bal	87	Dutch				ball	*balluz	3
313	b ɔː l	*balluz	b ɔː l ( - - )	bɔːl	ball	87	English				ball	*balluz	3
312	b a l	*balluz	b a l ( - - )	bal	Ball	87	German		C V C		ball	*balluz	3
521	b ɑ n	*bannăn	b ɑ n ( - - )	bɑn	ban	142	Dutch				ban	*bannăn	4
520	b æ n	*bannăn	b æ n ( - - )	bæn	ban	142	English				ban	*bannăn	4
519	b a n	*bannăn	b a n ( - - )	ban	Bann	142	German		C V C		ban	*bannăn	4
221	b ɛ r x	*bergăn	b ɛ r x ( - - )	bɛrx	berg	61	Dutch				barrow	*bergăn	5
220	b æ r əʊ	*bergăn	b æ r əʊ ( - - )	bærəʊ	barrow	61	English				barrow	*bergăn	5
219	b ɛ r k	*bergăn	b ɛ r k ( - - )	bɛrk	Berg	61	German				barrow	*bergăn	5
1634	b ɑ s t	*bastăn	b ɑ s t ( - - )	bɑst	bast	448	Dutch				bast	*bastăn	6
1633	b æ s t	*bastăn	b æ s t ( - - )	bæst	bast	448	English				bast	*bastăn	6
1632	b a s t	*bastăn	b a s t ( - - )	bast	Bast	448	German		C V C C		bast	*bastăn	6
1313	b ɑ t	*baθăn	b ɑ t ( - - )	bɑt	bad	360	Dutch				bath	*baθăn	7
1312	b ɑː θ	*baθăn	b ɑː θ ( - - )	bɑːθ	bath	360	English				bath	*baθăn	7
1311	b aː d	*baθăn	b aː d ( - - )	baːt	Bad	360	German				bath	*baθăn	7
1177	b aː r t	*bardăz	b aː r t ( - - )	baːrt	baard	322	Dutch				beard	*bardăz	8
1176	b ɪə d	*bardăz	b ɪə - d ( - - )	bɪəd	beard	322	English				beard	*bardăz	8
1175	b aː r t	*bardăz	b aː r t ( - - )	baːrt	Bart	322	German		C V C C		beard	*bardăz	8
1854	b eː v ə r	*bebruz	b eː v ə r ( - - )	beːvər	bever	508	Dutch				beaver	*bebruz	9
1853	b iː v ə r	*bebruz	b iː v ə r ( - - )	biːvər	beaver	508	English				beaver	*bebruz	9
1852	b iː b ə r	*bebruz	b iː b ə r ( - - )	biːbər	Biber	508	German				beaver	*bebruz	9
1865	b øː k ə b oː m	*bōkō	b øː k ( ə b oː m )	bøːkəboːm	beukeboom	511	Dutch				beech	*bōkō	10
1864	b iː ʧ	*bōkō	b iː ʧ ( - - - - )	biːʧ	beech	511	English				beech	*bōkō	10
1863	b uː x ə	*bōkō	b uː x ( ə - - - )	buːxə	Buche	511	German				beech	*bōkō	10
1154	b ə ɣ ɪ n ə	*gennanăn	( b ə ) ɣ ɪ n ə - ( - - )	bəɣɪnə	beginnen	316	Dutch				begin	*gennanăn	11
1153	b ɪ ɡ ɪ n	*gennanăn	( b ɪ ) ɡ ɪ n - - ( - - )	bɪɡɪn	begin	316	English				begin	*gennanăn	11
1152	b ə ɡ ɪ n ə n	*gennanăn	( b ə ) ɡ ɪ n ə n ( - - )	bəɡɪnən	beginnen	316	German				begin	*gennanăn	11
266	x ə l oː v ə	*laubjanăn	( x ə ) l oː v - ə - ( - - )	xəloːvə	geloven	73	Dutch				believe	*laubjanăn	12
265	b ɪ l iː v	*laubjanăn	( b ɪ ) l iː v - - - ( - - )	bɪliːv	believe	73	English				believe	*laubjanăn	12
264	ɡ l au b ə n	*laubjanăn	( ɡ - ) l au b - ə n ( - - )	ɡlaubən	glauben	73	German				believe	*laubjanăn	12
1688	b ɑ l x	*balgiz	b ɑ l x ( - - )	bɑlx	balg	462	Dutch				belly	*balgiz	13
1687	b ɛ l ɪ	*balgiz	b ɛ l ɪ ( - - )	bɛlɪ	belly	462	English				belly	*balgiz	13
1686	b a l k	*balgiz	b a l k ( - - )	balk	Balg	462	German		C V C C		belly	*balgiz	13
262	b ɛ s	*bazjăn	b ɛ s - ( - - )	bɛs	bes	72	Dutch				berry	*bazjăn	14
261	b ɛ r ɪ	*bazjăn	b ɛ r - ( ɪ - )	bɛrɪ	berry	72	English				berry	*bazjăn	14
260	b eː r ə	*bazjăn	b eː r - ( ə - )	beːrə	Beere	72	German				berry	*bazjăn	14
546	b iː d ə	*beudanăn	b iː d ə - ( - - )	biːdə	bieden	149	Dutch				bid	*beudanăn	15
1453	b ɪ d ə	*bidjanăn	b ɪ d - ə - ( - - )	bɪdə	bidden	397	Dutch				bid	*bidjanăn	15
545	b ɪ d	*beudanăn	b ɪ d - - ( - - )	bɪd	bid	149	English				bid	*beudanăn	15
1452	b ɪ d	*bidjanăn	b ɪ d - - - ( - - )	bɪd	bid	397	English				bid	*bidjanăn	15
544	b iː t ə n	*beudanăn	b iː t ə n ( - - )	biːtən	bieten	149	German				bid	*beudanăn	15
1451	b ɪ t ə n	*bidjanăn	b ɪ t - ə n ( - - )	bɪtən	bitten	397	German				bid	*bidjanăn	15
472	b aː r	*barwōn	b aː r ( - - - )	baːr	baar	129	Dutch				bier	*barwōn	16
471	b ɪə r	*barwōn	b ɪə r ( - - - )	bɪər	bier	129	English				bier	*barwōn	16
470	b aː r ə	*barwōn	b aː r ( - ə - )	baːrə	Bahre	129	German		C V C		bier	*barwōn	16
584	b ɪ n d ə	*bendanăn	b ɪ n d ə - ( - - )	bɪndə	binden	160	Dutch				bind	*bendanăn	17
583	b aɪ n d	*bendanăn	b aɪ n d - - ( - - )	baɪnd	bind	160	English				bind	*bendanăn	17
582	b ɪ n d ə n	*bendanăn	b ɪ n d ə n ( - - )	bɪndən	binden	160	German				bind	*bendanăn	17
390	x ə b oː r t ə	*burdiz	( x ə ) b oː r t ( ə - )	xəboːrtə	geboorte	107	Dutch				birth	*burdiz	18
389	b ɜː θ	*burdiz	( - - ) b ɜː - θ ( - - )	bɜːθ	birth	107	English				birth	*burdiz	18
388	ɡ ə b uː r t	*burdiz	( ɡ ə ) b uː r t ( - - )	ɡəbuːrt	Geburt	107	German				birth	*burdiz	18
856	b l uː t	*blōdăn	b l uː t ( - - )	bluːt	bloed	235	Dutch				blood	*blōdăn	19
855	b l ʌ d	*blōdăn	b l ʌ d ( - - )	blʌd	blood	235	English				blood	*blōdăn	19
854	b l uː t	*blōdăn	b l uː t ( - - )	bluːt	Blut	235	German				blood	*blōdăn	19
1302	b ɔ r t	*burdăn	b ɔ r t ( - - )	bɔrt	bord	357	Dutch				board	*burdăn	20
1301	b ɔː d	*burdăn	b ɔː - d ( - - )	bɔːd	board	357	English				board	*burdăn	20
1300	b ɔ r t	*burdăn	b ɔ r t ( - - )	bɔrt	Bord	357	German	BOR		Low German	board	*burdăn	20
1037	b eː n	*bainăn	b eː n ( - - )	beːn	been	284	Dutch				bone	*bainăn	21
1036	b əʊ n	*bainăn	b əʊ n ( - - )	bəʊn	bone	284	English				bone	*bainăn	21
1035	b ai n	*bainăn	b ai n ( - - )	bain	Bein	284	German		C V C		bone	*bainăn	21
937	b uː k	*bōkz	b uː k ( - )	buːk	boek	257	Dutch				book	*bōkz	22
936	b ʊ k	*bōkz	b ʊ k ( - )	bʊk	book	257	English				book	*bōkz	22
935	b uː x	*bōkz	b uː x ( - )	buːx	Buch	257	German				book	*bōkz	22
382	b oː r ə	*burōjanăn	b oː r ( - ) - ə - ( - - )	boːrə	boren	105	Dutch				bore	*burōjanăn	23
381	b ɔː r	*burōjanăn	b ɔː r ( - ) - - - ( - - )	bɔːr	bore	105	English				bore	*burōjanăn	23
380	b oː r ə n	*burōjanăn	b oː r ( - ) - ə n ( - - )	boːrən	bohren	105	German				bore	*burōjanăn	23
26	b uː z ə m	*bōsmăz	b uː z ə m ( - - )	buːzəm	boezem	7	Dutch				bosom	*bōsmăz	24
25	b ʊ z ə m	*bōsmăz	b ʊ z ə m ( - - )	bʊzəm	bosom	7	English				bosom	*bōsmăz	24
24	b uː z ə n	*bōsmăz	b uː z ə n ( - - )	buːzən	Busen	7	German				bosom	*bōsmăz	24
641	b ɛɪ d ə	*bō	b ɛɪ ( d ə )	bɛɪdə	beide	176	Dutch				both	*bō	25
640	b əʊ θ	*bō	b əʊ ( θ - )	bəʊθ	both	176	English				both	*bō	25
639	b ai d ə	*bō	b ai ( d ə )	baidə	beide	176	German				both	*bō	25
818	b oː d ə m	*budmăz	b oː d ə m ( - - )	boːdəm	bodem	224	Dutch				bottom	*budmăz	26
817	b ɔ t ə m	*budmăz	b ɔ t ə m ( - - )	bɔtəm	bottom	224	English				bottom	*budmăz	26
816	b oː d ə n	*budmăz	b oː d ə n ( - - )	boːdən	Boden	224	German	BOR			bottom	*budmăz	26
224	b aʊ	*bōguz	b aʊ - ( - - )	baʊ	bough	62	English				bough	*bōguz	334
223	b uː k	*bōguz	b uː k ( - - )	buːk	Bug	62	German				bough	*bōguz	334
1298	b œy ɣ ə	*baugjanăn	b œy ɣ - ə - ( - - )	bœyɣə	buigen	356	Dutch				bow	*baugjanăn	27
930	b œy ɣ ə	*beuganăn	b œy ɣ ə - ( - - )	bœyɣə	buigen	255	Dutch				bow	*beuganăn	27
1420	b oː x	*bugōn	b oː x - -	boːx	boog	388	Dutch				bow	*bugōn	27
1297	b əʊ	*baugjanăn	b əʊ - - - - ( - - )	bəʊ	bow	356	English				bow	*baugjanăn	27
929	b əʊ	*beuganăn	b əʊ - - - ( - - )	bəʊ	bow	255	English				bow	*beuganăn	27
1419	b əʊ	*bugōn	b əʊ - - -	bəʊ	bow	388	English				bow	*bugōn	27
1296	b ɔy ɡ ə n	*baugjanăn	b ɔy ɡ - ə n ( - - )	bɔyɡən	beugen	356	German		C V c - v c		bow	*baugjanăn	27
928	b iː ɡ ə n	*beuganăn	b iː ɡ ə n ( - - )	biːɡən	biegen	255	German				bow	*beuganăn	27
1418	b oː ɡ ə n	*bugōn	b oː ɡ ə n	boːɡən	Bogen	388	German				bow	*bugōn	27
1033	b uː r	*būrăn	b uː - r ( - - )	buːr	boer	283	Dutch				bower	*būrăn	28
1032	b aʊ ə r	*būrăn	b aʊ ə r ( - - )	baʊər	bower	283	English				bower	*būrăn	28
1031	b au ə r	*būrăn	b au ə r ( - - )	bauər	Bauer	283	German				bower	*būrăn	28
798	b r ɑ n t	*brandăz	b r ɑ n t ( - - )	brɑnt	brand	218	Dutch				brand	*brandăz	29
797	b r æ n d	*brandăz	b r æ n d ( - - )	brænd	brand	218	English				brand	*brandăz	29
796	b r a n t	*brandăz	b r a n d ( - - )	brant	Brand	218	German				brand	*brandăz	29
1158	b r oː t	*braudăn	b r oː t ( - - )	broːt	brood	317	Dutch				bread	*braudăn	30
1157	b r ɛ d	*braudăn	b r ɛ d ( - - )	brɛd	bread	317	English				bread	*braudăn	30
1156	b r oː t	*braudăn	b r oː t ( - - )	broːt	Brot	317	German				bread	*braudăn	30
503	b r eː k ə	*brekanăn	b r eː k ə - ( - - )	breːkə	breken	137	Dutch				break	*brekanăn	31
502	b r eɪ k	*brekanăn	b r eɪ k - - ( - - )	breɪk	break	137	English				break	*brekanăn	31
501	b r ɛ x ə n	*brekanăn	b r ɛ x ə n ( - - )	brɛxən	brechen	137	German				break	*brekanăn	31
1773	b ɔ r s t	*brustz	b ɔ r - s t ( - )	bɔrst	borst	485	Dutch				breast	*brustz	32
1772	b r ɛ s t	*brustz	b - r ɛ s t ( - )	brɛst	breast	485	English				breast	*brustz	32
1771	b r ʊ s t	*brustz	b - r ʊ s t ( - )	brʊst	Brust	485	German				breast	*brustz	32
1516	b r uː k	*brekanăn	b r uː k ( - - )	bruːk	broek	415	Dutch				breeches	*brekanăn	33
1515	b r ʊ k	*brekanăn	b r ʊ k ( - - )	brʊk	breeches	415	English				breeches	*brekanăn	33
1514	b r ʊ x	*brekanăn	b r ʊ x ( - - )	brʊx	Bruch	415	German				breeches	*brekanăn	33
296	b r œy t	*brūdiz	b r œy t ( - - )	brœyt	bruid	82	Dutch				bride	*brūdiz	34
295	b r aɪ d	*brūdiz	b r aɪ d ( - - )	braɪd	bride	82	English				bride	*brūdiz	34
294	b r au t	*brūdiz	b r au t ( - - )	braut	Braut	82	German				bride	*brūdiz	34
1652	b r ɛ ŋ ə	*brenganăn	b r ɛ ŋ - ə - ( - - )	brɛŋə	brengen	453	Dutch				bring	*brenganăn	35
1651	b r ɪ ŋ	*brenganăn	b r ɪ ŋ - - - ( - - )	brɪŋ	bring	453	English				bring	*brenganăn	35
1650	b r ɪ ŋ ə n	*brenganăn	b r ɪ ŋ - ə n ( - - )	brɪŋən	bringen	453	German				bring	*brenganăn	35
1136	x ə b r œy k ə	*brūkanăn	( x ə ) b r œy k ə - ( - - )	xəbrœykə	gebruiken	311	Dutch				brook	*brūkanăn	36
1135	b r ʊ k	*brūkanăn	( - - ) b r ʊ k - - ( - - )	brʊk	brook	311	English				brook	*brūkanăn	36
1134	b r au x ə n	*brūkanăn	( - - ) b r au x ə n ( - - )	brauxən	brauchen	311	German				brook	*brūkanăn	36
34	b ɔ k	*bukkăz	b ɔ k ( - - )	bɔk	bok	9	Dutch				buck	*bukkăz	37
33	b ʌ k	*bukkăz	b ʌ k ( - - )	bʌk	buck	9	English				buck	*bukkăz	37
32	b ɔ k	*bukkăz	b ɔ k ( - - )	bɔk	Bock	9	German				buck	*bukkăz	37
1754	b ɑ r s t ə	*brestanăn	b ɑ r - s t ə - ( - - )	bɑrstə	barsten	480	Dutch				burst	*brestanăn	38
1753	b ɜː s t	*brestanăn	b ɜː - - s t - - ( - - )	bɜːst	burst	480	English				burst	*brestanăn	38
1752	b ɛ r s t ə n	*brestanăn	b ɛ r - s t ə n ( - - )	bɛrstən	bersten	480	German				burst	*brestanăn	38
193	k ɑ l f	*kalbăz	k ɑ l f ( - - )	kɑlf	kalf	54	Dutch				calf	*kalbăz	39
192	k ɑː f	*kalbăz	k ɑː - f ( - - )	kɑːf	calf	54	English				calf	*kalbăz	39
191	k a l p	*kalbăz	k a l b ( - - )	kalp	Kalb	54	German				calf	*kalbăz	39
993	k ɑu ʋ ə	*kewwanăn	k ɑu ʋ ə - ( - - )	kɑuʋə	kauwen	272	Dutch				chew	*kewwanăn	40
992	ʧ uː	*kewwanăn	ʧ uː - - - ( - - )	ʧuː	chew	272	English				chew	*kewwanăn	40
991	k au ə n	*kewwanăn	k au - ə n ( - - )	kauən	kauen	272	German				chew	*kewwanăn	40
557	k l ɪ m ə	*klembanăn	k l ɪ m - ə - ( - - )	klɪmə	klimmen	152	Dutch				climb	*klembanăn	41
556	k l aɪ m	*klembanăn	k l aɪ m - - - ( - - )	klaɪm	climb	152	English				climb	*klembanăn	41
555	k l ɪ m ə n	*klembanăn	k l ɪ m - ə n ( - - )	klɪmən	klimmen	152	German				climb	*klembanăn	41
1680	k ɑ m	*kambăz	k ɑ m - ( - - )	kɑm	kam	460	Dutch				comb	*kambăz	42
1679	k əʊ m	*kambăz	k əʊ m - ( - - )	kəʊm	comb	460	English				comb	*kambăz	42
1678	k a m	*kambăz	k a m - ( - - )	kam	Kamm	460	German				comb	*kambăz	42
8	k oː r ə	*kurnăn	k oː r - ( ə - )	koːrə	koren	533	Dutch				corn	*kurnăn	43
7	k ɔː n	*kurnăn	k ɔː - n ( - - )	kɔːn	corn	533	English				corn	*kurnăn	43
6	k ɔ r n	*kurnăn	k ɔ r n ( - - )	kɔrn	Korn	533	German				corn	*kurnăn	43
1093	k uː	*kōwz	k uː ( - - )	kuː	koe	299	Dutch				cow	*kōwz	44
1092	k aʊ	*kōwz	k aʊ ( - - )	kaʊ	cow	299	English				cow	*kōwz	44
1091	k uː	*kōwz	k uː ( - - )	kuː	Kuh	299	German				cow	*kōwz	44
1508	k r ɑ x t	*kraftiz	k r ɑ x t ( - - )	krɑxt	kracht	413	Dutch				craft	*kraftiz	45
1507	k r ɑː f t	*kraftiz	k r ɑː f t ( - - )	krɑːft	craft	413	English				craft	*kraftiz	45
1506	k r a f t	*kraftiz	k r a f t ( - - )	kraft	Kraft	413	German				craft	*kraftiz	45
881	k r ɔ p	*kruppăz	k r ɔ p ( - - )	krɔp	krop	242	Dutch				crop	*kruppăz	46
880	k r ɔ p	*kruppăz	k r ɔ p ( - - )	krɔp	crop	242	English				crop	*kruppăz	46
879	k r ɔ pf	*kruppăz	k r ɔ pf ( - - )	krɔp͡f	Kropf	242	German				crop	*kruppăz	46
1247	k ɪ t	*kwiθuz	k ɪ t ( - - )	kɪt	kit	342	Dutch				cud	*kwiθuz	47
1246	k ʌ d	*kwiθuz	k ʌ d ( - - )	kʌd	cud	342	English				cud	*kwiθuz	47
1245	k ɪ t	*kwiθuz	k ɪ t ( - - )	kɪt	Kitt	342	German				cud	*kwiθuz	47
1184	d ɑ l	*dalăz	d ɑ l ( - - )	dɑl	dal	324	Dutch				dale	*dalăz	48
1183	d eɪ l	*dalăz	d eɪ l ( - - )	deɪl	dale	324	English				dale	*dalăz	48
1182	t aː l	*dalăz	t aː l ( - - )	taːl	Tal	324	German				dale	*dalăz	48
783	d ɑ x	*dagăz	d ɑ x ( - - )	dɑx	dag	214	Dutch				day	*dagăz	49
782	d eɪ	*dagăz	d eɪ - ( - - )	deɪ	day	214	English				day	*dagăz	49
781	t aː k	*dagăz	t aː k ( - - )	taːk	Tag	214	German				day	*dagăz	49
1085	d eː l	*dailiz	d eː l ( - - )	deːl	deel	297	Dutch				deal	*dailiz	50
1084	d iː l	*dailiz	d iː l ( - - )	diːl	deal	297	English				deal	*dailiz	50
1083	t ai l	*dailiz	t ai l ( - - )	tail	Teil	297	German				deal	*dailiz	50
580	d aː t	*dēdiz	d aː t ( - - )	daːt	daad	159	Dutch				deed	*dēdiz	51
579	d iː d	*dēdiz	d iː d ( - - )	diːd	deed	159	English				deed	*dēdiz	51
578	t aː t	*dēdiz	t aː t ( - - )	taːt	Tat	159	German				deed	*dēdiz	51
409	d iː r	*deuzăn	d iː r ( - - )	diːr	dier	112	Dutch				deer	*deuzăn	52
408	d ɪə r	*deuzăn	d ɪə r ( - - )	dɪər	deer	112	English				deer	*deuzăn	52
407	t iː r	*deuzăn	t iː r ( - - )	tiːr	Tier	112	German				deer	*deuzăn	52
1520	d ɑu ʋ	*dawwō	d - ɑu ʋ ( - )	dɑuʋ	dauw	416	Dutch				dew	*dawwō	53
1519	d j uː	*dawwō	d j uː - ( - )	djuː	dew	416	English				dew	*dawwō	53
1518	t au	*dawwō	t - au - ( - )	tau	Tau	416	German				dew	*dawwō	53
896	d ɪ l ə	*deljăz	d ɪ l ( - ə - )	dɪlə	dille	246	Dutch				dill	*deljăz	54
895	d ɪ l	*deljăz	d ɪ l ( - - - )	dɪl	dill	246	English				dill	*deljăz	54
894	d ɪ l	*deljăz	d ɪ l ( - - - )	dɪl	Dill	246	German	BOR		Low German	dill	*deljăz	54
1584	d uː n	*dōnăn	d uː - n ( - - )	duːn	doen	434	Dutch				do	*dōnăn	55
1583	d uː	*dōnăn	d uː - - ( - - )	duː	do	434	English				do	*dōnăn	55
1582	t uː n	*dōnăn	t uː ə n ( - - )	tuːn	tun	434	German				do	*dōnăn	55
103	d ɔː r	*durăn	d ɔː r ( - - )	dɔːr	door	29	English				door	*durăn	335
102	t oː r	*durăn	t oː r ( - - )	toːr	Tor	29	German				door	*durăn	335
764	d eː x	*daigăz	d eː x ( - - )	deːx	deeg	209	Dutch				dough	*daigăz	56
763	d əʊ	*daigăz	d əʊ - ( - - )	dəʊ	dough	209	English				dough	*daigăz	56
762	t ai k	*daigăz	t ai k ( - - )	taik	Teig	209	German				dough	*daigăz	56
57	d oː v ə	*dūbōn	d oː v ə ( - )	doːvə	dove	16	Dutch				dove	*dūbōn	57
56	d ʌ v	*dūbōn	d ʌ v - ( - )	dʌv	dove	16	English				dove	*dūbōn	57
55	t au b ə	*dūbōn	t au b ə ( - )	taubə	Taube	16	German				dove	*dūbōn	57
398	d r oː m	*draumăz	d r oː m ( - - )	droːm	droom	109	Dutch				dream	*draumăz	58
397	d r iː m	*draumăz	d r iː m ( - - )	driːm	dream	109	English				dream	*draumăz	58
396	t r au m	*draumăz	t r au m ( - - )	traum	Traum	109	German				dream	*draumăz	58
744	d r ɑ ŋ k	*drankăn	d r ɑ ŋ k ( - - )	drɑŋk	drank	204	Dutch				drench	*drankăn	59
743	d r ɛ n ʧ	*drankăn	d r ɛ n ʧ ( - - )	drɛnʧ	drench	204	English				drench	*drankăn	59
742	t r a ŋ k	*drankăn	t r a ŋ k ( - - )	traŋk	Trank	204	German				drench	*drankăn	59
22	d r ɪ ŋ k ə	*drenkanăn	d r ɪ ŋ k ə - ( - - )	drɪŋkə	drinken	6	Dutch				drink	*drenkanăn	60
21	d r ɪ ŋ k	*drenkanăn	d r ɪ ŋ k - - ( - - )	drɪŋk	drink	6	English				drink	*drenkanăn	60
20	t r ɪ ŋ k ə n	*drenkanăn	t r ɪ ŋ k ə n ( - - )	trɪŋkən	trinken	6	German				drink	*drenkanăn	60
1243	d r ɛɪ v ə	*drībanăn	d r ɛɪ v ə - ( - - )	drɛɪvə	drijven	341	Dutch				drive	*drībanăn	61
1242	d r aɪ v	*drībanăn	d r aɪ v - - ( - - )	draɪv	drive	341	English				drive	*drībanăn	61
1241	t r ai b ə n	*drībanăn	t r ai b ə n ( - - )	traibən	treiben	341	German				drive	*drībanăn	61
89	aː r d ə	*erθo	aː r d ə	aːrdə	aarde	25	Dutch				earth	*erθo	62
88	ɜː θ	*erθo	ɜː - θ -	ɜːθ	earth	25	English				earth	*erθo	62
87	eː r d ə	*erθo	eː r d ə	eːrdə	Erde	25	German				earth	*erθo	62
1333	eː t ə	*etanăn	eː t ə - ( - - )	eːtə	eten	365	Dutch				eat	*etanăn	63
1332	iː t	*etanăn	iː t - - ( - - )	iːt	eat	365	English				eat	*etanăn	63
1331	ɛ s ə n	*etanăn	ɛ s ə n ( - - )	ɛsən	essen	365	German				eat	*etanăn	63
775	aː l	*ēlăz	aː l ( - - )	aːl	aal	212	Dutch				eel	*ēlăz	64
774	iː l	*ēlăz	iː l ( - - )	iːl	eel	212	English				eel	*ēlăz	64
773	aː l	*ēlăz	aː l ( - - )	aːl	Aal	212	German				eel	*ēlăz	64
250	v ɑ l ə	*fallanăn	v ɑ l ə - ( - - )	vɑlə	vallen	69	Dutch				fall	*fallanăn	65
249	f ɔː l	*fallanăn	f ɔː l - - ( - - )	fɔːl	fall	69	English				fall	*fallanăn	65
248	f a l ə n	*fallanăn	f a l ə n ( - - )	falən	fallen	69	German				fall	*fallanăn	65
205	v aː r ə	*faranăn	v aː r ə - ( - - )	vaːrə	varen	57	Dutch				fare	*faranăn	66
204	f ɛə r	*faranăn	f ɛə r - - ( - - )	fɛər	fare	57	English				fare	*faranăn	66
203	f aː r ə n	*faranăn	f aː r ə n ( - - )	faːrən	fahren	57	German				fare	*faranăn	66
1317	v ɑ s t ə	*fastēnăn	v ɑ s t ə - ( - - )	vɑstə	vasten	361	Dutch				fast	*fastēnăn	67
1316	f ɑː s t	*fastēnăn	f ɑː s t - - ( - - )	fɑːst	fast	361	English				fast	*fastēnăn	67
1315	f a s t ə n	*fastēnăn	f a s t ə n ( - - )	fastən	fasten	361	German				fast	*fastēnăn	67
912	v aː d ə r	*fadēr	v aː d ə r	vaːdər	vader	250	Dutch				father	*fadēr	68
911	f ɑː ð ə r	*fadēr	f ɑː ð ə r	fɑːðər	father	250	English				father	*fadēr	68
910	f aː t ə r	*fadēr	f aː t ə r	faːtər	Vater	250	German				father	*fadēr	68
118	v eː	*fexu	v eː ( - - )	veː	vee	33	Dutch				fee	*fexu	69
117	f iː	*fexu	f iː ( - - )	fiː	fee	33	English				fee	*fexu	69
116	v iː	*fexu	v iː ( - - )	viː	Vieh	33	German				fee	*fexu	69
1801	v ɛ l	*fellăn	v ɛ l ( - - )	vɛl	vel	493	Dutch				fell	*fellăn	70
1800	f ɛ l	*fellăn	f ɛ l ( - - )	fɛl	fell	493	English				fell	*fellăn	70
1799	f ɛ l	*fellăn	f ɛ l ( - - )	fɛl	Fell	493	German				fell	*fellăn	70
464	v aː r ə	*farnăn	v aː r - ( ə - )	vaːrə	varen	127	Dutch				fern	*farnăn	71
463	f ɜː n	*farnăn	f ɜː - n ( - - )	fɜːn	fern	127	English				fern	*farnăn	71
462	f a r n	*farnăn	f a r n ( - - )	farn	Farn	127	German				fern	*farnăn	71
700	v ɛ l t	*felθuz	v ɛ l t ( - - )	vɛlt	veld	192	Dutch				field	*felθuz	72
699	f iː l d	*felθuz	f iː l d ( - - )	fiːld	field	192	English				field	*felθuz	72
698	f ɛ l t	*felθuz	f ɛ l d ( - - )	fɛlt	Feld	192	German				field	*felθuz	72
160	v ɛ x t ə	*fextanăn	v ɛ x t ə - ( - - )	vɛxtə	vechten	45	Dutch				fight	*fextanăn	73
159	f aɪ t	*fextanăn	f aɪ - t - - ( - - )	faɪt	fight	45	English				fight	*fextanăn	73
158	f ɛ x t ə n	*fextanăn	f ɛ x t ə n ( - - )	fɛxtən	fechten	45	German				fight	*fextanăn	73
1762	v ɪ n d ə	*fenθanăn	v ɪ n d ə - ( - - )	vɪndə	vinden	482	Dutch				find	*fenθanăn	74
1761	f aɪ n d	*fenθanăn	f aɪ n d - - ( - - )	faɪnd	find	482	English				find	*fenθanăn	74
1760	f ɪ n d ə n	*fenθanăn	f ɪ n d ə n ( - - )	fɪndən	finden	482	German				find	*fenθanăn	74
1702	v ɪ ŋ ə r	*fengrăz	v ɪ ŋ - ə r ( - - )	vɪŋər	vinger	466	Dutch				finger	*fengrăz	75
1701	f ɪ ŋ ɡ ə r	*fengrăz	f ɪ ŋ ɡ ə r ( - - )	fɪŋɡər	finger	466	English				finger	*fengrăz	75
1700	f ɪ ŋ ə r	*fengrăz	f ɪ ŋ - ə r ( - - )	fɪŋər	Finger	466	German				finger	*fengrăz	75
1588	v yː r	*fuwer	v yː - - r	vyːr	vuur	435	Dutch				fire	*fuwer	76
1587	f aɪ ə r	*fuwer	f aɪ - ə r	faɪər	fire	435	English				fire	*fuwer	76
1586	f ɔy ə r	*fuwer	f ɔy - ə r	fɔyər	Feuer	435	German				fire	*fuwer	76
1262	v ɪ s	*fiskăz	v ɪ s - ( - - )	vɪs	vis	346	Dutch				fish	*fiskăz	77
1261	f ɪ ʃ	*fiskăz	f ɪ ʃ - ( - - )	fɪʃ	fish	346	English				fish	*fiskăz	77
1260	f ɪ ʃ	*fiskăz	f ɪ ʃ - ( - - )	fɪʃ	Fisch	346	German				fish	*fiskăz	77
1830	v œy s t	*funxwstiz	v œy ( - - ) s t ( - - )	vœyst	vuist	501	Dutch				fist	*funxwstiz	78
1829	f ɪ s t	*funxwstiz	f ɪ ( - - ) s t ( - - )	fɪst	fist	501	English				fist	*funxwstiz	78
1828	f au s t	*funxwstiz	f au ( - - ) s t ( - - )	faust	Faust	501	German				fist	*funxwstiz	78
50	f l ɑː s k	*flaskō	f l ɑː s k -	flɑːsk	flask	14	English				flask	*flaskō	336
49	f l a ʃ ə	*flaskō	f l a ʃ - ə	flaʃə	Flasche	14	German				flask	*flaskō	336
1811	v l ɑ s	*flaxsăn	v l ɑ - s ( - - )	vlɑs	vlas	496	Dutch				flax	*flaxsăn	79
1810	f l æ k s	*flaxsăn	f l æ k s ( - - )	flæks	flax	496	English				flax	*flaxsăn	79
1809	f l a k s	*flaxsăn	f l a k s ( - - )	flaks	Flachs	496	German				flax	*flaxsăn	79
973	v l oː	*flauxz	v l oː - ( - )	vloː	vlo	267	Dutch				flea	*flauxz	80
972	f l iː	*flauxz	f l iː - ( - )	fliː	flea	267	English				flea	*flauxz	80
971	f l oː	*flauxz	f l oː - ( - )	floː	Floh	267	German				flea	*flauxz	80
1228	v l iː d ə	*fleuxanăn	v l iː d ə - ( - - )	vliːdə	vlieden	337	Dutch	IR			flee	*fleuxanăn	81
1227	f l iː	*fleuxanăn	f l iː - - - ( - - )	fliː	flee	337	English				flee	*fleuxanăn	81
1226	f l iː ə n	*fleuxanăn	f l iː - ə n ( - - )	fliːən	fliehen	337	German				flee	*fleuxanăn	81
1029	v l eː s	*flaiskăz	v l eː s - ( - - )	vleːs	vlees	282	Dutch				flesh	*flaiskăz	82
1028	f l ɛ ʃ	*flaiskăz	f l ɛ ʃ - ( - - )	flɛʃ	flesh	282	English				flesh	*flaiskăz	82
1027	f l ai ʃ	*flaiskăz	f l ai ʃ - ( - - )	flaiʃ	Fleisch	282	German				flesh	*flaiskăz	82
1412	v l uː t	*flōduz	v l uː t ( - - )	vluːt	vloed	386	Dutch				flood	*flōduz	83
1411	f l ʌ d	*flōduz	f l ʌ d ( - - )	flʌd	flood	386	English				flood	*flōduz	83
1410	f l uː t	*flōduz	f l uː t ( - - )	fluːt	Flut	386	German				flood	*flōduz	83
1110	v l iː ɣ ə	*fleuganăn	v l iː ɣ ə - ( - - )	vliːɣə	vliegen	304	Dutch				fly	*fleuganăn	84
1109	f l aɪ	*fleuganăn	f l aɪ - - - ( - - )	flaɪ	fly	304	English				fly	*fleuganăn	84
1108	f l iː ɡ ə n	*fleuganăn	f l iː ɡ ə n ( - - )	fliːɡən	fliegen	304	German				fly	*fleuganăn	84
1449	f əʊ l	*fulōn	f əʊ l ( - - )	fəʊl	foal	396	English				foal	*fulōn	337
1448	f oː l ə n	*fulōn	f oː l ( ə n )	foːlən	Fohlen	396	German				foal	*fulōn	337
888	v uː r	*fōdrăn	v uː - - r ( - - )	vuːr	voer	244	Dutch				fodder	*fōdrăn	85
887	f ɔ d ə r	*fōdrăn	f ɔ d ə r ( - - )	fɔdər	fodder	244	English				fodder	*fōdrăn	85
886	f ʊ t ə r	*fōdrăn	f ʊ t ə r ( - - )	fʊtər	Futter	244	German				fodder	*fōdrăn	85
445	v ɑu ʋ	*falθanăn	v ɑu ʋ - ə - ( - - )	vɑuʋ	vouw	122	Dutch	NC			fold	*falθanăn	86
444	f əʊ l d	*falθanăn	f əʊ l d - - ( - - )	fəʊld	fold	122	English				fold	*falθanăn	86
443	f a l t ə n	*falθanăn	f a l t ə n ( - - )	faltən	falten	122	German				fold	*falθanăn	86
779	v ɔ l k	*fulkăn	v ɔ l k ( - - )	vɔlk	volk	213	Dutch				folk	*fulkăn	87
778	f əʊ k	*fulkăn	f əʊ - k ( - - )	fəʊk	folk	213	English				folk	*fulkăn	87
777	f ɔ l k	*fulkăn	f ɔ l k ( - - )	fɔlk	Volk	213	German				folk	*fulkăn	87
1887	v ɔ l ɣ ə	*fulgēnăn	v ɔ l ɣ ə - ( - - )	vɔlɣə	volgen	517	Dutch				follow	*fulgēnăn	88
1886	f ɔ l əʊ	*fulgēnăn	f ɔ l əʊ - - ( - - )	fɔləʊ	follow	517	English				follow	*fulgēnăn	88
1885	f ɔ l ɡ ə n	*fulgēnăn	f ɔ l ɡ ə n ( - - )	fɔlɡən	folgen	517	German				follow	*fulgēnăn	88
1393	v ə r l iː z ə	*leusanăn	( v ə r ) l iː z ə - ( - - )	vərliːzə	verliezen	381	Dutch				forlorn	*leusanăn	89
1392	f ə l ɔː n	*leusanăn	( f ə - ) l ɔː - - - ( n - )	fəlɔːn	forlorn	381	English				forlorn	*leusanăn	89
1391	f ɛ r l iː r ə n	*leusanăn	( f ɛ r ) l iː r ə n ( - - )	fɛrliːrən	verlieren	381	German				forlorn	*leusanăn	89
363	v iː r	*fedwōrez	v iː ( - - - ) r ( - - )	viːr	vier	100	Dutch				four	*fedwōrez	90
362	f ɔː r	*fedwōrez	f ɔː ( - - - ) r ( - - )	fɔːr	four	100	English				four	*fedwōrez	90
361	f iː r	*fedwōrez	f iː ( - - - ) r ( - - )	fiːr	vier	100	German				four	*fedwōrez	90
1834	v oː ɣ ə l	*fuglăz	v oː ɣ ə l ( - - )	voːɣəl	vogel	502	Dutch				fowl	*fuglăz	91
1833	f aʊ l	*fuglăz	f aʊ - - l ( - - )	faʊl	fowl	502	English				fowl	*fuglăz	91
1832	f oː ɡ ə l	*fuglăz	f oː ɡ ə l ( - - )	foːɡəl	Vogel	502	German				fowl	*fuglăz	91
342	v ɔ s	*fuxsăz	v ɔ - s ( - - )	vɔs	vos	94	Dutch				fox	*fuxsăz	92
341	f ɔ k s	*fuxsăz	f ɔ k s ( - - )	fɔks	fox	94	English				fox	*fuxsăz	92
340	f ʊ k s	*fuxsăz	f ʊ k s ( - - )	fʊks	Fuchs	94	German				fox	*fuxsăz	92
926	v r iː z ə	*freusanăn	v r iː z ə - ( - - )	vriːzə	vriezen	254	Dutch				freeze	*freusanăn	93
925	f r iː z	*freusanăn	f r iː z - - ( - - )	friːz	freeze	254	English				freeze	*freusanăn	93
924	f r iː r ə n	*freusanăn	f r iː r ə n ( - - )	friːrən	frieren	254	German				freeze	*freusanăn	93
1692	v r iː n t	*frijōndz	v r iː ( - - ) n t ( - )	vriːnt	vriend	463	Dutch				friend	*frijōndz	94
1691	f r ɛ n d	*frijōndz	f r ɛ ( - - ) n d ( - )	frɛnd	friend	463	English				friend	*frijōndz	94
1690	f r ɔy n t	*frijōndz	f r ɔy ( - - ) n d ( - )	frɔynt	Freund	463	German				friend	*frijōndz	94
1482	f r aɪ t	*furxtīn	f - r aɪ - t ( - - )	fraɪt	fright	406	English				fright	*furxtīn	338
1481	f ʊ r x t	*furxtīn	f ʊ r - x t ( - - )	fʊrxt	Furcht	406	German				fright	*furxtīn	338
456	v ɔ r s t	*frustăn	v - ɔ r s t ( - - )	vɔrst	vorst	125	Dutch				frost	*frustăn	95
455	f r ɔ s t	*frustăn	f r ɔ - s t ( - - )	frɔst	frost	125	English				frost	*frustăn	95
454	f r ɔ s t	*frustăn	f r ɔ - s t ( - - )	frɔst	Frost	125	German				frost	*frustăn	95
956	v oː r	*furxō	v oː r ( - - )	voːr	voor	262	Dutch				furrow	*furxō	96
955	f ʌ r əʊ	*furxō	f ʌ r ( əʊ - )	fʌrəʊ	furrow	262	English				furrow	*furxō	96
954	f ʊ r x ə	*furxō	f ʊ r ( x ə )	fʊrxə	Furche	262	German				furrow	*furxō	96
748	x ɑ l	*gallăn	x ɑ l - ( - )	xɑl	gal	205	Dutch				gall	*gallăn	97
747	ɡ ɔː l	*gallăn	ɡ ɔː l - ( - )	ɡɔːl	gall	205	English				gall	*gallăn	97
746	ɡ a l ə	*gallăn	ɡ a l ə ( - )	ɡalə	Galle	205	German				gall	*gallăn	97
201	x ɑ ŋ	*gangăz	x ɑ ŋ - ( - - )	xɑŋ	gang	56	Dutch				gang	*gangăz	98
200	ɡ æ ŋ	*gangăz	ɡ æ ŋ - ( - - )	ɡæŋ	gang	56	English				gang	*gangăz	98
199	ɡ a ŋ	*gangăz	ɡ a ŋ - ( - - )	ɡaŋ	Gang	56	German				gang	*gangăz	98
18	ɡ əʊ s t	*gaistăz	ɡ əʊ s t ( - - )	ɡəʊst	ghost	5	English				ghost	*gaistăz	339
17	ɡ ai s t	*gaistăz	ɡ ai s t ( - - )	ɡaist	Geist	5	German				ghost	*gaistăz	339
621	x ɪ f t	*geftiz	x ɪ f t ( - - )	xɪft	gift	171	Dutch				gift	*geftiz	99
620	ɡ ɪ f t	*geftiz	ɡ ɪ f t ( - - )	ɡɪft	gift	171	English				gift	*geftiz	99
619	ɡ ɪ f t	*geftiz	ɡ ɪ f t ( - - )	ɡɪft	Gift	171	German				gift	*geftiz	99
752	x eː v ə	*gebanăn	x eː v ə - ( - - )	xeːvə	geven	206	Dutch				give	*gebanăn	100
751	ɡ ɪ v	*gebanăn	ɡ ɪ v - - ( - - )	ɡɪv	give	206	English				give	*gebanăn	100
750	ɡ eː b ə n	*gebanăn	ɡ eː b ə n ( - - )	ɡeːbən	geben	206	German				give	*gebanăn	100
1876	x ɔ t	*gud	x ɔ t	xɔt	god	514	Dutch				god	*gud	101
1875	ɡ ɔ d	*gud	ɡ ɔ d	ɡɔd	god	514	English				god	*gud	101
1874	ɡ ɔ t	*gud	ɡ ɔ t	ɡɔt	Gott	514	German				god	*gud	101
1089	x ɑu t	*gulθăn	x ɑu - t ( - - )	xɑut	goud	298	Dutch				gold	*gulθăn	102
1088	ɡ əʊ l d	*gulθăn	ɡ əʊ l d ( - - )	ɡəʊld	gold	298	English				gold	*gulθăn	102
1087	ɡ ɔ l t	*gulθăn	ɡ ɔ l d ( - - )	ɡɔlt	Gold	298	German				gold	*gulθăn	102
1294	x ɑ n s	*gansz	x ɑ n s ( - )	xɑns	gans	355	Dutch				goose	*gansz	103
1293	ɡ uː s	*gansz	ɡ uː - s ( - )	ɡuːs	goose	355	English				goose	*gansz	103
1292	ɡ a n s	*gansz	ɡ a n s ( - )	ɡans	Gans	355	German				goose	*gansz	103
791	x r ɑ s	*grasăn	x r ɑ s ( - - )	xrɑs	gras	216	Dutch				grass	*grasăn	104
790	ɡ r ɑː s	*grasăn	ɡ r ɑː s ( - - )	ɡrɑːs	grass	216	English				grass	*grasăn	104
789	ɡ r aː s	*grasăn	ɡ r aː s ( - - )	ɡraːs	Gras	216	German				grass	*grasăn	104
134	x r aː v ə	*grabanăn	x r aː v ə - ( - - )	xraːvə	graven	37	Dutch				grave	*grabanăn	105
133	ɡ r ɑː v	*grabanăn	ɡ r ɑː v - - ( - - )	ɡrɑːv	grave	37	English				grave	*grabanăn	105
132	ɡ r aː b ə n	*grabanăn	ɡ r aː b ə n ( - - )	ɡraːbən	graben	37	German				grave	*grabanăn	105
243	x r ɛɪ p ə	*grīpanăn	x r ɛɪ p ə - ( - - )	xrɛɪpə	grijpen	67	Dutch				gripe	*grīpanăn	106
242	ɡ r aɪ p	*grīpanăn	ɡ r aɪ p - - ( - - )	ɡraɪp	gripe	67	English				gripe	*grīpanăn	106
241	ɡ r ai f ə n	*grīpanăn	ɡ r ai f ə n ( - - )	ɡraifən	greifen	67	German				gripe	*grīpanăn	106
100	x r ɔ n t	*grunduz	x r ɔ n t ( - - )	xrɔnt	grond	28	Dutch				ground	*grunduz	107
99	ɡ r aʊ n d	*grunduz	ɡ r aʊ n d ( - - )	ɡraʊnd	ground	28	English				ground	*grunduz	107
98	ɡ r ʊ n t	*grunduz	ɡ r ʊ n d ( - - )	ɡrʊnt	Grund	28	German				ground	*grunduz	107
1616	x ɑ s t	*gastiz	x ɑ s t ( - - )	xɑst	gast	443	Dutch				guest	*gastiz	108
1615	ɡ ɛ s t	*gastiz	ɡ ɛ s t ( - - )	ɡɛst	guest	443	English				guest	*gastiz	108
1614	ɡ a s t	*gastiz	ɡ a s t ( - - )	ɡast	Gast	443	German				guest	*gastiz	108
1005	h aː ɣ ə l	*xaglăn	h aː ɣ ə l ( - - )	haːɣəl	hagel	275	Dutch				hail	*xaglăn	109
1004	h eɪ l	*xaglăn	h eɪ - - l ( - - )	heɪl	hail	275	English				hail	*xaglăn	109
1003	h aː ɡ ə l	*xaglăn	h aː ɡ ə l ( - - )	haːɡəl	Hagel	275	German				hail	*xaglăn	109
1344	h aː r	*xazwăz	h aː r ( - - - )	haːr	haar	368	Dutch				hair	*xazwăz	110
1343	h ɛə r	*xazwăz	h ɛə r ( - - - )	hɛər	hair	368	English				hair	*xazwăz	110
1342	h aː r	*xazwăz	h aː r ( - - - )	haːr	Haar	368	German				hair	*xazwăz	110
1783	h ɑ l	*xallō	h ɑ l -	hɑl	hal	488	Dutch				hall	*xallō	111
1782	h ɔː l	*xallō	h ɔː l -	hɔːl	hall	488	English				hall	*xallō	111
1781	h a l ə	*xallō	h a l ə	halə	Halle	488	German				hall	*xallō	111
438	h aː m ə r	*xamarăz	h aː m ə r ( - - )	haːmər	hamer	120	Dutch				hammer	*xamarăz	112
437	h æ m ə r	*xamarăz	h æ m ə r ( - - )	hæmər	hammer	120	English				hammer	*xamarăz	112
436	h a m ə r	*xamarăz	h a m ə r ( - - )	hamər	Hammer	120	German				hammer	*xamarăz	112
394	h ɑ n t	*xanduz	h ɑ n t ( - - )	hɑnt	hand	108	Dutch				hand	*xanduz	113
393	h æ n d	*xanduz	h æ n d ( - - )	hænd	hand	108	English				hand	*xanduz	113
392	h a n t	*xanduz	h a n d ( - - )	hant	Hand	108	German				hand	*xanduz	113
532	h ɑ n d ə l ə	*xandlōjanăn	h ɑ n d ə l ( ə - - - - - )	hɑndələ	handelen	145	Dutch				handle	*xandlōjanăn	114
531	h æ n d ə l	*xandlōjanăn	h æ n d ə l ( - - - - - - )	hændḷ	handle	145	English				handle	*xandlōjanăn	114
530	h a n d ə l n	*xandlōjanăn	h a n d ə l ( - n - - - - )	handəln	handeln	145	German				handle	*xandlōjanăn	114
452	h ɑː m	*xarmăz	h ɑː - m ( - - )	hɑːm	harm	124	English				harm	*xarmăz	340
451	h a r m	*xarmăz	h a r m ( - - )	harm	Harm	124	German				harm	*xarmăz	340
1531	h ɛ r f s t	*xarbistuz	h ɛ r f - s t ( - - )	hɛrfst	herfst	419	Dutch				harvest	*xarbistuz	115
1530	h ɑː v ɪ s t	*xarbistuz	h ɑː - v ɪ s t ( - - )	hɑːvɪst	harvest	419	English				harvest	*xarbistuz	115
1529	h ɛ r p s t	*xarbistuz	h ɛ r p - s t ( - - )	hɛrpst	Herbst	419	German				harvest	*xarbistuz	115
1337	h ɛ b ə	*xabēnăn	h ɛ b ə - ( - - )	hɛbə	hebben	366	Dutch				have	*xabēnăn	116
1336	h æ v	*xabēnăn	h æ v - - ( - - )	hæv	have	366	English				have	*xabēnăn	116
1335	h aː b ə n	*xabēnăn	h aː b ə n ( - - )	haːbən	haben	366	German				have	*xabēnăn	116
756	h aː x	*xagōn	h aː x ( - - )	haːx	haag	207	Dutch				haw	*xagōn	117
755	h ɔː	*xagōn	h ɔː - ( - - )	hɔː	haw	207	English				haw	*xagōn	117
754	h aː k	*xagōn	h aː k ( - - )	haːk	Hag	207	German				haw	*xagōn	117
1797	h aː v ɪ k	*xabukăz	h aː v ɪ k ( - - )	haːvɪk	havik	492	Dutch				hawk	*xabukăz	118
1796	h ɔː k	*xabukăz	h ɔː - - k ( - - )	hɔːk	hawk	492	English				hawk	*xabukăz	118
1795	h aː b ɪ x t	*xabukăz	h aː b ɪ x ( - t )	haːbɪxt	Habicht	492	German				hawk	*xabukăz	118
811	h oː j	*xawwjăn	h oː - ( j - - )	hoːj	hooi	222	Dutch				hay	*xawwjăn	119
810	h eɪ	*xawwjăn	h eɪ - ( - - - )	heɪ	hay	222	English				hay	*xawwjăn	119
809	h ɔy	*xawwjăn	h ɔy - ( - - - )	hɔy	Heu	222	German				hay	*xawwjăn	119
491	h aː z ə l aː r	*xaslăz	h aː z ə l ( aː r )	haːzəlaːr	hazelaar	134	Dutch				hazel	*xaslăz	120
490	h eɪ z ə l	*xaslăz	h eɪ z ə l ( - - )	heɪzḷ	hazel	134	English				hazel	*xaslăz	120
489	h aː z ə l	*xaslăz	h aː z ə l ( - - )	haːzəl	Hasel	134	German				hazel	*xaslăz	120
254	h oː f t	*xaubudăn	h oː f ( - ) t ( - - )	hoːft	hoofd	70	Dutch				head	*xaubudăn	121
253	h ɛ d	*xaubudăn	h ɛ - ( - ) d ( - - )	hɛd	head	70	English				head	*xaubudăn	121
252	h au p t	*xaubudăn	h au p ( - ) t ( - - )	haupt	Haupt	70	German				head	*xaubudăn	121
189	h eː l ə	*xailjanăn	h eː l - ə - ( - - )	heːlə	helen	53	Dutch				heal	*xailjanăn	122
188	h iː l	*xailjanăn	h iː l - - - ( - - )	hiːl	heal	53	English				heal	*xailjanăn	122
187	h ai l ə n	*xailjanăn	h ai l - ə n ( - - )	hailən	heilen	53	German				heal	*xailjanăn	122
114	h ɑ r t	*xertōn	h ɑ r t ( - - )	hɑrt	hart	32	Dutch				heart	*xertōn	123
113	h ɑː t	*xertōn	h ɑː - t ( - - )	hɑːt	heart	32	English				heart	*xertōn	123
112	h ɛ r ts	*xertōn	h ɛ r ts ( - - )	hɛrt͡s	Herz	32	German				heart	*xertōn	123
1512	h aː r t	*xerθăz	h aː r t ( - - )	haːrt	haard	414	Dutch				hearth	*xerθăz	124
1511	h ɑː θ	*xerθăz	h ɑː - θ ( - - )	hɑːθ	hearth	414	English				hearth	*xerθăz	124
1510	h eː r t	*xerθăz	h eː r d ( - - )	heːrt	Herd	414	German				hearth	*xerθăz	124
567	h iː θ	*xaiθiz	h iː θ - ( - )	hiːθ	heath	155	English				heath	*xaiθiz	341
566	h ai d ə	*xaiθiz	h ai d ə ( - )	haidə	Heide	155	German				heath	*xaiθiz	341
1074	h eː m ə l	*xemenăz	h eː m ə ( l - - )	heːməl	hemel	294	Dutch				heaven	*xemenăz	125
1073	h ɛ v ə n	*xemenăz	h ɛ v ə ( n - - )	hɛvṇ	heaven	294	English				heaven	*xemenăz	125
1072	h ɪ m ə l	*xemenăz	h ɪ m ə ( l - - )	hɪməl	Himmel	294	German				heaven	*xemenăz	125
386	h ɛ x	*xagjăz	h ɛ x - ( - - )	hɛx	heg	106	Dutch				hedge	*xagjăz	126
385	h ɛ ʤ	*xagjăz	h ɛ ʤ - ( - - )	hɛʤ	hedge	106	English				hedge	*xagjăz	126
384	h ɛ k ə	*xagjăz	h ɛ k - ( ə - )	hɛkə	Hecke	106	German				hedge	*xagjăz	126
633	h ɛ l m	*xelmăz	h ɛ l m ( - - )	hɛlm	helm	174	Dutch				helm	*xelmăz	127
632	h ɛ l m	*xelmăz	h ɛ l m ( - - )	hɛlm	helm	174	English				helm	*xelmăz	127
631	h ɛ l m	*xelmăz	h ɛ l m ( - - )	hɛlm	Helm	174	German				helm	*xelmăz	127
1446	h ɛ l p ə	*xelpanăn	h ɛ l p ə - ( - - )	hɛlpə	helpen	395	Dutch				help	*xelpanăn	128
479	h ʉ l p	*xelpō	h ʉ l p -	hʉlp	hulp	131	Dutch				help	*xelpō	128
1445	h ɛ l p	*xelpanăn	h ɛ l p - - ( - - )	hɛlp	help	395	English				help	*xelpanăn	128
478	h ɛ l p	*xelpō	h ɛ l p -	hɛlp	help	131	English				help	*xelpō	128
1444	h ɛ l f ə n	*xelpanăn	h ɛ l f ə n ( - - )	hɛlfən	helfen	395	German				help	*xelpanăn	128
477	h ɪ l f ə	*xelpō	h ɪ l f ə	hɪlfə	Hilfe	131	German				help	*xelpō	128
345	h ɜː d	*xerdō	h ɜː - d ( - )	hɜːd	herd	95	English				herd	*xerdō	342
344	h eː r d ə	*xerdō	h eː r t ( ə )	heːrdə	Herde	95	German	BOR			herd	*xerdō	342
93	h ɑu ʋ ə	*xawwanăn	h - ɑu ʋ ə - ( - - )	hɑuʋə	houwen	26	Dutch				hew	*xawwanăn	129
92	h j uː	*xawwanăn	h j uː - - - ( - - )	hjuː	hew	26	English				hew	*xawwanăn	129
91	h au ə n	*xawwanăn	h - au - ə n ( - - )	hauən	hauen	26	German				hew	*xawwanăn	129
487	h ɪ n d ə	*xendjō	h ɪ n d - ə	hɪndə	hinde	133	Dutch				hind	*xendjō	130
486	h aɪ n d	*xendjō	h aɪ n d - -	haɪnd	hind	133	English				hind	*xendjō	130
485	h ɪ n d ə	*xendjō	h ɪ n d - ə	hɪndə	Hinde	133	German				hind	*xendjō	130
597	h ɔː d	*xuzdăn	h ɔː - d ( - - )	hɔːd	hoard	164	English				hoard	*xuzdăn	343
596	h ɔ r t	*xuzdăn	h ɔ r t ( - - )	hɔrt	Hort	164	German				hoard	*xuzdăn	343
1251	h ɑu d ə	*xaldanăn	h ɑu - d ə - ( - - )	hɑudə	houden	343	Dutch				hold	*xaldanăn	131
1250	h əʊ l d	*xaldanăn	h əʊ l d - - ( - - )	həʊld	hold	343	English				hold	*xaldanăn	131
1249	h a l t ə n	*xaldanăn	h a l t ə n ( - - )	haltən	halten	343	German				hold	*xaldanăn	131
12	h eː m	*xaimăz	h eː m ( - - )	heːm	heem	532	Dutch				home	*xaimăz	132
11	h əʊ m	*xaimăz	h əʊ m ( - - )	həʊm	home	532	English				home	*xaimăz	132
10	h ai m	*xaimăz	h ai m ( - - )	haim	Heim	532	German				home	*xaimăz	132
375	h oː n ɪ ŋ	*xunagăn	h oː n ɪ - ( - ŋ )	hoːnɪŋ	honing	103	Dutch				honey	*xunagăn	133
374	h ʌ n ɪ	*xunagăn	h ʌ n ɪ - ( - - )	hʌnɪ	honey	103	English				honey	*xunagăn	133
373	h oː n ɪ x	*xunagăn	h oː n ɪ x ( - - )	hoːnɪx	Honig	103	German				honey	*xunagăn	133
153	h ʊ d	*xattuz	h ʊ d ( - - )	hʊd	hood	43	English				hood	*xattuz	344
152	h uː t	*xattuz	h uː t ( - - )	huːt	Hut	43	German				hood	*xattuz	344
1891	h uː f	*xōfăz	h uː f ( - - )	huːf	hoef	518	Dutch				hoof	*xōfăz	134
1890	h uː f	*xōfăz	h uː f ( - - )	huːf	hoof	518	English				hoof	*xōfăz	134
1889	h uː f	*xōfăz	h uː f ( - - )	huːf	Huf	518	German				hoof	*xōfăz	134
625	h oː r n	*xurnăn	h oː r n ( - - )	hoːrn	hoorn	172	Dutch				horn	*xurnăn	135
624	h ɔː n	*xurnăn	h ɔː - n ( - - )	hɔːn	horn	172	English				horn	*xurnăn	135
623	h ɔ r n	*xurnăn	h ɔ r n ( - - )	hɔrn	Horn	172	German				horn	*xurnăn	135
338	h ɔ n t	*xundăz	h ɔ n t ( - - )	hɔnt	hond	93	Dutch				hound	*xundăz	136
337	h aʊ n d	*xundăz	h aʊ n d ( - - )	haʊnd	hound	93	English				hound	*xundăz	136
336	h ʊ n t	*xundăz	h ʊ n d ( - - )	hʊnt	Hund	93	German				hound	*xundăz	136
1838	k n eː d ə	*knedanăn	k n eː d ə - ( - - )	kneːdə	kneden	503	Dutch				knead	*knedanăn	137
1837	n iː d	*knedanăn	- n iː d - - ( - - )	niːd	knead	503	English				knead	*knedanăn	137
1836	k n eː t ə n	*knedanăn	k n eː t ə n ( - - )	kneːtən	kneten	503	German				knead	*knedanăn	137
908	k n iː	*knewăn	k n iː ( - - - )	kniː	knie	249	Dutch				knee	*knewăn	138
907	n iː	*knewăn	- n iː ( - - - )	niː	knee	249	English				knee	*knewăn	138
906	k n iː	*knewăn	k n iː ( - - - )	kniː	Knie	249	German				knee	*knewăn	138
771	k n ɛ x t	*knakkăz	k n ɛ x - t	knɛxt	knecht	211	Dutch				knight	*knakkăz	139
770	n aɪ t	*knakkăz	- n aɪ - - t	naɪt	knight	211	English				knight	*knakkăz	139
769	k n ɛ x t	*knakkăz	k n ɛ x - t	knɛxt	Knecht	211	German				knight	*knakkăz	139
539	k n oː p	*knuppăz	k n oː p ( - - )	knoːp	knoop	147	Dutch				knob	*knuppăz	140
538	n ɔ b	*knuppăz	- n ɔ b ( - - )	nɔb	knob	147	English				knob	*knuppăz	140
537	k n ɔ pf	*knuppăz	k n ɔ pf ( - - )	knɔp͡f	Knopf	147	German				knob	*knuppăz	140
405	l aː d ə	*laθōjanăn	l aː d ( - ) - ə - ( - - )	laːdə	laden	111	Dutch				lade	*laθōjanăn	141
404	l eɪ d	*laθōjanăn	l eɪ d ( - ) - - - ( - - )	leɪd	lade	111	English				lade	*laθōjanăn	141
403	l aː d ə n	*laθōjanăn	l aː d ( - ) - ə n ( - - )	laːdən	laden	111	German				lade	*laθōjanăn	141
1355	l ɑ n t	*landăn	l ɑ n t ( - - )	lɑnt	land	371	Dutch				land	*landăn	142
1354	l æ n d	*landăn	l æ n d ( - - )	lænd	land	371	English				land	*landăn	142
1353	l a n t	*landăn	l a n d ( - - )	lant	Land	371	German				land	*landăn	142
1554	l ɑ p	*labbăz	l ɑ p ( - - )	lɑp	lap	426	Dutch				lap	*labbăz	143
1553	l æ p	*labbăz	l æ p ( - - )	læp	lap	426	English				lap	*labbăz	143
1552	l a p ə n	*labbăz	l a p ( ə n )	lapən	Lappen	426	German				lap	*labbăz	143
535	l ɑː s t	*laistjanăn	l ɑː s t - - - ( - - )	lɑːst	last	146	English				last	*laistjanăn	345
534	l ai s t ə n	*laistjanăn	l ai s t - ə n ( - - )	laistən	leisten	146	German				last	*laistjanăn	345
1063	l ɑ x ə	*lakanăn	l ɑ x ə - ( - - )	lɑxə	lachen	291	Dutch				laugh	*lakanăn	144
1062	l ɑː f	*lakanăn	l ɑː f - - ( - - )	lɑːf	laugh	291	English				laugh	*lakanăn	144
1061	l a x ə n	*lakanăn	l a x ə n ( - - )	laxən	lachen	291	German				laugh	*lakanăn	144
1746	l ɛɪ d ə	*laidjanăn	l ɛɪ d - ə - ( - - )	lɛɪdə	leiden	478	Dutch				lead	*laidjanăn	145
1745	l iː d	*laidjanăn	l iː d - - - ( - - )	liːd	lead	478	English				lead	*laidjanăn	145
1744	l ai t ə n	*laidjanăn	l ai t - ə n ( - - )	laitən	leiten	478	German				lead	*laidjanăn	145
664	l oː f	*laubăn	l oː f ( - - )	loːf	loof	182	Dutch				leaf	*laubăn	146
663	l iː f	*laubăn	l iː f ( - - )	liːf	leaf	182	English				leaf	*laubăn	146
662	l au p	*laubăn	l au b ( - - )	laup	Laub	182	German				leaf	*laubăn	146
1595	l ɜː n	*liznōjanăn	l ɜː - n ( - ) - - - ( - - )	lɜːn	learn	437	English				learn	*liznōjanăn	346
1594	l ɛ r n ə n	*liznōjanăn	l ɛ r n ( - ) - ə n ( - - )	lɛrnən	lernen	437	German				learn	*liznōjanăn	346
47	l ɛ ð ə r	*leθrăn	l ɛ ð ə r ( - - )	lɛðər	leather	13	English				leather	*leθrăn	347
46	l eː d ə r	*leθrăn	l eː d ə r ( - - )	leːdər	Leder	13	German				leather	*leθrăn	347
787	l uː k	*laukăz	l uː k ( - - )	luːk	look	215	Dutch				leek	*laukăz	147
786	l iː k	*laukăz	l iː k ( - - )	liːk	leek	215	English				leek	*laukăz	147
785	l au x	*laukăz	l au x ( - - )	laux	Lauch	215	German				leek	*laukăz	147
922	l aː t ə	*lētanăn	l aː t ə - ( - - )	laːtə	laten	253	Dutch				let	*lētanăn	148
921	l ɛ t	*lētanăn	l ɛ t - - ( - - )	lɛt	let	253	English				let	*lētanăn	148
920	l a s ə n	*lētanăn	l a s ə n ( - - )	lasən	lassen	253	German				let	*lētanăn	148
1599	l ɪ k ə	*likkōjanăn	l ɪ k ( - ) - ə - ( - - )	lɪkə	likken	438	Dutch				lick	*likkōjanăn	149
1598	l ɪ k	*likkōjanăn	l ɪ k ( - ) - - - ( - - )	lɪk	lick	438	English				lick	*likkōjanăn	149
1597	l ɛ k ə n	*likkōjanăn	l ɛ k ( - ) - ə n ( - - )	lɛkən	lecken	438	German				lick	*likkōjanăn	149
1641	l ɪ t	*liθuz	l ɪ t ( - - )	lɪt	lid	450	Dutch				lid	*liθuz	150
1640	l ɪ d	*liθuz	l ɪ d ( - - )	lɪd	lid	450	English				lid	*liθuz	150
1639	l iː t	*liθuz	l iː d ( - - )	liːt	Lid	450	German				lid	*liθuz	150
839	l ɛɪ f	*lībăn	l ɛɪ f ( - - )	lɛɪf	lijf	230	Dutch				life	*lībăn	151
838	l aɪ f	*lībăn	l aɪ f ( - - )	laɪf	life	230	English				life	*lībăn	151
837	l ai p	*lībăn	l ai b ( - - )	laip	Leib	230	German				life	*lībăn	151
528	l ɪ x t ə	*leuxtjanăn	l ɪ x t - ə - ( - - )	lɪxtə	lichten	144	Dutch				light	*leuxtjanăn	152
527	l aɪ t	*leuxtjanăn	l aɪ - t - - - ( - - )	laɪt	light	144	English				light	*leuxtjanăn	152
526	l ɔy x t ə n	*leuxtjanăn	l ɔy x t - ə n ( - - )	lɔyxtən	leuchten	144	German				light	*leuxtjanăn	152
122	l ɛɪ m	*līmăn	l ɛɪ m ( - - )	lɛɪm	lijm	34	Dutch				lime	*līmăn	153
121	l aɪ m	*līmăn	l aɪ m ( - - )	laɪm	lime	34	English				lime	*līmăn	153
120	l ai m	*līmăn	l ai m ( - - )	laim	Leim	34	German				lime	*līmăn	153
1727	l ɪ n d ə	*lendō	l ɪ n d ( ə - )	lɪndə	linde	473	Dutch				linden	*lendō	154
1726	l ɪ n d ə n	*lendō	l ɪ n d ( ə n )	lɪndən	linden	473	English				linden	*lendō	154
1725	l ɪ n d ə	*lendō	l ɪ n d ( ə - )	lɪndə	Linde	473	German				linden	*lendō	154
945	l ɛɪ n	*līnăn	l ɛɪ n ( - - )	lɛɪn	lijn	259	Dutch				line	*līnăn	155
944	l aɪ n	*līnăn	l aɪ n ( - - )	laɪn	line	259	English				line	*līnăn	155
943	l ai n ə	*līnăn	l ai n ( ə - )	lainə	Leine	259	German				line	*līnăn	155
1438	l ɛɪ s t	*līstōn	l ɛɪ s t ( - - )	lɛɪst	lijst	393	Dutch				list	*līstōn	156
1437	l ɪ s t	*līstōn	l ɪ s t ( - - )	lɪst	list	393	English				list	*līstōn	156
1436	l ai s t ə	*līstōn	l ai s t ( ə - )	laistə	Leiste	393	German				list	*līstōn	156
617	l eː v ə	*libēnăn	l eː v ə - ( - - )	leːvə	leven	170	Dutch				live	*libēnăn	157
616	l aɪ v	*libēnăn	l aɪ v - - ( - - )	laɪv	live	170	English				live	*libēnăn	157
615	l eː b ə n	*libēnăn	l eː b ə n ( - - )	leːbən	leben	170	German				live	*libēnăn	157
213	l eː v ə r	*librō	l eː v ə r ( - )	leːvər	lever	59	Dutch				liver	*librō	158
212	l ɪ v ə r	*librō	l ɪ v ə r ( - )	lɪvər	liver	59	English				liver	*librō	158
211	l eː b ə r	*librō	l eː b ə r ( - )	leːbər	Leber	59	German				liver	*librō	158
904	l eː m	*laimōn	l eː m ( - - )	leːm	leem	248	Dutch				loam	*laimōn	159
903	l əʊ m	*laimōn	l əʊ m ( - - )	ləʊm	loam	248	English				loam	*laimōn	159
902	l eː m	*laimōn	l eː m ( - - )	leːm	Lehm	248	German				loam	*laimōn	159
258	l eː t	*laiθăz	l eː t ( - - )	leːt	leed	71	Dutch				loath	*laiθăz	160
257	l əʊ θ	*laiθăz	l əʊ θ ( - - )	ləʊθ	loath	71	English				loath	*laiθăz	160
256	l ai t	*laiθăz	l ai d ( - - )	lait	Leid	71	German				loath	*laiθăz	160
1150	l ɔ k	*lukkăz	l ɔ k ( - - )	lɔk	lok	315	Dutch				lock	*lukkăz	161
859	l ɔ k	*lukăn	l ɔ k ( - - )	lɔk	lock	236	English				lock	*lukăn	161
1149	l ɔ k	*lukkăz	l ɔ k ( - - )	lɔk	lock	315	English				lock	*lukkăz	161
858	l ɔ x	*lukăn	l ɔ x ( - - )	lɔx	Loch	236	German				lock	*lukăn	161
1148	l ɔ k ə	*lukkăz	l ɔ k ( ə - )	lɔkə	Locke	315	German				lock	*lukkăz	161
1826	l œy s	*lūsz	l œy s ( - )	lœys	luis	500	Dutch				louse	*lūsz	162
1825	l aʊ s	*lūsz	l aʊ s ( - )	laʊs	louse	500	English				louse	*lūsz	162
1824	l au s	*lūsz	l au s ( - )	laus	Laus	500	German				louse	*lūsz	162
892	l ɔ ŋ	*lungwăn	l ɔ ŋ - ( - - )	lɔŋ	long	245	Dutch				lung	*lungwăn	163
891	l ʌ ŋ	*lungwăn	l ʌ ŋ - ( - - )	lʌŋ	lung	245	English				lung	*lungwăn	163
890	l ʊ ŋ ə	*lungwăn	l ʊ ŋ - ( ə - )	lʊŋə	Lunge	245	German				lung	*lungwăn	163
1329	l ʉ s t	*lustuz	l ʉ s t ( - - )	lʉst	lust	364	Dutch				lust	*lustuz	164
1328	l ʌ s t	*lustuz	l ʌ s t ( - - )	lʌst	lust	364	English				lust	*lustuz	164
1327	l ʊ s t	*lustuz	l ʊ s t ( - - )	lʊst	Lust	364	German				lust	*lustuz	164
371	l oː x	*laugō	l oː x -	loːx	loog	102	Dutch				lye	*laugō	165
370	l aɪ	*laugō	l aɪ - -	laɪ	lye	102	English				lye	*laugō	165
369	l au ɡ ə	*laugō	l au ɡ ə	lauɡə	Lauge	102	German				lye	*laugō	165
1457	m aː k ə	*makōjanăn	m aː k ( - ) - ə - ( - - )	maːkə	maken	398	Dutch				make	*makōjanăn	166
1456	m eɪ k	*makōjanăn	m eɪ k ( - ) - - - ( - - )	meɪk	make	398	English				make	*makōjanăn	166
1455	m a x ə n	*makōjanăn	m a x ( - ) - ə n ( - - )	maxən	machen	398	German				make	*makōjanăn	166
989	m ɑu t	*maltăz	m ɑu - t ( - - )	mɑut	mout	271	Dutch				malt	*maltăz	167
988	m ɔː l t	*maltăz	m ɔː l t ( - - )	mɔːlt	malt	271	English				malt	*maltăz	167
987	m a l ts	*maltăz	m a l ts ( - - )	malt͡s	Malz	271	German				malt	*maltăz	167
1928	m ɑ n	*marīn	m ɑ ( - - ) n	mɑn	man	529	Dutch				man	*marīn	168
1927	m æ n	*marīn	m æ ( - - ) n	mæn	man	529	English				man	*marīn	168
1926	m a n	*marīn	m a ( - - ) n	man	Mann	529	German				man	*marīn	168
44	m ɑ r k	*markō	m ɑ r k -	mɑrk	mark	12	Dutch				march	*markō	169
43	m ɑː ʧ	*markō	m ɑː - ʧ -	mɑːʧ	march	12	English				march	*markō	169
42	m a r k	*markō	m a r k -	mark	Mark	12	German	EXC			march	*markō	169
1712	m ɑ s t	*mastăz	m ɑ s t ( - - )	mɑst	mast	469	Dutch				mast	*mastăz	170
1711	m ɑː s t	*mastăz	m ɑː s t ( - - )	mɑːst	mast	469	English				mast	*mastăz	170
1710	m a s t	*mastăz	m a s t ( - - )	mast	Mast	469	German				mast	*mastăz	170
239	m aː l	*mēlăn	m aː l ( - - )	maːl	maal	66	Dutch				meal	*mēlăn	171
238	m iː l	*mēlăn	m iː l ( - - )	miːl	meal	66	English				meal	*mēlăn	171
237	m aː l	*mēlăn	m aː l ( - - )	maːl	Mal	66	German				meal	*mēlăn	171
75	m eː n ə	*mainjanăn	m eː n - ə - ( - - )	meːnə	menen	21	Dutch				mean	*mainjanăn	172
74	m iː n	*mainjanăn	m iː n - - - ( - - )	miːn	mean	21	English				mean	*mainjanăn	172
73	m ai n ə n	*mainjanăn	m ai n - ə n ( - - )	mainən	meinen	21	German				mean	*mainjanăn	172
648	m iː d	*mizdō	m iː - d ( - )	miːd	meed	178	English				meed	*mizdō	348
647	m iː t ə	*mizdō	m iː - t ( ə )	miːtə	Miete	178	German				meed	*mizdō	348
1576	m ɑ x t	*maxtiz	m ɑ x t ( - - )	mɑxt	macht	432	Dutch				might	*maxtiz	173
1575	m aɪ t	*maxtiz	m aɪ - t ( - - )	maɪt	might	432	English				might	*maxtiz	173
1574	m a x t	*maxtiz	m a x t ( - - )	maxt	Macht	432	German				might	*maxtiz	173
668	m ɛ l k	*melukz	m ɛ l - k ( - )	mɛlk	melk	183	Dutch				milk	*melukz	174
667	m ɪ l k	*melukz	m ɪ l - k ( - )	mɪlk	milk	183	English				milk	*melukz	174
666	m ɪ l x	*melukz	m ɪ l - x ( - )	mɪlx	Milch	183	German				milk	*melukz	174
760	m aː n t	*mēnōθz	m aː n - t ( - )	maːnt	maand	208	Dutch				month	*mēnōθz	175
759	m ʌ n θ	*mēnōθz	m ʌ n - θ ( - )	mʌnθ	month	208	English				month	*mēnōθz	175
758	m oː n aː t	*mēnōθz	m oː n a t ( - )	moːnaːt	Monat	208	German	IRR			month	*mēnōθz	175
719	m uː t	*mōdăz	m uː t ( - - )	muːt	moed	197	Dutch				mood	*mōdăz	176
718	m uː d	*mōdăz	m uː d ( - - )	muːd	mood	197	English				mood	*mōdăz	176
717	m uː t	*mōdăz	m uː t ( - - )	muːt	Mut	197	German				mood	*mōdăz	176
1620	m uː d ə r	*mōdēr	m uː d ə r	muːdər	moeder	444	Dutch				mother	*mōdēr	177
1619	m ʌ ð ə r	*mōdēr	m ʌ ð ə r	mʌðər	mother	444	English				mother	*mōdēr	177
1618	m ʊ t ə r	*mōdēr	m ʊ t ə r	mʊtər	Mutter	444	German				mother	*mōdēr	177
1580	n aː ɣ ə l	*naglăz	n aː ɣ ə l ( - - )	naːɣəl	nagel	433	Dutch				nail	*naglăz	178
1579	n eɪ l	*naglăz	n eɪ - - l ( - - )	neɪl	nail	433	English				nail	*naglăz	178
1578	n aː ɡ ə l	*naglăz	n aː ɡ ə l ( - - )	naːɡəl	Nagel	433	German				nail	*naglăz	178
82	n aː m	*namōn	n aː m - ( - )	naːm	naam	23	Dutch				name	*namōn	179
81	n eɪ m	*namōn	n eɪ m - ( - )	neɪm	name	23	English				name	*namōn	179
80	n aː m ə	*namōn	n aː m ə ( - )	naːmə	Name	23	German				name	*namōn	179
629	n aː f	*nabō	n aː f ( - )	naːf	naaf	173	Dutch				nave	*nabō	180
628	n eɪ v	*nabō	n eɪ v ( - )	neɪv	nave	173	English				nave	*nabō	180
627	n aː b ə	*nabō	n aː b ( ə )	naːbə	Nabe	173	German				nave	*nabō	180
431	n aː v ə l	*nablōn	n aː v ə l ( - - )	naːvəl	navel	118	Dutch				navel	*nablōn	181
430	n eɪ v ə l	*nablōn	n eɪ v ə l ( - - )	neɪvḷ	navel	118	English				navel	*nablōn	181
429	n aː b ə l	*nablōn	n aː b ə l ( - - )	naːbəl	Nabel	118	German				navel	*nablōn	181
1166	n ɛ k	*xnakkăz	- n ɛ k ( - - )	nɛk	nek	319	Dutch				neck	*xnakkăz	182
1165	n ɛ k	*xnakkăz	- n ɛ k ( - - )	nɛk	neck	319	English				neck	*xnakkăz	182
1164	n a k ə n	*xnakkăz	- n a k ( ə n )	nakən	Nacken	319	German				neck	*xnakkăz	182
483	n oː t	*naudiz	n oː t ( - - )	noːt	nood	132	Dutch				need	*naudiz	183
482	n iː d	*naudiz	n iː d ( - - )	niːd	need	132	English				need	*naudiz	183
481	n oː t	*naudiz	n oː t ( - - )	noːt	Not	132	German				need	*naudiz	183
126	n aː l t	*nēθlō	n aː - - l ( t )	naːlt	naald	35	Dutch				needle	*nēθlō	184
125	n iː d ə l	*nēθlō	n iː d ə l ( - )	niːdḷ	needle	35	English				needle	*nēθlō	184
124	n aː d ə l	*nēθlō	n aː d ə l ( - )	naːdəl	Nadel	35	German				needle	*nēθlō	184
318	n ɛ s t	*nistăn	n ɛ s t ( - - )	nɛst	nest	88	Dutch				nest	*nistăn	185
317	n ɛ s t	*nistăn	n ɛ s t ( - - )	nɛst	nest	88	English				nest	*nistăn	185
316	n ɛ s t	*nistăn	n ɛ s t ( - - )	nɛst	Nest	88	German				nest	*nistăn	185
468	n ɛ t	*natjăn	n ɛ t - ( - - )	nɛt	net	128	Dutch				net	*natjăn	186
467	n ɛ t	*natjăn	n ɛ t - ( - - )	nɛt	net	128	English				net	*natjăn	186
466	n ɛ ts	*natjăn	n ɛ ts - ( - - )	nɛt͡s	Netz	128	German				net	*natjăn	186
573	n ɛ t ə l	*natilōn	n ɛ t ə l ( - - )	nɛtḷ	nettle	157	English				nettle	*natilōn	349
572	n ɛ s ə l	*natilōn	n ɛ s ə l ( - - )	nɛsəl	Nessel	157	German				nettle	*natilōn	349
1541	n ɑ x t	*naxtz	n ɑ x t ( - )	nɑxt	nacht	422	Dutch				night	*naxtz	187
1540	n aɪ t	*naxtz	n aɪ - t ( - )	naɪt	night	422	English				night	*naxtz	187
1539	n a x t	*naxtz	n a x t ( - )	naxt	Nacht	422	German				night	*naxtz	187
130	n ɑ x t m ɛ r iː	*marōn	( n ɑ x t ) m ɛ r ( iː - )	nɑxtmɛriː	nachtmerrie	36	Dutch				nightmare	*marōn	188
129	n aɪ t m ɛə r	*marōn	( n aɪ - t ) m ɛə r ( - - )	naɪtmɛər	nightmare	36	English				nightmare	*marōn	188
128	m aː r	*marōn	( - - - - ) m aː r ( - - )	maːr	Mahr	36	German				nightmare	*marōn	188
326	n eː ɣ ə	*newun	n eː ɣ ə -	neːɣə	negen	90	Dutch				nine	*newun	189
325	n aɪ n	*newun	n aɪ - - n	naɪn	nine	90	English				nine	*newun	189
324	n ɔy n	*newun	n ɔy - - n	nɔyn	neun	90	German				nine	*newun	189
1734	n øː s	*nasō	n øː s -	nøːs	neus	475	Dutch				nose	*nasō	190
1733	n əʊ z	*nasō	n əʊ z -	nəʊz	nose	475	English				nose	*nasō	190
1732	n aː z ə	*nasō	n aː z ə	naːzə	Nase	475	German				nose	*nasō	190
604	eː n	*end	- eː n ( - )	eːn	een	166	Dutch				one	*end	191
603	ʋ ʌ n	*end	ʋ ʌ n ( - )	ʋʌn	one	166	English				one	*end	191
602	ai n	*end	- ai n ( - )	ain	ein	166	German				one	*end	191
1012	oː v ə	*ufnăz	oː v ə - ( - - )	oːvə	oven	277	Dutch				oven	*ufnăz	192
1011	ʌ v ə n	*ufnăz	ʌ v ə n ( - - )	ʌvṇ	oven	277	English				oven	*ufnăz	192
1010	oː f ə n	*ufnăz	oː f ə n ( - - )	oːfən	Ofen	277	German				oven	*ufnăz	192
686	ɔ s	*uxsōn	ɔ - s - ( - )	ɔs	os	188	Dutch				ox	*uxsōn	193
685	ɔ k s	*uxsōn	ɔ k s - ( - )	ɔks	ox	188	English				ox	*uxsōn	193
684	ɔ k s ə	*uxsōn	ɔ k s ə ( - )	ɔksə	Ochse	188	German				ox	*uxsōn	193
1070	r eː ɣ ə	*regnăn	r eː ɣ ə - ( - - )	reːɣə	regen	293	Dutch	MT			rain	*regnăn	194
1069	r eɪ n	*regnăn	r eɪ - - n ( - - )	reɪn	rain	293	English	MT			rain	*regnăn	194
1068	r eː ɡ ə n	*regnăn	r eː ɡ ə n ( - - )	reːɡən	Regen	293	German				rain	*regnăn	194
877	r eː ɣ ə m b oː x	*regna-bugōn	r eː ɣ ə ( m - b oː x - - )	reːɣəmboːx	regenboog	241	Dutch				rainbow	*regna-bugōn	195
876	r eɪ n b əʊ	*regna-bugōn	r eɪ - - ( n - b əʊ - - - )	reɪnbəʊ	rainbow	241	English				rainbow	*regna-bugōn	195
875	r eː ɡ ə n b oː ɡ ə n	*regna-bugōn	r eː ɡ ə ( n - b oː ɡ ə n )	reːɡənboːɡən	Regenbogen	241	German	DUP			rainbow	*regna-bugōn	195
185	r aː f	*xrabnăz	- r aː f - - ( - - )	raːf	raaf	52	Dutch				raven	*xrabnăz	196
184	r æ v ə n	*xrabnăz	- r æ v ə n ( - - )	rævṇ	raven	52	English				raven	*xrabnăz	196
183	r aː b ə	*xrabnăz	- r aː b ə - ( - - )	raːbə	Rabe	52	German				raven	*xrabnăz	196
1648	r aː d ɛ n	*rēdanăn	r aː d ɛ n ( - - )	raːdɛn	raden	452	Dutch				read	*rēdanăn	197
1647	r iː d	*rēdanăn	r iː d - - ( - - )	riːd	read	452	English				read	*rēdanăn	197
1646	r aː t ə n	*rēdanăn	r aː t ə n ( - - )	raːtən	raten	452	German				read	*rēdanăn	197
708	r oː k	*raukiz	r oː k ( - - )	roːk	rook	194	Dutch				reek	*raukiz	198
707	r iː k	*raukiz	r iː k ( - - )	riːk	reek	194	English				reek	*raukiz	198
706	r au x	*raukiz	r au x ( - - )	raux	Rauch	194	German				reek	*raukiz	198
560	r ɛ s t	*rastō	r ɛ s t ( - )	rɛst	rest	153	English				rest	*rastō	350
559	r a s t	*rastō	r a s t ( - )	rast	Rast	153	German				rest	*rastō	350
167	r ɛɪ d ə	*rīdanăn	r ɛɪ d ə - ( - - )	rɛɪdə	rijden	47	Dutch				ride	*rīdanăn	199
166	r aɪ d	*rīdanăn	r aɪ d - - ( - - )	raɪd	ride	47	English				ride	*rīdanăn	199
165	r ai t ə n	*rīdanăn	r ai t ə n ( - - )	raitən	reiten	47	German				ride	*rīdanăn	199
1550	r aɪ n d	*rendō	r aɪ n d -	raɪnd	rind	425	English				rind	*rendō	351
1549	r ɪ n d ə	*rendō	r ɪ n d ə	rɪndə	Rinde	425	German				rind	*rendō	351
1385	r ʉ k	*rukkiz	r ʉ k ( - - )	rʉk	ruk	379	Dutch				rock	*rukkiz	200
1384	r ɔ k	*rukkiz	r ɔ k ( - - )	rɔk	rock	379	English				rock	*rukkiz	200
1383	r ʊ k	*rukkiz	r ʊ k ( - - )	rʊk	Ruck	379	German				rock	*rukkiz	200
1738	r eː	*raixōn	r eː ( - - - )	reː	ree	476	Dutch				roe	*raixōn	201
1737	r əʊ	*raixōn	r əʊ ( - - - )	rəʊ	roe	476	English				roe	*raixōn	201
1736	r eː	*raixōn	r eː ( - - - )	reː	Reh	476	German				roe	*raixōn	201
1096	r uː d	*rōdō	r uː d -	ruːd	rood	300	English				rood	*rōdō	352
1095	r uː t ə	*rōdō	r uː t ə	ruːtə	Rute	300	German				rood	*rōdō	352
499	r œy m	*rūmăn	r œy m ( - - )	rœym	ruim	136	Dutch				room	*rūmăn	202
498	r uː m	*rūmăn	r uː m ( - - )	ruːm	room	136	English				room	*rūmăn	202
497	r au m	*rūmăn	r au m ( - - )	raum	Raum	136	German				room	*rūmăn	202
1306	r ɛɪ p	*raipăn	r ɛɪ p ( - - )	rɛɪp	rijp	358	Dutch				rope	*raipăn	203
1305	r əʊ p	*raipăn	r əʊ p ( - - )	rəʊp	rope	358	English				rope	*raipăn	203
1304	r ai f	*raipăn	r ai f ( - - )	raif	Reif	358	German				rope	*raipăn	203
1672	r uː r	*rōθrăz	r uː - - r ( - - )	ruːr	roer	458	Dutch				rudder	*rōθrăz	204
1671	r ʌ d ə r	*rōθrăz	r ʌ d ə r ( - - )	rʌdər	rudder	458	English				rudder	*rōθrăz	204
1670	r uː d ə r	*rōθrăz	r uː d ə r ( - - )	ruːdər	Ruder	458	German				rudder	*rōθrăz	204
966	r ʌ n	*rennanăn	r ʌ n - - ( - - )	rʌn	run	265	English				run	*rennanăn	353
965	r ɪ n ə n	*rennanăn	r ɪ n ə n ( - - )	rɪnən	rinnen	265	German				run	*rennanăn	353
737	r uː s t	*rustō	r uː s t ( - )	ruːst	roest	202	Dutch				rust	*rustō	205
736	r ʌ s t	*rustō	r ʌ s t ( - )	rʌst	rust	202	English				rust	*rustō	205
735	r ɔ s t	*rustō	r ɔ s t ( - )	rɔst	Rost	202	German				rust	*rustō	205
1464	r ɔ ɣ ə	*rugiz	r ɔ ɣ ə ( - )	rɔɣə	rogge	400	Dutch				rye	*rugiz	206
1463	r aɪ	*rugiz	r aɪ - - ( - )	raɪ	rye	400	English				rye	*rugiz	206
1462	r ɔ ɡ ə n	*rugiz	r ɔ ɡ ə ( n )	rɔɡən	Roggen	400	German				rye	*rugiz	206
941	z ɛɪ l	*seglăn	z ɛɪ - - l ( - - )	zɛɪl	zeil	258	Dutch				sail	*seglăn	207
940	s eɪ l	*seglăn	s eɪ - - l ( - - )	seɪl	sail	258	English				sail	*seglăn	207
939	z eː ɡ ə l	*seglăn	z eː ɡ ə l ( - - )	zeːɡəl	Segel	258	German				sail	*seglăn	207
138	z aː k	*sakō	z aː k -	zaːk	zaak	38	Dutch				sake	*sakō	208
137	s ɑː k ɪ	*sakō	s eɪ k -	sɑːkɪ	sake	38	English				sake	*sakō	208
136	z a x ə	*sakō	z a x ə	zaxə	Sache	38	German				sake	*sakō	208
1215	z ɑu t	*saltăn	z ɑu - t ( - - )	zɑut	zout	333	Dutch				salt	*saltăn	209
1214	s ɔː l t	*saltăn	s ɔː l t ( - - )	sɔːlt	salt	333	English				salt	*saltăn	209
1213	z a l ts	*saltăn	z a l ts ( - - )	zalt͡s	Salz	333	German				salt	*saltăn	209
334	z ɑ l f	*salbō	z ɑ l f -	zɑlf	zalf	92	Dutch				salve	*salbō	210
333	s æ l v	*salbō	s æ l v -	sælv	salve	92	English				salve	*salbō	210
332	z a l b ə	*salbō	z a l b ə	zalbə	Salbe	92	German				salve	*salbō	210
977	s ɑ p	*sapōn	s ɑ p ( - - - )	sɑp	sap	268	Dutch				sap	*sapōn	211
976	s æ p	*sapōn	s æ p ( - - - )	sæp	sap	268	English				sap	*sapōn	211
975	z a f t	*sapōn	z a f ( - - t )	zaft	Saft	268	German				sap	*sapōn	211
1490	z eː	*sai	z eː	zeː	zee	408	Dutch				sea	*sai	212
1489	s iː	*sai	s iː	siː	sea	408	English				sea	*sai	212
1488	z eː	*sai	z eː	zeː	See	408	German				sea	*sai	212
514	z oː m	*saumăz	z oː m ( - - )	zoːm	zoom	140	Dutch				seam	*saumăz	213
513	s iː m	*saumăz	s iː m ( - - )	siːm	seam	140	English				seam	*saumăz	213
512	z au m	*saumăz	z au m ( - - )	zaum	Saum	140	German				seam	*saumăz	213
107	z uː k ə	*sōkjanăn	z uː k - ə - ( - - )	zuːkə	zoeken	30	Dutch				seek	*sōkjanăn	214
106	s iː k	*sōkjanăn	s iː k - - - ( - - )	siːk	seek	30	English				seek	*sōkjanăn	214
105	z uː x ə n	*sōkjanăn	z uː x - ə n ( - - )	zuːxən	suchen	30	German				seek	*sōkjanăn	214
1381	z ɛ n d ə	*sandjanăn	z ɛ n d - ə - ( - - )	zɛndə	zenden	378	Dutch				send	*sandjanăn	215
1380	s ɛ n d	*sandjanăn	s ɛ n d - - - ( - - )	sɛnd	send	378	English				send	*sandjanăn	215
1379	z ɛ n d ə n	*sandjanăn	z ɛ n d - ə n ( - - )	zɛndən	senden	378	German				send	*sandjanăn	215
1819	z ɛ t ə	*satjanăn	z ɛ t - ə - ( - - )	zɛtə	zetten	498	Dutch				set	*satjanăn	216
1818	s ɛ t	*satjanăn	s ɛ t - - - ( - - )	sɛt	set	498	English				set	*satjanăn	216
1817	z ɛ ts ə n	*satjanăn	z ɛ ts - ə n ( - - )	zɛt͡sən	setzen	498	German				set	*satjanăn	216
177	z eː v ə	*sebun	z eː v ə -	zeːvə	zeven	50	Dutch				seven	*sebun	217
176	s ɛ v ə n	*sebun	s ɛ v ə n	sɛvṇ	seven	50	English				seven	*sebun	217
175	z iː b ə n	*sebun	z iː b ə n	ziːbən	sieben	50	German				seven	*sebun	217
1861	s x ɑ x t	*skaftăn	s x ɑ x t ( - - )	sxɑxt	schacht	510	Dutch				shaft	*skaftăn	218
1860	ʃ ɑː f t	*skaftăn	ʃ - ɑː f t ( - - )	ʃɑːft	shaft	510	English				shaft	*skaftăn	218
1859	ʃ a f t	*skaftăn	ʃ - a f t ( - - )	ʃaft	Schaft	510	German				shaft	*skaftăn	218
1081	ʃ eɪ m	*skamō	ʃ - eɪ m ( - )	ʃeɪm	shame	296	English				shame	*skamō	354
1080	ʃ aː m	*skamō	ʃ - aː m ( - )	ʃaːm	Scham	296	German				shame	*skamō	354
1427	s x eː r ə	*skeranăn	s x eː r ə - ( - - )	sxeːrə	scheren	390	Dutch				shear	*skeranăn	219
1426	ʃ ɪə r	*skeranăn	ʃ - ɪə r - - ( - - )	ʃɪər	shear	390	English				shear	*skeranăn	219
1425	ʃ eː r ə n	*skeranăn	ʃ - eː r ə n ( - - )	ʃeːrən	scheren	390	German				shear	*skeranăn	219
1117	s x eː d ə	*skaiθiz	s x eː d ə ( - )	sxeːdə	schede	306	Dutch				sheath	*skaiθiz	220
1116	ʃ iː θ	*skaiθiz	ʃ - iː θ - ( - )	ʃiːθ	sheath	306	English				sheath	*skaiθiz	220
1115	ʃ ai d ə	*skaiθiz	ʃ - ai d ə ( - )	ʃaidə	Scheide	306	German				sheath	*skaiθiz	220
1371	s x aː p	*skēpăn	s x aː p ( - - )	sxaːp	schaap	375	Dutch				sheep	*skēpăn	221
1370	ʃ iː p	*skēpăn	ʃ - iː p ( - - )	ʃiːp	sheep	375	English				sheep	*skēpăn	221
1369	ʃ aː f	*skēpăn	ʃ - aː f ( - - )	ʃaːf	Schaf	375	German				sheep	*skēpăn	221
310	s x ɪ l t	*skelduz	s x ɪ l t ( - - )	sxɪlt	schild	86	Dutch				shield	*skelduz	222
309	ʃ iː l d	*skelduz	ʃ - iː l d ( - - )	ʃiːld	shield	86	English				shield	*skelduz	222
308	ʃ ɪ l t	*skelduz	ʃ - ɪ l t ( - - )	ʃɪlt	Schild	86	German	BOR			shield	*skelduz	222
963	ʃ ɪ l ɪ ŋ	*skellin)ăz	ʃ - ɪ l ɪ ŋ - ( - - )	ʃɪlɪŋ	shilling	264	English				shilling	*skellin)ăz	355
962	ʃ ɪ l ɪ ŋ	*skellin)ăz	ʃ - ɪ l ɪ ŋ - ( - - )	ʃɪlɪŋ	Schilling	264	German				shilling	*skellin)ăz	355
1401	s x ɛɪ n ə	*skīnanăn	s x ɛɪ n ə - ( - - )	sxɛɪnə	schijnen	383	Dutch				shine	*skīnanăn	223
1400	ʃ aɪ n	*skīnanăn	ʃ - aɪ n - - ( - - )	ʃaɪn	shine	383	English				shine	*skīnanăn	223
1399	ʃ ai n ə n	*skīnanăn	ʃ - ai n ə n ( - - )	ʃainən	scheinen	383	German				shine	*skīnanăn	223
591	s x ɑu d ə r	*skuldrō	s x ɑu - d ə r ( - )	sxɑudər	schouder	162	Dutch				shoulder	*skuldrō	224
590	ʃ əʊ l d ə r	*skuldrō	ʃ - əʊ l d ə r ( - )	ʃəʊldər	shoulder	162	English				shoulder	*skuldrō	224
589	ʃ ʊ l t ə r	*skuldrō	ʃ - ʊ l t ə r ( - )	ʃʊltər	Schulter	162	German				shoulder	*skuldrō	224
1442	s x œy v ə	*skeubanăn	s x œy v ə - ( - - )	sxœyvə	schuiven	394	Dutch				shove	*skeubanăn	225
1441	ʃ ʌ v	*skeubanăn	ʃ - ʌ v - - ( - - )	ʃʌv	shove	394	English				shove	*skeubanăn	225
1440	ʃ iː b ə n	*skeubanăn	ʃ - iː b ə n ( - - )	ʃiːbən	schieben	394	German				shove	*skeubanăn	225
723	s x ɔ f ə l	*skūflō	s x ɔ f ə l ( - )	sxɔfəl	schoffel	198	Dutch				shovel	*skūflō	226
722	ʃ ʌ v ə l	*skūflō	ʃ - ʌ v ə l ( - )	ʃʌvḷ	shovel	198	English				shovel	*skūflō	226
721	ʃ au f ə l	*skūflō	ʃ - au f ə l ( - )	ʃaufəl	Schaufel	198	German				shovel	*skūflō	226
1287	s x ɑu ʋ ə	*skawōjanăn	s x ɑu ʋ - - ə - ( - - )	sxɑuʋə	schouwen	353	Dutch				show	*skawōjanăn	227
1286	ʃ əʊ	*skawōjanăn	ʃ - əʊ - - - - - ( - - )	ʃəʊ	show	353	English				show	*skawōjanăn	227
1285	ʃ au ə n	*skawōjanăn	ʃ - au - - - ə n ( - - )	ʃauən	schauen	353	German				show	*skawōjanăn	227
1194	ʃ aʊ ə r	*skūrō	ʃ - aʊ ə r ( - )	ʃaʊər	shower	327	English				shower	*skūrō	356
1193	ʃ au ə r	*skūrō	ʃ - au ə r ( - )	ʃauər	Schauer	327	German				shower	*skūrō	356
231	s aɪ d	*sīdōn	s aɪ d - ( - )	saɪd	side	64	English				side	*sīdōn	357
230	z ai t ə	*sīdōn	z ai t ə ( - )	zaitə	Seite	64	German				side	*sīdōn	357
1750	z eː f	*sibăz	z eː f ( - - )	zeːf	zeef	479	Dutch				sieve	*sibăz	228
1749	s ɪ v	*sibăz	s ɪ v ( - - )	sɪv	sieve	479	English				sieve	*sibăz	228
1748	z iː p	*sibăz	z iː b ( - - )	ziːp	Sieb	479	German				sieve	*sibăz	228
1569	z ɪ ŋ ə	*sengwanăn	z ɪ ŋ - ə - ( - - )	zɪŋə	zingen	430	Dutch				sing	*sengwanăn	229
1568	s ɪ ŋ	*sengwanăn	s ɪ ŋ - - - ( - - )	sɪŋ	sing	430	English				sing	*sengwanăn	229
1567	z ɪ ŋ ə n	*sengwanăn	z ɪ ŋ - ə n ( - - )	zɪŋən	singen	430	German				sing	*sengwanăn	229
1609	z ɛ ŋ ə	*sangjanăn	z ɛ ŋ - - ə - ( - - )	zɛŋə	zengen	441	Dutch				singe	*sangjanăn	230
1608	s ɪ n ʤ	*sangjanăn	s ɪ n ʤ - - - ( - - )	sɪnʤ	singe	441	English				singe	*sangjanăn	230
1607	z ɛ ŋ ə n	*sangjanăn	z ɛ ŋ - - ə n ( - - )	zɛŋən	sengen	441	German				singe	*sangjanăn	230
1055	z ʉ s t ə r	*swestēr	z - ʉ s t ə r	zʉstər	zuster	289	Dutch				sister	*swestēr	231
1054	s ɪ s t ə r	*swestēr	s - ɪ s t ə r	sɪstər	sister	289	English				sister	*swestēr	231
1053	ʃ v ɛ s t ə r	*swestēr	ʃ v ɛ s t ə r	ʃvɛstər	Schwester	289	German				sister	*swestēr	231
1191	z ɪ t ə	*setjanăn	z ɪ t - ə - ( - - )	zɪtə	zitten	326	Dutch				sit	*setjanăn	232
1190	s ɪ t	*setjanăn	s ɪ t - - - ( - - )	sɪt	sit	326	English				sit	*setjanăn	232
1189	z ɪ ts ə n	*setjanăn	z ɪ ts - ə n ( - - )	zɪt͡sən	sitzen	326	German				sit	*setjanăn	232
1162	z ɛ s	*sexs	z ɛ - s	zɛs	zes	318	Dutch				six	*sexs	233
1161	s ɪ k s	*sexs	s ɪ k s	sɪks	six	318	English				six	*sexs	233
1160	z ɛ k s	*sexs	z ɛ k s	zɛks	sechs	318	German				six	*sexs	233
1146	s l aː n	*slaxanăn	s l aː - - n ( - - )	slaːn	slaan	314	Dutch				slay	*slaxanăn	234
1145	s l eɪ	*slaxanăn	s l eɪ - - - ( - - )	sleɪ	slay	314	English				slay	*slaxanăn	234
1144	ʃ l aː ɡ ə n	*slaxanăn	ʃ l aː ɡ ə n ( - - )	ʃlaːɡən	schlagen	314	German				slay	*slaxanăn	234
1668	s l aː p ə	*slēpanăn	s l aː p ə - ( - - )	slaːpə	slapen	457	Dutch				sleep	*slēpanăn	235
1667	s l iː p	*slēpanăn	s l iː p - - ( - - )	sliːp	sleep	457	English				sleep	*slēpanăn	235
1666	ʃ l aː f ə n	*slēpanăn	ʃ l aː f ə n ( - - )	ʃlaːfən	schlafen	457	German				sleep	*slēpanăn	235
1912	s l ɛɪ m	*slīmăn	s l ɛɪ m ( - - )	slɛɪm	slijm	524	Dutch				slime	*slīmăn	236
1911	s l aɪ m	*slīmăn	s l aɪ m ( - - )	slaɪm	slime	524	English				slime	*slīmăn	236
1910	ʃ l ai m	*slīmăn	ʃ l ai m ( - - )	ʃlaim	Schleim	524	German				slime	*slīmăn	236
1815	s m eː r ə	*smerwjanăn	s m eː r - - ə - ( - - )	smeːrə	smeren	497	Dutch				smear	*smerwjanăn	237
1814	s m ɪə r	*smerwjanăn	s m ɪə r - - - - ( - - )	smɪər	smear	497	English				smear	*smerwjanăn	237
1813	ʃ m iː r ə n	*smerwjanăn	ʃ m iː r - - ə n ( - - )	ʃmiːrən	schmieren	497	German				smear	*smerwjanăn	237
1059	s n eː ʋ	*snaigwăz	s n eː ( ʋ - - )	sneːʋ	sneeuw	290	Dutch				snow	*snaigwăz	238
1058	s n əʊ	*snaigwăz	s n əʊ ( - - - )	snəʊ	snow	290	English				snow	*snaigwăz	238
1057	ʃ n eː	*snaigwăz	ʃ n eː ( - - - )	ʃneː	Schnee	290	German				snow	*snaigwăz	238
1100	z ɔ r x	*surgō	z ɔ r x -	zɔrx	zorg	301	Dutch				sorrow	*surgō	239
1099	s ɔ r əʊ	*surgō	s ɔ r əʊ -	sɔrəʊ	sorrow	301	English				sorrow	*surgō	239
1098	z ɔ r ɡ ə	*surgō	z ɔ r ɡ ə	zɔrɡə	Sorge	301	German				sorrow	*surgō	239
1325	z iː l	*saiwălō	z iː - - l -	ziːl	ziel	363	Dutch				soul	*saiwălō	240
1324	s əʊ l	*saiwălō	s əʊ - - l -	səʊl	soul	363	English				soul	*saiwălō	240
1323	z eː l ə	*saiwălō	z eː - - l ə	zeːlə	Seele	363	German				soul	*saiwălō	240
1359	s p ɑ n ə	*spannanăn	s p ɑ n ə - ( - - )	spɑnə	spannen	372	Dutch				span	*spannanăn	241
1358	s p æ n	*spannanăn	s p æ n - - ( - - )	spæn	span	372	English				span	*spannanăn	241
570	s p æ n	*spannō	s p æ n ( - )	spæn	span	156	English				span	*spannō	241
1357	ʃ p a n ə n	*spannanăn	ʃ p a n ə n ( - - )	ʃpanən	spannen	372	German				span	*spannanăn	241
569	ʃ p a n ə	*spannō	ʃ p a n ( ə )	ʃpanə	Spanne	156	German				span	*spannō	241
1232	s p ɑ r	*sparrōn	s p ɑ r - -	spɑr	spar	338	Dutch				spar	*sparrōn	242
1231	s p ɑː r	*sparrōn	s p ɑː r - -	spɑːr	spar	338	English				spar	*sparrōn	242
1230	ʃ p a r ə n	*sparrōn	ʃ p a r ə n	ʃparən	Sparren	338	German				spar	*sparrōn	242
835	s p aː r ə	*sparēnăn	s p aː r ə - ( - - )	spaːrə	sparen	229	Dutch				spare	*sparēnăn	243
834	s p ɛə r	*sparēnăn	s p ɛə r - - ( - - )	spɛər	spare	229	English				spare	*sparēnăn	243
833	ʃ p aː r ə n	*sparēnăn	ʃ p aː r ə n ( - - )	ʃpaːrən	sparen	229	German				spare	*sparēnăn	243
367	s p eː r	*speru	s p eː r ( - )	speːr	speer	101	Dutch				spear	*speru	244
366	s p ɪə r	*speru	s p ɪə r ( - )	spɪər	spear	101	English				spear	*speru	244
365	ʃ p eː r	*speru	ʃ p eː r ( - )	ʃpeːr	Speer	101	German				spear	*speru	244
303	s p ɪ n ə	*spennanăn	s p ɪ n ə - ( - - )	spɪnə	spinnen	84	Dutch				spin	*spennanăn	245
302	s p ɪ n	*spennanăn	s p ɪ n - - ( - - )	spɪn	spin	84	English				spin	*spennanăn	245
301	ʃ p ɪ n ə n	*spennanăn	ʃ p ɪ n ə n ( - - )	ʃpɪnən	spinnen	84	German				spin	*spennanăn	245
181	s p ɪ l	*spennilō	s p ɪ - - - l ( - )	spɪl	spil	51	Dutch				spindle	*spennilō	246
180	s p ɪ n d ə l	*spennilō	s p ɪ n d ə l ( - )	spɪndḷ	spindle	51	English				spindle	*spennilō	246
179	ʃ p ɪ n d ə l	*spennilō	ʃ p ɪ n d ə l ( - )	ʃpɪndəl	Spindel	51	German				spindle	*spennilō	246
417	s p aː n	*spēnuz	s p aː n ( - - )	spaːn	spaan	114	Dutch				spoon	*spēnuz	247
416	s p uː n	*spēnuz	s p uː n ( - - )	spuːn	spoon	114	English				spoon	*spēnuz	247
415	ʃ p aː n	*spēnuz	ʃ p aː n ( - - )	ʃpaːn	Span	114	German				spoon	*spēnuz	247
1504	s p r ɛɪ d ə	*spraidjanăn	s p r ɛɪ d - ə - ( - - )	sprɛɪdə	spreiden	412	Dutch				spread	*spraidjanăn	248
1503	s p r ɛ d	*spraidjanăn	s p r ɛ d - - - ( - - )	sprɛd	spread	412	English				spread	*spraidjanăn	248
1502	ʃ p r ai t ə n	*spraidjanăn	ʃ p r ai t - ə n ( - - )	ʃpraitən	spreiten	412	German				spread	*spraidjanăn	248
71	s p oː r	*spurăn	s p oː r ( - - )	spoːr	spoor	20	Dutch				spur	*spurăn	249
70	s p ɜː r	*spurăn	s p ɜː r ( - - )	spɜːr	spur	20	English				spur	*spurăn	249
69	ʃ p ɔ r n	*spurăn	ʃ p ɔ r ( - n )	ʃpɔrn	Sporn	20	German				spur	*spurăn	249
1405	s t ɑ f	*stabiz	s t ɑ f ( - - )	stɑf	staf	384	Dutch				staff	*stabiz	250
1404	s t ɑː f	*stabiz	s t ɑː f ( - - )	stɑːf	staff	384	English				staff	*stabiz	250
1403	ʃ t aː p	*stabiz	ʃ t aː b ( - - )	ʃtaːp	Stab	384	German				staff	*stabiz	250
30	s t aː r t	*stertăz	s t aː r t ( - - )	staːrt	staart	8	Dutch				start	*stertăz	251
29	s t ɑː t	*stertăz	s t ɑː - t ( - - )	stɑːt	start	8	English				start	*stertăz	251
28	ʃ t ɛ r ts	*stertăz	ʃ t ɛ r ts ( - - )	ʃtɛrt͡s	Sterz	8	German				start	*stertăz	251
322	s t ɛ r v ə	*sterbanăn	s t ɛ r v ə - - -	stɛrvə	sterven	89	Dutch				starve	*sterbanăn	252
321	s t ɑː v	*sterbanăn	s t ɑː - v - - - -	stɑːv	starve	89	English				starve	*sterbanăn	252
320	ʃ t ɛ r b ə n	*sterbanăn	ʃ t ɛ r b ə n - -	ʃtɛrbən	sterben	89	German				starve	*sterbanăn	252
460	s t eː l ə	*stelanăn	s t eː l ə - ( - - )	steːlə	stelen	126	Dutch				steal	*stelanăn	253
459	s t iː l	*stelanăn	s t iː l - - ( - - )	stiːl	steal	126	English				steal	*stelanăn	253
458	ʃ t eː l ə n	*stelanăn	ʃ t eː l ə n ( - - )	ʃteːlən	stehlen	126	German				steal	*stelanăn	253
1627	s t ɑ m	*stamnăz	s t ɑ m ( - - - )	stɑm	stam	446	Dutch				stem	*stamnăz	254
1626	s t ɛ m	*stamnăz	s t ɛ m ( - - - )	stɛm	stem	446	English				stem	*stamnăz	254
1625	ʃ t a m	*stamnăz	ʃ t a m ( - - - )	ʃtam	Stamm	446	German				stem	*stamnăz	254
1397	s t ɪ l ə	*stelljanăn	s t ɪ l - ə - ( - - )	stɪlə	stillen	382	Dutch				still	*stelljanăn	255
1396	s t ɪ l	*stelljanăn	s t ɪ l - - - ( - - )	stɪl	still	382	English				still	*stelljanăn	255
1395	ʃ t ɪ l ə n	*stelljanăn	ʃ t ɪ l - ə n ( - - )	ʃtɪlən	stillen	382	German				still	*stelljanăn	255
449	s t ɛ l t	*steltjōn	s t ɛ l t - - ( - )	stɛlt	stelt	123	Dutch				stilt	*steltjōn	256
448	s t ɪ l t	*steltjōn	s t ɪ l t - - ( - )	stɪlt	stilt	123	English				stilt	*steltjōn	256
447	ʃ t ɛ l ts ə	*steltjōn	ʃ t ɛ l ts - ə ( - )	ʃtɛlt͡sə	Stelze	123	German				stilt	*steltjōn	256
1902	s t ɔ k	*stukkăz	s t ɔ k ( - - )	stɔk	stok	521	Dutch				stock	*stukkăz	257
1901	s t ɔ k	*stukkăz	s t ɔ k ( - - )	stɔk	stock	521	English				stock	*stukkăz	257
1900	ʃ t ɔ k	*stukkăz	ʃ t ɔ k ( - - )	ʃtɔk	Stock	521	German				stock	*stukkăz	257
1416	s t eː n	*stainăz	s t eː n ( - - )	steːn	steen	387	Dutch				stone	*stainăz	258
1415	s t əʊ n	*stainăz	s t əʊ n ( - - )	stəʊn	stone	387	English				stone	*stainăz	258
1414	ʃ t ai n	*stainăz	ʃ t ai n ( - - )	ʃtain	Stein	387	German				stone	*stainăz	258
1895	s t uː l	*stōlăz	s t uː l ( - - )	stuːl	stoel	519	Dutch				stool	*stōlăz	259
1894	s t uː l	*stōlăz	s t uː l ( - - )	stuːl	stool	519	English				stool	*stōlăz	259
1893	ʃ t uː l	*stōlăz	ʃ t uː l ( - - )	ʃtuːl	Stuhl	519	German				stool	*stōlăz	259
594	s t ɔː k	*sturkăz	s t ɔː - k ( - - )	stɔːk	stork	163	English				stork	*sturkăz	358
593	ʃ t ɔ r x	*sturkăz	ʃ t ɔ r x ( - - )	ʃtɔrx	Storch	163	German				stork	*sturkăz	358
672	s t ɔ r m	*sturmăz	s t ɔ r m ( - - )	stɔrm	storm	184	Dutch				storm	*sturmăz	260
671	s t ɔː m	*sturmăz	s t ɔː - m ( - - )	stɔːm	storm	184	English				storm	*sturmăz	260
670	ʃ t ʊ r m	*sturmăz	ʃ t ʊ r m ( - - )	ʃtʊrm	Sturm	184	German				storm	*sturmăz	260
1255	s t r oː	*strawăn	s t r oː ( - - - )	stroː	stro	344	Dutch				straw	*strawăn	261
1254	s t r ɔː	*strawăn	s t r ɔː ( - - - )	strɔː	straw	344	English				straw	*strawăn	261
1253	ʃ t r oː	*strawăn	ʃ t r oː ( - - - )	ʃtroː	Stroh	344	German				straw	*strawăn	261
1363	s t r oː m	*straumăz	s t r oː m ( - - )	stroːm	stroom	373	Dutch				stream	*straumăz	262
1362	s t r iː m	*straumăz	s t r iː m ( - - )	striːm	stream	373	English				stream	*straumăz	262
1361	ʃ t r oː m	*straumăz	ʃ t r oː m ( - - )	ʃtroːm	Strom	373	German				stream	*straumăz	262
733	s t r ɛ k ə	*strakkjanăn	s t r ɛ k - ə - ( - - )	strɛkə	strekken	201	Dutch				stretch	*strakkjanăn	263
732	s t r ɛ ʧ	*strakkjanăn	s t r ɛ ʧ - - - ( - - )	strɛʧ	stretch	201	English				stretch	*strakkjanăn	263
731	ʃ t r ɛ k ə n	*strakkjanăn	ʃ t r ɛ k - ə n ( - - )	ʃtrɛkən	strecken	201	German				stretch	*strakkjanăn	263
359	s t r oː j ə	*strawjanăn	s t r oː - j ə - ( - - )	stroːjə	strooien	99	Dutch				strew	*strawjanăn	264
358	s t r uː	*strawjanăn	s t r uː - - - - ( - - )	struː	strew	99	English				strew	*strawjanăn	264
357	ʃ t r ɔy ə n	*strawjanăn	ʃ t r ɔy - - ə n ( - - )	ʃtrɔyən	streuen	99	German				strew	*strawjanăn	264
495	s t r ɛ ŋ	*strangiz	s t r ɛ ŋ - ( - - )	strɛŋ	streng	135	Dutch				string	*strangiz	265
494	s t r ɪ ŋ	*strangiz	s t r ɪ ŋ - ( - - )	strɪŋ	string	135	English				string	*strangiz	265
493	ʃ t r a ŋ	*strangiz	ʃ t r a ŋ - ( - - )	ʃtraŋ	Strang	135	German				string	*strangiz	265
607	s t ʌ d	*stōdăn	s t ʌ d - ( - )	stʌd	stud	167	English				stud	*stōdăn	359
606	ʃ t uː t ə	*stōdăn	ʃ t uː t ə ( - )	ʃtuːtə	Stute	167	German				stud	*stōdăn	359
1872	z oː m ə r	*sumerăz	z oː m ə r ( - - )	zoːmər	zomer	513	Dutch				summer	*sumerăz	266
1871	s ʌ m ə r	*sumerăz	s ʌ m ə r ( - - )	sʌmər	summer	513	English				summer	*sumerăz	266
1870	z ɔ m ə r	*sumerăz	z ɔ m ə r ( - - )	zɔmər	Sommer	513	German				summer	*sumerăz	266
1758	z ɔ n	*sunnōn	z ɔ n ( - - )	zɔn	zon	481	Dutch				sun	*sunnōn	267
1757	s ʌ n	*sunnōn	s ʌ n ( - - )	sʌn	sun	481	English				sun	*sunnōn	267
1756	z ɔ n ə	*sunnōn	z ɔ n ( ə - )	zɔnə	Sonne	481	German				sun	*sunnōn	267
1656	ɑ f s ɔ n d ə r ə	*sundrōjanăn	( ɑ f ) s ɔ n d ə r ( ə - - - - - )	ɑfsɔndərə	afzonderen	454	Dutch				sunder	*sundrōjanăn	268
1655	s ʌ n d ə r	*sundrōjanăn	( - - ) s ʌ n d ə r ( - - - - - - )	sʌndər	sunder	454	English				sunder	*sundrōjanăn	268
1654	z ɔ n d ə r n	*sundrōjanăn	( - - ) z ɔ n d ə r ( - n - - - - )	zɔndərn	sondern	454	German				sunder	*sundrōjanăn	268
1367	z œy p ə	*sūpanăn	z œy p ə - ( - - )	zœypə	zuipen	374	Dutch				sup	*sūpanăn	269
1366	s ʌ p	*sūpanăn	s ʌ p - - ( - - )	sʌp	sup	374	English				sup	*sūpanăn	269
1365	z au f ə n	*sūpanăn	z au f ə n ( - - )	zaufən	saufen	374	German				sup	*sūpanăn	269
1283	z ʋ aː l yː ʋ	*swalgwōn	z ʋ aː l ( yː ʋ - - )	zʋaːlyːʋ	zwaluw	352	Dutch				swallow	*swalgwōn	270
1282	s ʋ ɔ l əʊ	*swalgwōn	s ʋ ɔ l ( əʊ - - - )	sʋɔləʊ	swallow	352	English				swallow	*swalgwōn	270
1281	ʃ v a l b ə	*swalgwōn	ʃ v a l ( - b ə - )	ʃvalbə	Schwalbe	352	German				swallow	*swalgwōn	270
1630	s ʋ ɔ n	*swanăz	s ʋ ɔ n ( - - )	sʋɔn	swan	447	English				swan	*swanăz	360
1629	ʃ v aː n	*swanăz	ʃ v aː n ( - - )	ʃvaːn	Schwan	447	German				swan	*swanăz	360
679	s ʋ ɛ l	*swellanăn	s ʋ ɛ l - - ( - - )	sʋɛl	swell	186	English				swell	*swellanăn	361
678	ʃ v ɛ l ə n	*swellanăn	ʃ v ɛ l ə n ( - - )	ʃvɛlən	schwellen	186	German				swell	*swellanăn	361
985	z ʋ ɛ m ə	*swemmanăn	z ʋ ɛ m ə - ( - - )	zʋɛmə	zwemmen	270	Dutch				swim	*swemmanăn	271
984	s ʋ ɪ m	*swemmanăn	s ʋ ɪ m - - ( - - )	sʋɪm	swim	270	English				swim	*swemmanăn	271
983	ʃ v ɪ m ə n	*swemmanăn	ʃ v ɪ m ə n ( - - )	ʃvɪmən	schwimmen	270	German				swim	*swemmanăn	271
1078	z ʋ ɛɪ n	*swīnăn	z ʋ ɛɪ n ( - - )	zʋɛɪn	zwijn	295	Dutch				swine	*swīnăn	272
1077	s ʋ aɪ n	*swīnăn	s ʋ aɪ n ( - - )	sʋaɪn	swine	295	English				swine	*swīnăn	272
1076	ʃ v ai n	*swīnăn	ʃ v ai n ( - - )	ʃvain	Schwein	295	German				swine	*swīnăn	272
209	z ʋ aː r t	*swerdăn	z ʋ aː r t ( - - )	zʋaːrt	zwaard	58	Dutch				sword	*swerdăn	273
208	s ɔː d	*swerdăn	s - ɔː - d ( - - )	sɔːd	sword	58	English				sword	*swerdăn	273
207	ʃ v eː r t	*swerdăn	ʃ v eː r t ( - - )	ʃveːrt	Schwert	58	German				sword	*swerdăn	273
330	t ɑ p	*tappōn	t ɑ p - ( - )	tɑp	tap	91	Dutch				tap	*tappōn	274
329	t æ p	*tappōn	t æ p - ( - )	tæp	tap	91	English				tap	*tappōn	274
328	ts a pf ə n	*tappōn	ts a pf ə ( n )	t͡sap͡fən	Zapfen	91	German				tap	*tappōn	274
1389	t oː m	*tauxmăz	t oː - m ( - - )	toːm	toom	380	Dutch				team	*tauxmăz	275
1388	t iː m	*tauxmăz	t iː - m ( - - )	tiːm	team	380	English				team	*tauxmăz	275
1387	ts au m	*tauxmăz	ts au - m ( - - )	t͡saum	Zaum	380	German				team	*tauxmăz	275
863	t iː n	*texun	t iː - - n	tiːn	tien	237	Dutch				ten	*texun	276
862	t ɛ n	*texun	t ɛ - - n	tɛn	ten	237	English				ten	*texun	276
861	ts eː n	*texun	ts eː - - n	t͡seːn	zehn	237	German				ten	*texun	276
1804	θ eɪ n	*θegnăz	θ eɪ - - n ( - - )	θeɪn	thane	494	English				thane	*θegnăz	362
1803	d eː ɡ ə n	*θegnăz	d eː ɡ ə n ( - - )	deːɡən	Degen	494	German				thane	*θegnăz	362
1198	d ɑ ŋ k	*θankăz	d ɑ ŋ k ( - - )	dɑŋk	dank	328	Dutch	!			thanks	*θankăz	277
1197	θ æ ŋ k s	*θankăz	θ æ ŋ k ( - s )	θæŋks	thanks	328	English	!			thanks	*θankăz	277
1196	d a ŋ k	*θankăz	d a ŋ k ( - - )	daŋk	Dank	328	German				thanks	*θankăz	277
952	d ɑ k	*θakăn	d ɑ k ( - - )	dɑk	dak	261	Dutch				thatch	*θakăn	278
951	θ æ ʧ	*θakăn	θ æ ʧ ( - - )	θæʧ	thatch	261	English				thatch	*θakăn	278
950	d a x	*θakăn	d a x ( - - )	dax	Dach	261	German				thatch	*θakăn	278
652	d iː f	*θeubăz	d iː f ( - - )	diːf	dief	179	Dutch				thief	*θeubăz	279
651	θ iː f	*θeubăz	θ iː f ( - - )	θiːf	thief	179	English				thief	*θeubăz	279
650	d iː p	*θeubăz	d iː b ( - - )	diːp	Dieb	179	German				thief	*θeubăz	279
715	d ɪ ŋ	*θengăz	d ɪ ŋ - ( - - )	dɪŋ	ding	196	Dutch				thing	*θengăz	280
714	θ ɪ ŋ	*θengăz	θ ɪ ŋ - ( - - )	θɪŋ	thing	196	English				thing	*θengăz	280
713	d ɪ ŋ	*θengăz	d ɪ ŋ - ( - - )	dɪŋ	Ding	196	German				thing	*θengăz	280
355	d ɛ ŋ k ə	*θankăz	d ɛ ŋ k ( ə - )	dɛŋkə	denken	98	Dutch	!			think	*θankăz	281
354	θ ɪ ŋ k	*θankăz	θ ɪ ŋ k ( - - )	θɪŋk	think	98	English	!			think	*θankăz	281
353	d ɛ ŋ k ə n	*θankăz	d ɛ ŋ k ( ə n )	dɛŋkən	denken	98	German				think	*θankăz	281
67	d ɔ r s t	*θurstuz	d ɔ r s t ( - - )	dɔrst	dorst	19	Dutch				thirst	*θurstuz	282
66	θ ɜː s t	*θurstuz	θ ɜː - s t ( - - )	θɜːst	thirst	19	English				thirst	*θurstuz	282
65	d ʊ r s t	*θurstuz	d ʊ r s t ( - - )	dʊrst	Durst	19	German				thirst	*θurstuz	282
1716	d ɪ s t ə l	*θestilăz	d ɪ s t ə l ( - - )	dɪstəl	distel	470	Dutch				thistle	*θestilăz	283
1715	θ ɪ s ə l	*θestilăz	θ ɪ s - ə l ( - - )	θɪsḷ	thistle	470	English				thistle	*θestilăz	283
1714	d ɪ s t ə l	*θestilăz	d ɪ s t ə l ( - - )	dɪstəl	Distel	470	German				thistle	*θestilăz	283
1660	d oː r n	*θurnuz	d oː r n ( - - )	doːrn	doorn	455	Dutch				thorn	*θurnuz	284
1659	θ ɔː n	*θurnuz	θ ɔː - n ( - - )	θɔːn	thorn	455	English				thorn	*θurnuz	284
1658	d ɔ r n	*θurnuz	d ɔ r n ( - - )	dɔrn	Dorn	455	German				thorn	*θurnuz	284
427	d œy z ə n t	*θūs-undī	d œy z ( - ) ə n t ( - )	dœyzənt	duizend	117	Dutch				thousand	*θūs-undī	285
426	θ aʊ z ə n d	*θūs-undī	θ aʊ z ( - ) ə n d ( - )	θaʊzṇd	thousand	117	English				thousand	*θūs-undī	285
425	t au z ə n d	*θūs-undī	t au z ( - ) ə n d ( - )	tauzənt	tausend	117	German				thousand	*θūs-undī	285
1351	d ɔ r s ə	*θreskanăn	d ɔ r - s - ə - ( - - )	dɔrsə	dorsen	370	Dutch				thrash	*θreskanăn	286
1350	θ r æ ʃ	*θreskanăn	θ - r æ ʃ - - - ( - - )	θræʃ	thrash	370	English				thrash	*θreskanăn	286
1349	d r ɛ ʃ ə n	*θreskanăn	d - r ɛ ʃ - ə n ( - - )	drɛʃən	dreschen	370	German				thrash	*θreskanăn	286
228	d r iː	*θrejez	d r iː - ( - - )	driː	drie	63	Dutch				three	*θrejez	287
227	θ r iː	*θrejez	θ r iː - ( - - )	θriː	three	63	English				three	*θrejez	287
226	d r ai	*θrejez	d r ai - ( - - )	drai	drei	63	German				three	*θrejez	287
550	d ɔ n d ə r	*θunrăz	d ɔ n d ə r ( - - )	dɔndər	donder	150	Dutch				thunder	*θunrăz	288
549	θ ʌ n d ə r	*θunrăz	θ ʌ n d ə r ( - - )	θʌndər	thunder	150	English				thunder	*θunrăz	288
548	d ɔ n ə r	*θunrăz	d ɔ n - ə r ( - - )	dɔnər	Donner	150	German				thunder	*θunrăz	288
981	t eː k	*tikkōn	t eː k ( - - )	teːk	teek	269	Dutch				tick	*tikkōn	289
980	t ɪ k	*tikkōn	t ɪ k ( - - )	tɪk	tick	269	English				tick	*tikkōn	289
979	ts ɛ k ə	*tikkōn	ts ɛ k ( ə - )	t͡sɛkə	Zecke	269	German				tick	*tikkōn	289
960	t ɛɪ t	*tīdiz	t ɛɪ t ( - - )	tɛɪt	tijd	263	Dutch				tide	*tīdiz	290
959	t aɪ d	*tīdiz	t aɪ d ( - - )	taɪd	tide	263	English				tide	*tīdiz	290
958	ts ai t	*tīdiz	ts ai t ( - - )	t͡sait	Zeit	263	German				tide	*tīdiz	290
814	t ɪ m b ə r	*temrăn	t ɪ m b ə r ( - - )	tɪmbər	timber	223	English				timber	*temrăn	363
813	ts ɪ m ə r	*temrăn	ts ɪ m - ə r ( - - )	t͡sɪmər	Zimmer	223	German				timber	*temrăn	363
1723	t eː n	*taixwō	t eː ( - - n )	teːn	teen	472	Dutch				toe	*taixwō	291
1722	t əʊ	*taixwō	t əʊ ( - - - )	təʊ	toe	472	English				toe	*taixwō	291
1721	ts eː ə	*taixwō	ts eː ( - ə - )	t͡seːə	Zehe	472	German				toe	*taixwō	291
1592	t eː k ə	*taiknăn	t eː k ə - ( - - )	teːkə	teken	436	Dutch				token	*taiknăn	292
1591	t əʊ k ə n	*taiknăn	t əʊ k ə n ( - - )	təʊkən	token	436	English				token	*taiknăn	292
1590	ts ai x ə n	*taiknăn	ts ai x ə n ( - - )	t͡saixən	Zeichen	436	German				token	*taiknăn	292
1205	t ɑ ŋ	*tangō	t ɑ ŋ - ( - - )	tɑŋ	tang	330	Dutch				tongs	*tangō	293
1204	t ɔ ŋ z	*tangō	t ɔ ŋ - ( - z )	tɔŋz	tongs	330	English				tongs	*tangō	293
1203	ts a ŋ ə	*tangō	ts a ŋ - ( ə - )	t͡saŋə	Zange	330	German				tongs	*tangō	293
1676	t ɔ ŋ	*tungōn	t ɔ ŋ - - ( - )	tɔŋ	tong	459	Dutch				tongue	*tungōn	294
1675	t ʌ ŋ	*tungōn	t ʌ ŋ - - ( - )	tʌŋ	tongue	459	English				tongue	*tungōn	294
1674	ts ʊ ŋ ə	*tungōn	ts ʊ ŋ - ə ( - )	t͡sʊŋə	Zunge	459	German				tongue	*tungōn	294
1742	t œy n	*tūnăn	t œy n ( - - )	tœyn	tuin	477	Dutch				town	*tūnăn	295
1741	t aʊ n	*tūnăn	t aʊ n ( - - )	taʊn	town	477	English				town	*tūnăn	295
1740	ts au n	*tūnăn	ts au n ( - - )	t͡saun	Zaun	477	German				town	*tūnăn	295
1684	t r eː d ə	*tredanăn	t r eː d ə - ( - - )	treːdə	treden	461	Dutch				tread	*tredanăn	296
1683	t r ɛ d	*tredanăn	t r ɛ d - - ( - - )	trɛd	tread	461	English				tread	*tredanăn	296
1682	t r eː t ə n	*tredanăn	t r eː t ə n ( - - )	treːtən	treten	461	German				tread	*tredanăn	296
1218	t r ɔ f	*trugăn	t r ɔ f ( - - )	trɔf	trough	334	English				trough	*trugăn	364
1217	t r oː k	*trugăn	t r oː k ( - - )	troːk	Trog	334	German				trough	*trugăn	364
656	ʋ aː d ə	*wadanăn	ʋ aː d ə - ( - - )	ʋaːdə	waden	180	Dutch				wade	*wadanăn	297
655	ʋ eɪ d	*wadanăn	ʋ eɪ d - - ( - - )	ʋeɪd	wade	180	English				wade	*wadanăn	297
654	v aː t ə n	*wadanăn	v aː t ə n ( - - )	vaːtən	waten	180	German				wade	*wadanăn	297
637	ʋ aː ɣ ə	*wagnăz	ʋ aː ɣ ə - ( - - )	ʋaːɣə	wagen	175	Dutch				wain	*wagnăz	298
636	ʋ eɪ n	*wagnăz	ʋ eɪ - - n ( - - )	ʋeɪn	wain	175	English				wain	*wagnăz	298
635	v aː ɡ ə n	*wagnăz	v aː ɡ ə n ( - - )	vaːɡən	Wagen	175	German				wain	*wagnăz	298
1041	ʋ aː k ə	*wakēnăn	ʋ aː k ə - ( - - )	ʋaːkə	waken	285	Dutch				wake	*wakēnăn	299
1040	ʋ eɪ k	*wakēnăn	ʋ eɪ k - - ( - - )	ʋeɪk	wake	285	English				wake	*wakēnăn	299
1039	v a x ə n	*wakēnăn	v a x ə n ( - - )	vaxən	wachen	285	German				wake	*wakēnăn	299
1769	ʋ ɛ r f	*warpăn	ʋ ɛ r f ( - - )	ʋɛrf	werf	484	Dutch				warp	*warpăn	300
1562	ʋ ɛ r p ə	*werpanăn	ʋ ɛ r p ə - ( - - )	ʋɛrpə	werpen	428	Dutch				warp	*werpanăn	300
1768	ʋ ɔː p	*warpăn	ʋ ɔː - p ( - - )	ʋɔːp	warp	484	English				warp	*warpăn	300
1561	ʋ ɔː p	*werpanăn	ʋ ɔː - p - - ( - - )	ʋɔːp	warp	428	English				warp	*werpanăn	300
1767	v ɛ r f t	*warpăn	v ɛ r f ( t - )	vɛrft	Werft	484	German				warp	*warpăn	300
1560	v ɛ r f ə n	*werpanăn	v ɛ r f ə n ( - - )	vɛrfən	werfen	428	German				warp	*werpanăn	300
1173	ʋ r ɑ t	*warto	ʋ - r ɑ t -	ʋrɑt	wrat	321	Dutch				wart	*warto	301
1172	ʋ ɔː t	*warto	ʋ ɔː - - t -	ʋɔːt	wart	321	English				wart	*warto	301
1171	v a r ts ə	*warto	v a r - ts ə	vart͡sə	Warze	321	German				wart	*warto	301
1001	ʋ ɑ s ə	*waskanăn	ʋ ɑ s - ə - ( - - )	ʋɑsə	wassen	274	Dutch				wash	*waskanăn	302
1000	ʋ ɔ ʃ	*waskanăn	ʋ ɔ ʃ - - - ( - - )	ʋɔʃ	wash	274	English				wash	*waskanăn	302
999	v a ʃ ə n	*waskanăn	v a ʃ - ə n ( - - )	vaʃən	waschen	274	German				wash	*waskanăn	302
1279	ʋ ɛ s p	*wabsăz	ʋ ɛ s p - ( - - )	ʋɛsp	wesp	351	Dutch				wasp	*wabsăz	303
1278	ʋ ɔ s p	*wabsăz	ʋ ɔ s p - ( - - )	ʋɔsp	wasp	351	English				wasp	*wabsăz	303
1277	v ɛ s p ə	*wabsăz	v ɛ s p - ( ə - )	vɛspə	Wespe	351	German				wasp	*wabsăz	303
1132	ʋ aː t ə r	*watnăn	ʋ aː t ə r	ʋaːtər	water	310	Dutch				water	*watnăn	304
1131	ʋ ɔː t ə r	*watnăn	ʋ ɔː t ə r	ʋɔːtər	water	310	English				water	*watnăn	304
1130	v a s ə r	*watnăn	v a s ə r	vasər	Wasser	310	German				water	*watnăn	304
849	ʋ ɑ s	*waxsăn	ʋ ɑ - s ( - - )	ʋɑs	was	233	Dutch				wax	*waxsăn	305
696	ʋ ɑ s ə	*waxsanăn	ʋ ɑ - s ə - ( - - )	ʋɑsə	wassen	191	Dutch				wax	*waxsanăn	305
848	ʋ æ k s	*waxsăn	ʋ æ k s ( - - )	ʋæks	wax	233	English				wax	*waxsăn	305
695	ʋ æ k s	*waxsanăn	ʋ æ k s - - ( - - )	ʋæks	wax	191	English				wax	*waxsanăn	305
847	v a k s	*waxsăn	v a k s ( - - )	vaks	Wachs	233	German				wax	*waxsăn	305
694	v a k s ə n	*waxsanăn	v a k s ə n ( - - )	vaksən	wachsen	191	German				wax	*waxsanăn	305
1883	ʋ ɛ x	*wegăz	ʋ ɛ x ( - - )	ʋɛx	weg	516	Dutch				way	*wegăz	306
1882	ʋ eɪ	*wegăz	ʋ eɪ - ( - - )	ʋeɪ	way	516	English				way	*wegăz	306
1881	v eː k	*wegăz	v eː k ( - - )	veːk	Weg	516	German				way	*wegăz	306
676	ʋ aː p ə	*wēpnăn	ʋ aː p - ə -	ʋaːpə	wapen	185	Dutch				weapon	*wēpnăn	307
675	ʋ ɛ p ə n	*wēpnăn	ʋ ɛ p - ə n	ʋɛpən	weapon	185	English				weapon	*wēpnăn	307
674	v a f ə	*wēpnăn	v a f - ə -	vafə	Waffe	185	German				weapon	*wēpnăn	307
1494	ʋ eː z ə l	*weslon	ʋ eː z ə l ( - - )	ʋeːzəl	wezel	409	Dutch				weasel	*weslon	308
1493	ʋ iː z ə l	*weslon	ʋ iː z ə l ( - - )	ʋiːzḷ	weasel	409	English				weasel	*weslon	308
1492	v iː z ə l	*weslon	v iː z ə l ( - - )	viːzəl	Wiesel	409	German				weasel	*weslon	308
660	ʋ eː d ə r	*wedrăn	ʋ eː d ə r ( - - )	ʋeːdər	weder	181	Dutch				weather	*wedrăn	309
659	ʋ ɛ ð ə r	*wedrăn	ʋ ɛ ð ə r ( - - )	ʋɛðər	weather	181	English				weather	*wedrăn	309
658	v ɛ t ə r	*wedrăn	v ɛ t ə r ( - - )	vɛtər	Wetter	181	German				weather	*wedrăn	309
1932	ʋ eː v ə	*webanăn	ʋ eː v ə - ( - - )	ʋeːvə	weven	530	Dutch				weave	*webanăn	310
1931	ʋ iː v	*webanăn	ʋ iː v - - ( - - )	ʋiːv	weave	530	English				weave	*webanăn	310
1930	v eː b ə n	*webanăn	v eː b ə n ( - - )	veːbən	weben	530	German				weave	*webanăn	310
1321	ʋ ɛ s t ə	*westănē	ʋ ɛ s t ə - ( - )	ʋɛstə	westen	362	Dutch				west	*westănē	311
1320	ʋ ɛ s t	*westănē	ʋ ɛ s t - - ( - )	ʋɛst	west	362	English				west	*westănē	311
1319	v ɛ s t ə n	*westănē	v ɛ s t ə n ( - )	vɛstən	Westen	362	German				west	*westănē	311
1121	ʋ eː d ə r	*wiθră	ʋ eː d ə r ( - )	ʋeːdər	weder	307	Dutch				wether	*wiθră	312
1120	ʋ ɛ ð ə r	*wiθră	ʋ ɛ ð ə r ( - )	ʋɛðər	wether	307	English				wether	*wiθră	312
1119	v ɪ d ə r	*wiθră	v ɪ d ə r ( - )	vɪdər	Widder	307	German				wether	*wiθră	312
413	ʋ ɑ l	*walăz	ʋ ɑ l ( - - )	ʋɑl	wal	113	Dutch				whale	*walăz	313
412	ʋ eɪ l	*walăz	ʋ eɪ l ( - - )	ʋeɪl	whale	113	English				whale	*walăz	313
411	v aː l	*walăz	v aː l ( - - )	vaːl	Wal	113	German				whale	*walăz	313
1787	ʋ ɛɪ l	*xwīlō	ʋ ɛɪ l ( - )	ʋɛɪl	wijl	489	Dutch				while	*xwīlō	314
1786	ʋ aɪ l	*xwīlō	ʋ aɪ l ( - )	ʋaɪl	while	489	English				while	*xwīlō	314
1785	v ai l ə	*xwīlō	v ai l ( ə )	vailə	Weile	489	German				while	*xwīlō	314
689	ʋ aɪ n	*wainōjanăn	ʋ aɪ n - - - - - -	ʋaɪn	whine	189	English				whine	*wainōjanăn	365
688	v ai n ə n	*wainōjanăn	v ai n - - ə n - -	vainən	weinen	189	German				whine	*wainōjanăn	365
1236	h uː r	*xōrōn	h uː r - ( - )	huːr	hoer	339	Dutch				whore	*xōrōn	315
1235	h ɔː r	*xōrōn	h ɔː r - ( - )	hɔːr	whore	339	English				whore	*xōrōn	315
1234	h uː r ə	*xōrōn	h uː r ə ( - )	huːrə	Hure	339	German				whore	*xōrōn	315
197	ʋ eː d yː ʋ ə	*widuwōn	ʋ eː d yː ʋ ə ( - )	ʋeːdyːʋə	weduwe	55	Dutch				widow	*widuwōn	316
196	ʋ ɪ d əʊ	*widuwōn	ʋ ɪ d əʊ - - ( - )	ʋɪdəʊ	widow	55	English				widow	*widuwōn	316
195	v ɪ t v ə	*widuwōn	v ɪ t - v ə ( - )	vɪtvə	Witwe	55	German				widow	*widuwōn	316
1265	ʋ iː l d	*waldanăn	ʋ iː l d - - ( - - )	ʋiːld	wield	347	English				wield	*waldanăn	366
1264	v a l t ə n	*waldanăn	v a l t ə n ( - - )	valtən	walten	347	German				wield	*waldanăn	366
4	ʋ ɛɪ f	*wībăn	ʋ ɛɪ f ( - - )	ʋɛɪf	wijf	538	Dutch				wife	*wībăn	317
3	ʋ aɪ f	*wībăn	ʋ aɪ f ( - - )	ʋaɪf	wife	538	English				wife	*wībăn	317
2	v ai p	*wībăn	v ai b ( - - )	vaip	Weib	538	German				wife	*wībăn	317
1106	ʋ aɪ t	*wextiz	ʋ aɪ - t ( - - )	ʋaɪt	wight	303	English				wight	*wextiz	367
1105	v ɪ x t	*wextiz	v ɪ x t ( - - )	vɪxt	Wicht	303	German				wight	*wextiz	367
1664	ʋ ɪ l ə	*waljanăn	ʋ ɪ l - ə - ( - - )	ʋɪlə	willen	456	Dutch				will	*waljanăn	318
217	ʋ ɪ l	*weljōn	ʋ ɪ l - - ( - )	ʋɪl	wil	60	Dutch				will	*weljōn	318
1663	ʋ ɪ l	*waljanăn	ʋ ɪ l - - - ( - - )	ʋɪl	will	456	English				will	*waljanăn	318
216	ʋ ɪ l	*weljōn	ʋ ɪ l - - ( - )	ʋɪl	will	60	English				will	*weljōn	318
1662	v ɔ l ə n	*waljanăn	v ɔ l - ə n ( - - )	vɔlən	wollen	456	German				will	*waljanăn	318
215	v ɪ l ə	*weljōn	v ɪ l - ə ( - )	vɪlə	Wille	60	German				will	*weljōn	318
900	ʋ ɪ n d ə	*wendanăn	ʋ ɪ n d ə - ( - - )	ʋɪndə	winden	247	Dutch				wind	*wendanăn	319
899	ʋ ɪ n d	*wendanăn	ʋ ɪ n d - - ( - - )	ʋɪnd	wind	247	English				wind	*wendanăn	319
898	v ɪ n d ə n	*wendanăn	v ɪ n d ə n ( - - )	vɪndən	winden	247	German				wind	*wendanăn	319
277	ʋ ɪ n t ə r	*wentruz	ʋ ɪ n t ə r ( - - )	ʋɪntər	winter	76	Dutch				winter	*wentruz	320
276	ʋ ɪ n t ə r	*wentruz	ʋ ɪ n t ə r ( - - )	ʋɪntər	winter	76	English				winter	*wentruz	320
275	v ɪ n t ə r	*wentruz	v ɪ n t ə r ( - - )	vɪntər	Winter	76	German				winter	*wentruz	320
1272	ʋ ɛɪ d ə	*waiθiz	ʋ ɛɪ d ( ə - )	ʋɛɪdə	weide	349	Dutch				withy	*waiθiz	321
1271	ʋ ɪ ð ɪ	*waiθiz	ʋ ɪ ð ( ɪ - )	ʋɪðɪ	withy	349	English				withy	*waiθiz	321
1270	v ai d ə	*waiθiz	v ai d ( ə - )	vaidə	Weide	349	German				withy	*waiθiz	321
704	ʋ ɑu t	*walθuz	ʋ ɑu - t ( - - )	ʋɑut	woud	193	Dutch				wold	*walθuz	322
703	ʋ əʊ l d	*walθuz	ʋ əʊ l d ( - - )	ʋəʊld	wold	193	English				wold	*walθuz	322
702	v a l t	*walθuz	v a l d ( - - )	valt	Wald	193	German				wold	*walθuz	322
1527	ʋ ɔ l f	*wulfăz	ʋ ɔ l f ( - - )	ʋɔlf	wolf	418	Dutch				wolf	*wulfăz	323
1526	ʋ ʊ l f	*wulfăz	ʋ ʊ l f ( - - )	ʋʊlf	wolf	418	English				wolf	*wulfăz	323
1525	v ɔ l f	*wulfăz	v ɔ l f ( - - )	vɔlf	Wolf	418	German				wolf	*wulfăz	323
1051	ʋ ɔ n d ə r	*wundrăn	ʋ ɔ n d ə r ( - - )	ʋɔndər	wonder	288	Dutch	MT			wonder	*wundrăn	324
1050	ʋ ʌ n d ə r	*wundrăn	ʋ ʌ n d ə r ( - - )	ʋʌndər	wonder	288	English	MT			wonder	*wundrăn	324
1049	v ʊ n d ə r	*wundrăn	v ʊ n d ə r ( - - )	vʊndər	Wunder	288	German	MT			wonder	*wundrăn	324
1486	ʋ ɔ l	*wullo	ʋ ɔ l -	ʋɔl	wol	407	Dutch				wool	*wullo	325
1485	ʋ ʊ l	*wullo	ʋ ʊ l -	ʋʊl	wool	407	English				wool	*wullo	325
1484	v ɔ l ə	*wullo	v ɔ l ə	vɔlə	Wolle	407	German				wool	*wullo	325
235	ʋ oː r t	*wurdăn	ʋ oː r t ( - - )	ʋoːrt	woord	65	Dutch				word	*wurdăn	326
234	ʋ ɜː d	*wurdăn	ʋ ɜː - d ( - - )	ʋɜːd	word	65	English				word	*wurdăn	326
233	v ɔ r t	*wurdăn	v ɔ r t ( - - )	vɔrt	Wort	65	German				word	*wurdăn	326
1558	ʋ eː r ə l t	*wira-aldiz	ʋ eː r ə l t ( - - )	ʋeːrəlt	wereld	427	Dutch				world	*wira-aldiz	327
1557	ʋ ɜː l d	*wira-aldiz	ʋ ɜː - - l d ( - - )	ʋɜːld	world	427	English				world	*wira-aldiz	327
1556	v ɛ l t	*wira-aldiz	v ɛ - - l t ( - - )	vɛlt	Welt	427	German				world	*wira-aldiz	327
1128	ʋ ɔ r m	*wurmaz/wurmiz	ʋ ɔ r m ( - - )	ʋɔrm	worm	309	Dutch				worm	*wurmaz/wurmiz	328
1127	ʋ ɜː m	*wurmaz/wurmiz	ʋ ɜː - m ( - - )	ʋɜːm	worm	309	English				worm	*wurmaz/wurmiz	328
1126	v ʊ r m	*wurmaz/wurmiz	v ʊ r m ( - - )	vʊrm	Wurm	309	German				worm	*wurmaz/wurmiz	328
997	ʋ r ɪ ŋ ə	*wrenganăn	ʋ r ɪ ŋ - ə - ( - - )	ʋrɪŋə	wringen	273	Dutch				wring	*wrenganăn	329
996	r ɪ ŋ	*wrenganăn	- r ɪ ŋ - - - ( - - )	rɪŋ	wring	273	English				wring	*wrenganăn	329
995	r ɪ ŋ ə n	*wrenganăn	- r ɪ ŋ - ə n ( - - )	rɪŋən	ringen	273	German				wring	*wrenganăn	329
564	x aː r ə	*garnăn	x aː r - ( ə - )	xaːrə	garen	154	Dutch				yarn	*garnăn	330
563	j ɑː n	*garnăn	j ɑː - n ( - - )	jɑːn	yarn	154	English				yarn	*garnăn	330
562	ɡ a r n	*garnăn	ɡ a r n ( - - )	ɡarn	Garn	154	German				yarn	*garnăn	330
1022	j aː r	*jērăn	j aː r ( - - )	jaːr	jaar	280	Dutch				year	*jērăn	331
1021	j ɪə r	*jērăn	j ɪə r ( - - )	jɪər	year	280	English				year	*jērăn	331
1020	j aː r	*jērăn	j aː r ( - - )	jaːr	Jahr	280	German				year	*jērăn	331
831	j ʉ k	*jukăn	j ʉ k ( - - )	jʉk	juk	228	Dutch				yoke	*jukăn	332
830	j əʊ k	*jukăn	j əʊ k ( - - )	jəʊk	yoke	228	English				yoke	*jukăn	332
829	j ɔ x	*jukăn	j ɔ x ( - - )	jɔx	Joch	228	German				yoke	*jukăn	332
870	j øː x t	*jugunθiz	j øː x - - t ( - - )	jøːxt	jeugd	239	Dutch				youth	*jugunθiz	333
869	j uː θ	*jugunθiz	j uː - - - θ ( - - )	juːθ	youth	239	English				youth	*jugunθiz	333
868	j uː ɡ ə n t	*jugunθiz	j uː ɡ ə n d ( - - )	juːɡənt	Jugend	239	German				youth	*jugunθiz	333
